<?xml version="1.0" encoding="UTF-8"?><gpx xmlns="http://www.topografix.com/GPX/1/1" xmlns:xsi="http://www.w3.org/2001/XMLSchema-instance" version="1.1" creator="Polar Vantage M2" xsi:schemaLocation="http://www.topografix.com/GPX/1/1 http://www.topografix.com/GPX/1/1/gpx.xsd"><metadata><author><name>Polar</name></author><time>2025-11-20T12:17:20.266Z</time><bounds minlat="41.47373667" minlon="2.30378833" maxlat="41.47565333" maxlon="2.30862833"></bounds></metadata><trk><trkseg><trkpt lat="41.47534333" lon="2.30710667"><ele>-2.0</ele><time>2025-11-15T09:44:33.724Z</time></trkpt><trkpt lat="41.47534333" lon="2.30710667"><ele>-2.0</ele><time>2025-11-15T09:44:34.725Z</time></trkpt><trkpt lat="41.47533833" lon="2.30710833"><ele>-2.0</ele><time>2025-11-15T09:44:35.724Z</time></trkpt><trkpt lat="41.475335" lon="2.30710833"><ele>-2.0</ele><time>2025-11-15T09:44:36.725Z</time></trkpt><trkpt lat="41.47533667" lon="2.30711167"><ele>-2.0</ele><time>2025-11-15T09:44:37.725Z</time></trkpt><trkpt lat="41.47533333" lon="2.30711833"><ele>-2.0</ele><time>2025-11-15T09:44:38.724Z</time></trkpt><trkpt lat="41.475325" lon="2.30712"><ele>-2.0</ele><time>2025-11-15T09:44:39.725Z</time></trkpt><trkpt lat="41.47531167" lon="2.30712333"><ele>-2.0</ele><time>2025-11-15T09:44:40.725Z</time></trkpt><trkpt lat="41.47529833" lon="2.307125"><ele>-4.0</ele><time>2025-11-15T09:44:41.724Z</time></trkpt><trkpt lat="41.475285" lon="2.30713"><ele>-4.0</ele><time>2025-11-15T09:44:42.725Z</time></trkpt><trkpt lat="41.47527167" lon="2.30714"><ele>-3.0</ele><time>2025-11-15T09:44:43.724Z</time></trkpt><trkpt lat="41.475255" lon="2.30714833"><ele>-3.0</ele><time>2025-11-15T09:44:44.725Z</time></trkpt><trkpt lat="41.47525833" lon="2.307155"><ele>-3.0</ele><time>2025-11-15T09:44:45.725Z</time></trkpt><trkpt lat="41.47525333" lon="2.30716167"><ele>-3.0</ele><time>2025-11-15T09:44:46.724Z</time></trkpt><trkpt lat="41.475245" lon="2.30717167"><ele>-3.0</ele><time>2025-11-15T09:44:47.724Z</time></trkpt><trkpt lat="41.47523333" lon="2.30718"><ele>-3.0</ele><time>2025-11-15T09:44:48.725Z</time></trkpt><trkpt lat="41.47521833" lon="2.30718833"><ele>-3.0</ele><time>2025-11-15T09:44:49.724Z</time></trkpt><trkpt lat="41.47520167" lon="2.30719667"><ele>-4.0</ele><time>2025-11-15T09:44:50.724Z</time></trkpt><trkpt lat="41.475185" lon="2.3072"><ele>-4.0</ele><time>2025-11-15T09:44:51.724Z</time></trkpt><trkpt lat="41.47516667" lon="2.307205"><ele>-4.0</ele><time>2025-11-15T09:44:52.724Z</time></trkpt><trkpt lat="41.475225" lon="2.30720167"><ele>-4.0</ele><time>2025-11-15T09:44:53.725Z</time></trkpt><trkpt lat="41.47522167" lon="2.30721167"><ele>-4.0</ele><time>2025-11-15T09:44:54.725Z</time></trkpt><trkpt lat="41.47520333" lon="2.30721833"><ele>-4.0</ele><time>2025-11-15T09:44:55.724Z</time></trkpt><trkpt lat="41.47518167" lon="2.30722"><ele>-4.0</ele><time>2025-11-15T09:44:56.724Z</time></trkpt><trkpt lat="41.47515667" lon="2.30721833"><ele>-5.0</ele><time>2025-11-15T09:44:57.725Z</time></trkpt><trkpt lat="41.47514" lon="2.30721667"><ele>-5.0</ele><time>2025-11-15T09:44:58.724Z</time></trkpt><trkpt lat="41.47512667" lon="2.307215"><ele>-5.0</ele><time>2025-11-15T09:44:59.724Z</time></trkpt><trkpt lat="41.47510667" lon="2.307215"><ele>-5.0</ele><time>2025-11-15T09:45:00.725Z</time></trkpt><trkpt lat="41.47509333" lon="2.307215"><ele>-5.0</ele><time>2025-11-15T09:45:01.724Z</time></trkpt><trkpt lat="41.47507667" lon="2.30721333"><ele>-5.0</ele><time>2025-11-15T09:45:02.725Z</time></trkpt><trkpt lat="41.47505833" lon="2.30721333"><ele>-6.0</ele><time>2025-11-15T09:45:03.725Z</time></trkpt><trkpt lat="41.47498667" lon="2.30723667"><ele>-7.0</ele><time>2025-11-15T09:45:04.724Z</time></trkpt><trkpt lat="41.47497333" lon="2.30725"><ele>-5.0</ele><time>2025-11-15T09:45:05.724Z</time></trkpt><trkpt lat="41.47493833" lon="2.30726167"><ele>-5.0</ele><time>2025-11-15T09:45:06.724Z</time></trkpt><trkpt lat="41.474915" lon="2.30727833"><ele>-5.0</ele><time>2025-11-15T09:45:07.724Z</time></trkpt><trkpt lat="41.47489333" lon="2.30729167"><ele>-5.0</ele><time>2025-11-15T09:45:08.725Z</time></trkpt><trkpt lat="41.47489333" lon="2.307305"><ele>-5.0</ele><time>2025-11-15T09:45:09.724Z</time></trkpt><trkpt lat="41.474895" lon="2.307315"><ele>-5.0</ele><time>2025-11-15T09:45:10.725Z</time></trkpt><trkpt lat="41.474885" lon="2.307325"><ele>-5.0</ele><time>2025-11-15T09:45:11.724Z</time></trkpt><trkpt lat="41.474885" lon="2.30733333"><ele>-5.0</ele><time>2025-11-15T09:45:12.724Z</time></trkpt><trkpt lat="41.47487" lon="2.30734167"><ele>-5.0</ele><time>2025-11-15T09:45:13.725Z</time></trkpt><trkpt lat="41.47487" lon="2.30734833"><ele>-5.0</ele><time>2025-11-15T09:45:14.725Z</time></trkpt><trkpt lat="41.474865" lon="2.30735667"><ele>-5.0</ele><time>2025-11-15T09:45:15.724Z</time></trkpt><trkpt lat="41.47484833" lon="2.30734"><ele>-5.0</ele><time>2025-11-15T09:45:16.725Z</time></trkpt><trkpt lat="41.47484167" lon="2.30734"><ele>-5.0</ele><time>2025-11-15T09:45:17.725Z</time></trkpt><trkpt lat="41.47483167" lon="2.307345"><ele>-5.0</ele><time>2025-11-15T09:45:18.725Z</time></trkpt><trkpt lat="41.47483167" lon="2.30735667"><ele>-5.0</ele><time>2025-11-15T09:45:19.725Z</time></trkpt><trkpt lat="41.474815" lon="2.30736167"><ele>-5.0</ele><time>2025-11-15T09:45:20.724Z</time></trkpt><trkpt lat="41.47481333" lon="2.30740167"><ele>-5.0</ele><time>2025-11-15T09:45:21.725Z</time></trkpt><trkpt lat="41.47481667" lon="2.30742833"><ele>-5.0</ele><time>2025-11-15T09:45:22.724Z</time></trkpt><trkpt lat="41.47481167" lon="2.30744833"><ele>-4.0</ele><time>2025-11-15T09:45:23.724Z</time></trkpt><trkpt lat="41.47481667" lon="2.30747667"><ele>-4.0</ele><time>2025-11-15T09:45:24.725Z</time></trkpt><trkpt lat="41.47479833" lon="2.30749667"><ele>-4.0</ele><time>2025-11-15T09:45:25.724Z</time></trkpt><trkpt lat="41.47480167" lon="2.30752"><ele>-4.0</ele><time>2025-11-15T09:45:26.724Z</time></trkpt><trkpt lat="41.47479333" lon="2.30754"><ele>-4.0</ele><time>2025-11-15T09:45:27.725Z</time></trkpt><trkpt lat="41.47478667" lon="2.30756333"><ele>-4.0</ele><time>2025-11-15T09:45:28.724Z</time></trkpt><trkpt lat="41.47477333" lon="2.30758333"><ele>-4.0</ele><time>2025-11-15T09:45:29.725Z</time></trkpt><trkpt lat="41.47476" lon="2.30760167"><ele>-4.0</ele><time>2025-11-15T09:45:30.724Z</time></trkpt><trkpt lat="41.47481667" lon="2.30762"><ele>-4.0</ele><time>2025-11-15T09:45:31.725Z</time></trkpt><trkpt lat="41.47484667" lon="2.30763833"><ele>-4.0</ele><time>2025-11-15T09:45:32.725Z</time></trkpt><trkpt lat="41.47483667" lon="2.30766167"><ele>-4.0</ele><time>2025-11-15T09:45:33.724Z</time></trkpt><trkpt lat="41.474805" lon="2.30768333"><ele>-6.0</ele><time>2025-11-15T09:45:34.725Z</time></trkpt><trkpt lat="41.47478" lon="2.30767833"><ele>-6.0</ele><time>2025-11-15T09:45:35.724Z</time></trkpt><trkpt lat="41.474755" lon="2.307685"><ele>-5.0</ele><time>2025-11-15T09:45:36.724Z</time></trkpt><trkpt lat="41.47472667" lon="2.30768833"><ele>-5.0</ele><time>2025-11-15T09:45:37.724Z</time></trkpt><trkpt lat="41.47473667" lon="2.30768167"><ele>-5.0</ele><time>2025-11-15T09:45:38.724Z</time></trkpt><trkpt lat="41.47475167" lon="2.30768667"><ele>-5.0</ele><time>2025-11-15T09:45:39.724Z</time></trkpt><trkpt lat="41.47473667" lon="2.30769667"><ele>-5.0</ele><time>2025-11-15T09:45:40.725Z</time></trkpt><trkpt lat="41.47471167" lon="2.307715"><ele>-5.0</ele><time>2025-11-15T09:45:41.724Z</time></trkpt><trkpt lat="41.47469167" lon="2.30772833"><ele>-5.0</ele><time>2025-11-15T09:45:42.724Z</time></trkpt><trkpt lat="41.47467167" lon="2.30773833"><ele>-7.0</ele><time>2025-11-15T09:45:43.724Z</time></trkpt><trkpt lat="41.47465" lon="2.30774667"><ele>-6.0</ele><time>2025-11-15T09:45:44.725Z</time></trkpt><trkpt lat="41.47463167" lon="2.30776167"><ele>-6.0</ele><time>2025-11-15T09:45:45.724Z</time></trkpt><trkpt lat="41.47461833" lon="2.30778333"><ele>-6.0</ele><time>2025-11-15T09:45:46.724Z</time></trkpt><trkpt lat="41.47459833" lon="2.30780333"><ele>-6.0</ele><time>2025-11-15T09:45:47.724Z</time></trkpt><trkpt lat="41.47460333" lon="2.30779667"><ele>-6.0</ele><time>2025-11-15T09:45:48.724Z</time></trkpt><trkpt lat="41.47459667" lon="2.30779833"><ele>-6.0</ele><time>2025-11-15T09:45:49.724Z</time></trkpt><trkpt lat="41.47457167" lon="2.30781333"><ele>-6.0</ele><time>2025-11-15T09:45:50.725Z</time></trkpt><trkpt lat="41.47453833" lon="2.307835"><ele>-6.0</ele><time>2025-11-15T09:45:54.724Z</time></trkpt><trkpt lat="41.47452167" lon="2.30785333"><ele>-8.0</ele><time>2025-11-15T09:45:55.724Z</time></trkpt><trkpt lat="41.47451833" lon="2.30787"><ele>-7.0</ele><time>2025-11-15T09:45:56.725Z</time></trkpt><trkpt lat="41.47450667" lon="2.30788667"><ele>-7.0</ele><time>2025-11-15T09:45:57.724Z</time></trkpt><trkpt lat="41.47449167" lon="2.307915"><ele>-7.0</ele><time>2025-11-15T09:45:58.725Z</time></trkpt><trkpt lat="41.47447" lon="2.307935"><ele>-7.0</ele><time>2025-11-15T09:45:59.724Z</time></trkpt><trkpt lat="41.47445833" lon="2.30796"><ele>-8.0</ele><time>2025-11-15T09:46:00.725Z</time></trkpt><trkpt lat="41.47445333" lon="2.30798"><ele>-8.0</ele><time>2025-11-15T09:46:01.724Z</time></trkpt><trkpt lat="41.474435" lon="2.30801"><ele>-8.0</ele><time>2025-11-15T09:46:02.725Z</time></trkpt><trkpt lat="41.47442167" lon="2.30802833"><ele>-8.0</ele><time>2025-11-15T09:46:03.725Z</time></trkpt><trkpt lat="41.474405" lon="2.308055"><ele>-8.0</ele><time>2025-11-15T09:46:04.724Z</time></trkpt><trkpt lat="41.47444167" lon="2.30803167"><ele>-8.0</ele><time>2025-11-15T09:46:05.725Z</time></trkpt><trkpt lat="41.47445333" lon="2.30803"><ele>-8.0</ele><time>2025-11-15T09:46:06.725Z</time></trkpt><trkpt lat="41.47443167" lon="2.30803"><ele>-8.0</ele><time>2025-11-15T09:46:07.724Z</time></trkpt><trkpt lat="41.474415" lon="2.30803"><ele>-8.0</ele><time>2025-11-15T09:46:08.724Z</time></trkpt><trkpt lat="41.47440333" lon="2.308015"><ele>-8.0</ele><time>2025-11-15T09:46:09.724Z</time></trkpt><trkpt lat="41.47440167" lon="2.30801333"><ele>-8.0</ele><time>2025-11-15T09:46:10.724Z</time></trkpt><trkpt lat="41.47439167" lon="2.30801333"><ele>-8.0</ele><time>2025-11-15T09:46:11.724Z</time></trkpt><trkpt lat="41.47438333" lon="2.308025"><ele>-7.0</ele><time>2025-11-15T09:46:12.724Z</time></trkpt><trkpt lat="41.47436833" lon="2.30803833"><ele>-7.0</ele><time>2025-11-15T09:46:13.724Z</time></trkpt><trkpt lat="41.47436167" lon="2.30809667"><ele>-7.0</ele><time>2025-11-15T09:46:27.725Z</time></trkpt><trkpt lat="41.47435333" lon="2.308055"><ele>-7.0</ele><time>2025-11-15T09:46:28.724Z</time></trkpt><trkpt lat="41.47434667" lon="2.30806333"><ele>-6.0</ele><time>2025-11-15T09:46:29.724Z</time></trkpt><trkpt lat="41.47431667" lon="2.30817"><ele>-6.0</ele><time>2025-11-15T09:47:12.724Z</time></trkpt><trkpt lat="41.47432667" lon="2.308175"><ele>-6.0</ele><time>2025-11-15T09:47:13.724Z</time></trkpt><trkpt lat="41.474325" lon="2.30818667"><ele>-5.0</ele><time>2025-11-15T09:47:14.724Z</time></trkpt><trkpt lat="41.47429833" lon="2.30816833"><ele>-5.0</ele><time>2025-11-15T09:47:15.724Z</time></trkpt><trkpt lat="41.47429" lon="2.308175"><ele>-5.0</ele><time>2025-11-15T09:47:16.725Z</time></trkpt><trkpt lat="41.47429167" lon="2.30817333"><ele>-5.0</ele><time>2025-11-15T09:47:17.725Z</time></trkpt><trkpt lat="41.47429167" lon="2.30817167"><ele>-5.0</ele><time>2025-11-15T09:47:18.725Z</time></trkpt><trkpt lat="41.474305" lon="2.308175"><ele>-5.0</ele><time>2025-11-15T09:47:19.724Z</time></trkpt><trkpt lat="41.47431" lon="2.308175"><ele>-4.0</ele><time>2025-11-15T09:47:20.724Z</time></trkpt><trkpt lat="41.47431167" lon="2.30817667"><ele>-4.0</ele><time>2025-11-15T09:47:21.724Z</time></trkpt><trkpt lat="41.47431167" lon="2.30817667"><ele>-4.0</ele><time>2025-11-15T09:47:22.724Z</time></trkpt><trkpt lat="41.47430833" lon="2.30817167"><ele>-5.0</ele><time>2025-11-15T09:47:23.724Z</time></trkpt><trkpt lat="41.47430667" lon="2.308165"><ele>-3.0</ele><time>2025-11-15T09:47:24.724Z</time></trkpt><trkpt lat="41.47428333" lon="2.30813167"><ele>-3.0</ele><time>2025-11-15T09:47:25.724Z</time></trkpt><trkpt lat="41.47420167" lon="2.30823833"><ele>-3.0</ele><time>2025-11-15T09:47:32.724Z</time></trkpt><trkpt lat="41.474125" lon="2.30817667"><ele>-3.0</ele><time>2025-11-15T09:47:33.724Z</time></trkpt><trkpt lat="41.47408" lon="2.30817667"><ele>-3.0</ele><time>2025-11-15T09:47:34.724Z</time></trkpt><trkpt lat="41.47403833" lon="2.30817667"><ele>-3.0</ele><time>2025-11-15T09:47:35.724Z</time></trkpt><trkpt lat="41.47400167" lon="2.30817"><ele>-4.0</ele><time>2025-11-15T09:47:36.724Z</time></trkpt><trkpt lat="41.47394167" lon="2.308175"><ele>-2.0</ele><time>2025-11-15T09:47:37.724Z</time></trkpt><trkpt lat="41.47391167" lon="2.308175"><ele>-2.0</ele><time>2025-11-15T09:47:38.725Z</time></trkpt><trkpt lat="41.47374" lon="2.30829333"><ele>-2.0</ele><time>2025-11-15T09:47:49.725Z</time></trkpt><trkpt lat="41.47392333" lon="2.30833667"><ele>-4.0</ele><time>2025-11-15T09:47:54.725Z</time></trkpt><trkpt lat="41.47398167" lon="2.308315"><ele>-3.0</ele><time>2025-11-15T09:47:55.725Z</time></trkpt><trkpt lat="41.47398" lon="2.30831167"><ele>-3.0</ele><time>2025-11-15T09:47:56.725Z</time></trkpt><trkpt lat="41.47406" lon="2.30833333"><ele>-3.0</ele><time>2025-11-15T09:47:57.725Z</time></trkpt><trkpt lat="41.474095" lon="2.30838167"><ele>-4.0</ele><time>2025-11-15T09:47:58.725Z</time></trkpt><trkpt lat="41.47411833" lon="2.30837833"><ele>-4.0</ele><time>2025-11-15T09:47:59.724Z</time></trkpt><trkpt lat="41.47413667" lon="2.30836833"><ele>-4.0</ele><time>2025-11-15T09:48:00.724Z</time></trkpt><trkpt lat="41.47414667" lon="2.30835833"><ele>-5.0</ele><time>2025-11-15T09:48:01.725Z</time></trkpt><trkpt lat="41.47415333" lon="2.30835"><ele>-5.0</ele><time>2025-11-15T09:48:02.724Z</time></trkpt><trkpt lat="41.47417833" lon="2.30834667"><ele>-5.0</ele><time>2025-11-15T09:48:03.725Z</time></trkpt><trkpt lat="41.47419167" lon="2.30833833"><ele>-5.0</ele><time>2025-11-15T09:48:04.724Z</time></trkpt><trkpt lat="41.47421167" lon="2.30833833"><ele>-7.0</ele><time>2025-11-15T09:48:05.724Z</time></trkpt><trkpt lat="41.47422" lon="2.30834333"><ele>-6.0</ele><time>2025-11-15T09:48:06.724Z</time></trkpt><trkpt lat="41.47422833" lon="2.30836"><ele>-6.0</ele><time>2025-11-15T09:48:07.724Z</time></trkpt><trkpt lat="41.47423833" lon="2.308365"><ele>-6.0</ele><time>2025-11-15T09:48:08.724Z</time></trkpt><trkpt lat="41.47425167" lon="2.308365"><ele>-8.0</ele><time>2025-11-15T09:48:09.724Z</time></trkpt><trkpt lat="41.47426167" lon="2.308355"><ele>-7.0</ele><time>2025-11-15T09:48:10.725Z</time></trkpt><trkpt lat="41.47427" lon="2.30835667"><ele>-7.0</ele><time>2025-11-15T09:48:11.724Z</time></trkpt><trkpt lat="41.474235" lon="2.30859833"><ele>-8.0</ele><time>2025-11-15T09:49:11.724Z</time></trkpt><trkpt lat="41.47424" lon="2.30859833"><ele>-9.0</ele><time>2025-11-15T09:49:12.724Z</time></trkpt><trkpt lat="41.474255" lon="2.30860333"><ele>-9.0</ele><time>2025-11-15T09:49:13.724Z</time></trkpt><trkpt lat="41.47434167" lon="2.30859333"><ele>-10.0</ele><time>2025-11-15T09:49:14.724Z</time></trkpt><trkpt lat="41.47434833" lon="2.30859333"><ele>-11.0</ele><time>2025-11-15T09:49:15.724Z</time></trkpt><trkpt lat="41.47431667" lon="2.30847833"><ele>-13.0</ele><time>2025-11-15T09:49:16.724Z</time></trkpt><trkpt lat="41.47429" lon="2.30843167"><ele>-12.0</ele><time>2025-11-15T09:49:17.725Z</time></trkpt><trkpt lat="41.47427167" lon="2.30838667"><ele>-13.0</ele><time>2025-11-15T09:49:18.725Z</time></trkpt><trkpt lat="41.474255" lon="2.30835167"><ele>-13.0</ele><time>2025-11-15T09:49:19.725Z</time></trkpt><trkpt lat="41.474255" lon="2.30831333"><ele>-13.0</ele><time>2025-11-15T09:49:20.725Z</time></trkpt><trkpt lat="41.47426167" lon="2.30831333"><ele>-13.0</ele><time>2025-11-15T09:49:21.725Z</time></trkpt><trkpt lat="41.47427167" lon="2.30833333"><ele>-13.0</ele><time>2025-11-15T09:49:22.725Z</time></trkpt><trkpt lat="41.47427833" lon="2.30833333"><ele>-13.0</ele><time>2025-11-15T09:49:23.725Z</time></trkpt><trkpt lat="41.47427667" lon="2.30849167"><ele>-12.0</ele><time>2025-11-15T09:50:19.725Z</time></trkpt><trkpt lat="41.47425833" lon="2.30845833"><ele>-11.0</ele><time>2025-11-15T09:50:20.724Z</time></trkpt><trkpt lat="41.47428333" lon="2.308485"><ele>-10.0</ele><time>2025-11-15T09:50:21.725Z</time></trkpt><trkpt lat="41.47429167" lon="2.30844833"><ele>-9.0</ele><time>2025-11-15T09:50:22.724Z</time></trkpt><trkpt lat="41.47429667" lon="2.30843167"><ele>-9.0</ele><time>2025-11-15T09:50:23.725Z</time></trkpt><trkpt lat="41.47430833" lon="2.30843833"><ele>-8.0</ele><time>2025-11-15T09:50:24.724Z</time></trkpt><trkpt lat="41.47433333" lon="2.30843333"><ele>-8.0</ele><time>2025-11-15T09:50:25.724Z</time></trkpt><trkpt lat="41.474355" lon="2.30843333"><ele>-7.0</ele><time>2025-11-15T09:50:26.725Z</time></trkpt><trkpt lat="41.47437333" lon="2.30843833"><ele>-7.0</ele><time>2025-11-15T09:50:27.724Z</time></trkpt><trkpt lat="41.47435667" lon="2.308465"><ele>-7.0</ele><time>2025-11-15T09:50:28.725Z</time></trkpt><trkpt lat="41.474365" lon="2.30848667"><ele>-7.0</ele><time>2025-11-15T09:50:29.724Z</time></trkpt><trkpt lat="41.474375" lon="2.30850667"><ele>-7.0</ele><time>2025-11-15T09:50:30.725Z</time></trkpt><trkpt lat="41.474375" lon="2.3085"><ele>-7.0</ele><time>2025-11-15T09:50:31.724Z</time></trkpt><trkpt lat="41.47437667" lon="2.30848333"><ele>-7.0</ele><time>2025-11-15T09:50:32.724Z</time></trkpt><trkpt lat="41.47437667" lon="2.30846"><ele>-7.0</ele><time>2025-11-15T09:50:33.724Z</time></trkpt><trkpt lat="41.47440667" lon="2.30841667"><ele>-7.0</ele><time>2025-11-15T09:50:38.724Z</time></trkpt><trkpt lat="41.474395" lon="2.3084"><ele>-7.0</ele><time>2025-11-15T09:50:39.725Z</time></trkpt><trkpt lat="41.47448167" lon="2.30862833"><ele>-8.0</ele><time>2025-11-15T09:51:18.725Z</time></trkpt><trkpt lat="41.47449333" lon="2.30862667"><ele>-6.0</ele><time>2025-11-15T09:51:19.724Z</time></trkpt><trkpt lat="41.47448" lon="2.308585"><ele>-6.0</ele><time>2025-11-15T09:51:20.725Z</time></trkpt><trkpt lat="41.47443" lon="2.30852167"><ele>-6.0</ele><time>2025-11-15T09:51:21.724Z</time></trkpt><trkpt lat="41.4744" lon="2.30844333"><ele>-6.0</ele><time>2025-11-15T09:51:22.725Z</time></trkpt><trkpt lat="41.47421333" lon="2.30830333"><ele>-6.0</ele><time>2025-11-15T09:51:23.724Z</time></trkpt><trkpt lat="41.474215" lon="2.30827833"><ele>-7.0</ele><time>2025-11-15T09:51:27.724Z</time></trkpt><trkpt lat="41.47427" lon="2.30831167"><ele>-7.0</ele><time>2025-11-15T09:51:28.725Z</time></trkpt><trkpt lat="41.47426667" lon="2.30829833"><ele>-7.0</ele><time>2025-11-15T09:51:29.724Z</time></trkpt><trkpt lat="41.474295" lon="2.30832667"><ele>-7.0</ele><time>2025-11-15T09:51:30.725Z</time></trkpt><trkpt lat="41.47430333" lon="2.30833167"><ele>-7.0</ele><time>2025-11-15T09:51:31.725Z</time></trkpt><trkpt lat="41.47431667" lon="2.30833833"><ele>-7.0</ele><time>2025-11-15T09:51:32.724Z</time></trkpt><trkpt lat="41.47433667" lon="2.30835667"><ele>-7.0</ele><time>2025-11-15T09:51:33.725Z</time></trkpt><trkpt lat="41.474345" lon="2.30836167"><ele>-7.0</ele><time>2025-11-15T09:51:34.724Z</time></trkpt><trkpt lat="41.47434667" lon="2.30835833"><ele>-7.0</ele><time>2025-11-15T09:51:35.725Z</time></trkpt><trkpt lat="41.47435833" lon="2.30837667"><ele>-7.0</ele><time>2025-11-15T09:51:36.724Z</time></trkpt><trkpt lat="41.47436333" lon="2.30838"><ele>-7.0</ele><time>2025-11-15T09:51:37.725Z</time></trkpt><trkpt lat="41.47436833" lon="2.30838333"><ele>-7.0</ele><time>2025-11-15T09:51:38.724Z</time></trkpt><trkpt lat="41.47431" lon="2.30837167"><ele>-8.0</ele><time>2025-11-15T09:52:16.725Z</time></trkpt><trkpt lat="41.47434833" lon="2.30838"><ele>-8.0</ele><time>2025-11-15T09:52:17.724Z</time></trkpt><trkpt lat="41.47435" lon="2.30837667"><ele>-8.0</ele><time>2025-11-15T09:52:18.725Z</time></trkpt><trkpt lat="41.47433333" lon="2.30836667"><ele>-8.0</ele><time>2025-11-15T09:52:19.724Z</time></trkpt><trkpt lat="41.47434" lon="2.30832833"><ele>-10.0</ele><time>2025-11-15T09:52:20.724Z</time></trkpt><trkpt lat="41.47433667" lon="2.308325"><ele>-9.0</ele><time>2025-11-15T09:52:21.724Z</time></trkpt><trkpt lat="41.47436" lon="2.30833833"><ele>-9.0</ele><time>2025-11-15T09:52:22.725Z</time></trkpt><trkpt lat="41.47437" lon="2.30834167"><ele>-9.0</ele><time>2025-11-15T09:52:23.724Z</time></trkpt><trkpt lat="41.47437167" lon="2.30834167"><ele>-9.0</ele><time>2025-11-15T09:52:24.725Z</time></trkpt><trkpt lat="41.47430333" lon="2.30826833"><ele>-9.0</ele><time>2025-11-15T09:53:05.725Z</time></trkpt><trkpt lat="41.47433333" lon="2.30826"><ele>-9.0</ele><time>2025-11-15T09:53:06.724Z</time></trkpt><trkpt lat="41.47435" lon="2.308235"><ele>-9.0</ele><time>2025-11-15T09:53:07.725Z</time></trkpt><trkpt lat="41.47434833" lon="2.30831"><ele>-9.0</ele><time>2025-11-15T09:53:08.724Z</time></trkpt><trkpt lat="41.47434333" lon="2.30833667"><ele>-11.0</ele><time>2025-11-15T09:53:09.725Z</time></trkpt><trkpt lat="41.474355" lon="2.308335"><ele>-10.0</ele><time>2025-11-15T09:53:10.724Z</time></trkpt><trkpt lat="41.47436" lon="2.30832667"><ele>-10.0</ele><time>2025-11-15T09:53:11.724Z</time></trkpt><trkpt lat="41.47437167" lon="2.308325"><ele>-10.0</ele><time>2025-11-15T09:53:12.725Z</time></trkpt><trkpt lat="41.47437833" lon="2.30832667"><ele>-10.0</ele><time>2025-11-15T09:53:13.724Z</time></trkpt><trkpt lat="41.47433833" lon="2.30828833"><ele>-11.0</ele><time>2025-11-15T09:53:26.725Z</time></trkpt><trkpt lat="41.47436" lon="2.30829333"><ele>-12.0</ele><time>2025-11-15T09:53:27.724Z</time></trkpt><trkpt lat="41.47441833" lon="2.30829167"><ele>-12.0</ele><time>2025-11-15T09:53:28.725Z</time></trkpt><trkpt lat="41.47444167" lon="2.30828"><ele>-14.0</ele><time>2025-11-15T09:53:30.724Z</time></trkpt><trkpt lat="41.47429167" lon="2.30820667"><ele>-13.0</ele><time>2025-11-15T09:54:01.725Z</time></trkpt><trkpt lat="41.47441" lon="2.30853"><ele>-13.0</ele><time>2025-11-15T09:54:02.724Z</time></trkpt><trkpt lat="41.47432" lon="2.30844833"><ele>-14.0</ele><time>2025-11-15T09:54:03.725Z</time></trkpt><trkpt lat="41.4744" lon="2.30840833"><ele>-14.0</ele><time>2025-11-15T09:54:04.724Z</time></trkpt><trkpt lat="41.47442333" lon="2.30838333"><ele>-14.0</ele><time>2025-11-15T09:54:05.724Z</time></trkpt><trkpt lat="41.474415" lon="2.30837"><ele>-14.0</ele><time>2025-11-15T09:54:06.724Z</time></trkpt><trkpt lat="41.47441833" lon="2.30836167"><ele>-13.0</ele><time>2025-11-15T09:54:07.725Z</time></trkpt><trkpt lat="41.47441167" lon="2.30835167"><ele>-13.0</ele><time>2025-11-15T09:54:08.724Z</time></trkpt><trkpt lat="41.474405" lon="2.30834"><ele>-13.0</ele><time>2025-11-15T09:54:09.725Z</time></trkpt><trkpt lat="41.47441167" lon="2.30833667"><ele>-12.0</ele><time>2025-11-15T09:54:10.724Z</time></trkpt><trkpt lat="41.47451833" lon="2.30858"><ele>-12.0</ele><time>2025-11-15T09:55:08.725Z</time></trkpt><trkpt lat="41.47453833" lon="2.30851"><ele>-12.0</ele><time>2025-11-15T09:55:09.724Z</time></trkpt><trkpt lat="41.47452333" lon="2.30850833"><ele>-11.0</ele><time>2025-11-15T09:55:10.724Z</time></trkpt><trkpt lat="41.47448333" lon="2.30847"><ele>-11.0</ele><time>2025-11-15T09:55:11.725Z</time></trkpt><trkpt lat="41.474475" lon="2.30843833"><ele>-11.0</ele><time>2025-11-15T09:55:12.724Z</time></trkpt><trkpt lat="41.47448833" lon="2.30840667"><ele>-10.0</ele><time>2025-11-15T09:55:29.725Z</time></trkpt><trkpt lat="41.47443333" lon="2.30836167"><ele>-10.0</ele><time>2025-11-15T09:55:30.724Z</time></trkpt><trkpt lat="41.47443667" lon="2.308375"><ele>-10.0</ele><time>2025-11-15T09:55:31.725Z</time></trkpt><trkpt lat="41.47442333" lon="2.30836"><ele>-10.0</ele><time>2025-11-15T09:55:32.724Z</time></trkpt><trkpt lat="41.47440667" lon="2.30834833"><ele>-10.0</ele><time>2025-11-15T09:55:33.725Z</time></trkpt><trkpt lat="41.47439" lon="2.308345"><ele>-10.0</ele><time>2025-11-15T09:55:34.725Z</time></trkpt><trkpt lat="41.47437167" lon="2.308325"><ele>-10.0</ele><time>2025-11-15T09:55:35.725Z</time></trkpt><trkpt lat="41.47436167" lon="2.30831667"><ele>-10.0</ele><time>2025-11-15T09:55:36.725Z</time></trkpt><trkpt lat="41.47436" lon="2.30832667"><ele>-10.0</ele><time>2025-11-15T09:55:37.724Z</time></trkpt><trkpt lat="41.47435333" lon="2.30831833"><ele>-10.0</ele><time>2025-11-15T09:55:38.725Z</time></trkpt><trkpt lat="41.47433667" lon="2.30831167"><ele>-10.0</ele><time>2025-11-15T09:55:39.724Z</time></trkpt><trkpt lat="41.47432667" lon="2.308305"><ele>-10.0</ele><time>2025-11-15T09:55:40.724Z</time></trkpt><trkpt lat="41.47432" lon="2.30829833"><ele>-10.0</ele><time>2025-11-15T09:55:41.724Z</time></trkpt><trkpt lat="41.47431667" lon="2.30828"><ele>-10.0</ele><time>2025-11-15T09:55:42.724Z</time></trkpt><trkpt lat="41.47431333" lon="2.30826833"><ele>-10.0</ele><time>2025-11-15T09:55:43.724Z</time></trkpt><trkpt lat="41.47431" lon="2.30826667"><ele>-10.0</ele><time>2025-11-15T09:55:44.725Z</time></trkpt><trkpt lat="41.47430667" lon="2.308255"><ele>-10.0</ele><time>2025-11-15T09:55:45.724Z</time></trkpt><trkpt lat="41.47430333" lon="2.30824333"><ele>-10.0</ele><time>2025-11-15T09:55:46.725Z</time></trkpt><trkpt lat="41.47430167" lon="2.30823167"><ele>-10.0</ele><time>2025-11-15T09:55:47.725Z</time></trkpt><trkpt lat="41.47430167" lon="2.30822667"><ele>-10.0</ele><time>2025-11-15T09:55:48.725Z</time></trkpt><trkpt lat="41.47429167" lon="2.30824167"><ele>-10.0</ele><time>2025-11-15T09:55:49.724Z</time></trkpt><trkpt lat="41.474285" lon="2.30824667"><ele>-10.0</ele><time>2025-11-15T09:55:50.725Z</time></trkpt><trkpt lat="41.47428" lon="2.30825"><ele>-10.0</ele><time>2025-11-15T09:55:51.724Z</time></trkpt><trkpt lat="41.474275" lon="2.30825167"><ele>-10.0</ele><time>2025-11-15T09:55:52.725Z</time></trkpt><trkpt lat="41.47426833" lon="2.30824833"><ele>-10.0</ele><time>2025-11-15T09:55:53.725Z</time></trkpt><trkpt lat="41.474265" lon="2.30824667"><ele>-10.0</ele><time>2025-11-15T09:55:54.724Z</time></trkpt><trkpt lat="41.47426" lon="2.30824167"><ele>-10.0</ele><time>2025-11-15T09:55:55.725Z</time></trkpt><trkpt lat="41.47425833" lon="2.30823167"><ele>-10.0</ele><time>2025-11-15T09:55:56.724Z</time></trkpt><trkpt lat="41.47425167" lon="2.30822333"><ele>-10.0</ele><time>2025-11-15T09:55:57.725Z</time></trkpt><trkpt lat="41.47424667" lon="2.30821667"><ele>-10.0</ele><time>2025-11-15T09:55:58.724Z</time></trkpt><trkpt lat="41.47425" lon="2.30822833"><ele>-10.0</ele><time>2025-11-15T09:56:05.724Z</time></trkpt><trkpt lat="41.47420333" lon="2.308225"><ele>-10.0</ele><time>2025-11-15T09:56:12.725Z</time></trkpt><trkpt lat="41.47413167" lon="2.30819333"><ele>-10.0</ele><time>2025-11-15T09:56:13.724Z</time></trkpt><trkpt lat="41.47417167" lon="2.30827"><ele>-10.0</ele><time>2025-11-15T09:56:17.725Z</time></trkpt><trkpt lat="41.47419167" lon="2.3083"><ele>-10.0</ele><time>2025-11-15T09:56:18.724Z</time></trkpt><trkpt lat="41.474195" lon="2.308255"><ele>-10.0</ele><time>2025-11-15T09:56:19.725Z</time></trkpt><trkpt lat="41.47414833" lon="2.308135"><ele>-10.0</ele><time>2025-11-15T09:56:20.724Z</time></trkpt><trkpt lat="41.47417167" lon="2.30816667"><ele>-10.0</ele><time>2025-11-15T09:56:21.725Z</time></trkpt><trkpt lat="41.47415833" lon="2.30814333"><ele>-11.0</ele><time>2025-11-15T09:56:22.725Z</time></trkpt><trkpt lat="41.47414333" lon="2.30815667"><ele>-11.0</ele><time>2025-11-15T09:56:23.724Z</time></trkpt><trkpt lat="41.47411667" lon="2.30819167"><ele>-11.0</ele><time>2025-11-15T09:56:24.725Z</time></trkpt><trkpt lat="41.474105" lon="2.30816833"><ele>-11.0</ele><time>2025-11-15T09:56:25.724Z</time></trkpt><trkpt lat="41.47412333" lon="2.30820167"><ele>-10.0</ele><time>2025-11-15T09:56:26.725Z</time></trkpt><trkpt lat="41.47413" lon="2.308205"><ele>-10.0</ele><time>2025-11-15T09:56:27.725Z</time></trkpt><trkpt lat="41.47413" lon="2.30819167"><ele>-12.0</ele><time>2025-11-15T09:56:28.724Z</time></trkpt><trkpt lat="41.474135" lon="2.30817"><ele>-12.0</ele><time>2025-11-15T09:56:29.724Z</time></trkpt><trkpt lat="41.47412667" lon="2.30813833"><ele>-11.0</ele><time>2025-11-15T09:56:30.724Z</time></trkpt><trkpt lat="41.474145" lon="2.30815333"><ele>-11.0</ele><time>2025-11-15T09:56:31.724Z</time></trkpt><trkpt lat="41.47414333" lon="2.30814333"><ele>-11.0</ele><time>2025-11-15T09:56:32.725Z</time></trkpt><trkpt lat="41.47413667" lon="2.30813333"><ele>-11.0</ele><time>2025-11-15T09:56:33.724Z</time></trkpt><trkpt lat="41.47413333" lon="2.30814667"><ele>-11.0</ele><time>2025-11-15T09:56:34.724Z</time></trkpt><trkpt lat="41.47412667" lon="2.30813667"><ele>-11.0</ele><time>2025-11-15T09:56:35.724Z</time></trkpt><trkpt lat="41.474115" lon="2.30814"><ele>-11.0</ele><time>2025-11-15T09:56:36.724Z</time></trkpt><trkpt lat="41.47411333" lon="2.30814667"><ele>-11.0</ele><time>2025-11-15T09:56:37.724Z</time></trkpt><trkpt lat="41.47411333" lon="2.30815333"><ele>-11.0</ele><time>2025-11-15T09:56:38.725Z</time></trkpt><trkpt lat="41.47411333" lon="2.30816"><ele>-11.0</ele><time>2025-11-15T09:56:39.725Z</time></trkpt><trkpt lat="41.47411833" lon="2.30816333"><ele>-11.0</ele><time>2025-11-15T09:56:40.724Z</time></trkpt><trkpt lat="41.47410667" lon="2.30815167"><ele>-11.0</ele><time>2025-11-15T09:56:41.724Z</time></trkpt><trkpt lat="41.47410667" lon="2.30815333"><ele>-11.0</ele><time>2025-11-15T09:56:42.724Z</time></trkpt><trkpt lat="41.47409833" lon="2.30813667"><ele>-11.0</ele><time>2025-11-15T09:56:43.725Z</time></trkpt><trkpt lat="41.47409333" lon="2.30812167"><ele>-13.0</ele><time>2025-11-15T09:56:44.725Z</time></trkpt><trkpt lat="41.4741" lon="2.30811667"><ele>-12.0</ele><time>2025-11-15T09:56:45.725Z</time></trkpt><trkpt lat="41.47408667" lon="2.30809167"><ele>-12.0</ele><time>2025-11-15T09:56:46.725Z</time></trkpt><trkpt lat="41.47409833" lon="2.30809667"><ele>-12.0</ele><time>2025-11-15T09:56:47.724Z</time></trkpt><trkpt lat="41.47409833" lon="2.30808"><ele>-12.0</ele><time>2025-11-15T09:56:48.725Z</time></trkpt><trkpt lat="41.47410333" lon="2.30808167"><ele>-12.0</ele><time>2025-11-15T09:56:49.724Z</time></trkpt><trkpt lat="41.47410333" lon="2.30806333"><ele>-13.0</ele><time>2025-11-15T09:56:50.724Z</time></trkpt><trkpt lat="41.47410333" lon="2.30805667"><ele>-11.0</ele><time>2025-11-15T09:56:51.724Z</time></trkpt><trkpt lat="41.47410333" lon="2.308055"><ele>-11.0</ele><time>2025-11-15T09:56:52.724Z</time></trkpt><trkpt lat="41.47410167" lon="2.308045"><ele>-11.0</ele><time>2025-11-15T09:56:53.724Z</time></trkpt><trkpt lat="41.47411667" lon="2.308065"><ele>-11.0</ele><time>2025-11-15T09:56:54.724Z</time></trkpt><trkpt lat="41.47412333" lon="2.30807"><ele>-11.0</ele><time>2025-11-15T09:56:55.724Z</time></trkpt><trkpt lat="41.47412833" lon="2.30807"><ele>-11.0</ele><time>2025-11-15T09:56:56.725Z</time></trkpt><trkpt lat="41.47412667" lon="2.30805667"><ele>-12.0</ele><time>2025-11-15T09:56:57.725Z</time></trkpt><trkpt lat="41.47412333" lon="2.30804167"><ele>-10.0</ele><time>2025-11-15T09:56:58.724Z</time></trkpt><trkpt lat="41.47412333" lon="2.30803333"><ele>-10.0</ele><time>2025-11-15T09:56:59.724Z</time></trkpt><trkpt lat="41.47412833" lon="2.30803667"><ele>-10.0</ele><time>2025-11-15T09:57:00.724Z</time></trkpt><trkpt lat="41.47412" lon="2.308025"><ele>-9.0</ele><time>2025-11-15T09:57:01.725Z</time></trkpt><trkpt lat="41.47412" lon="2.30802833"><ele>-9.0</ele><time>2025-11-15T09:57:02.725Z</time></trkpt><trkpt lat="41.47414167" lon="2.30802167"><ele>-9.0</ele><time>2025-11-15T09:57:06.724Z</time></trkpt><trkpt lat="41.474155" lon="2.308035"><ele>-9.0</ele><time>2025-11-15T09:57:07.725Z</time></trkpt><trkpt lat="41.47416667" lon="2.308045"><ele>-9.0</ele><time>2025-11-15T09:57:08.724Z</time></trkpt><trkpt lat="41.47417333" lon="2.30803333"><ele>-8.0</ele><time>2025-11-15T09:57:09.724Z</time></trkpt><trkpt lat="41.47418167" lon="2.30803"><ele>-8.0</ele><time>2025-11-15T09:57:10.724Z</time></trkpt><trkpt lat="41.47418333" lon="2.30802833"><ele>-9.0</ele><time>2025-11-15T09:57:11.725Z</time></trkpt><trkpt lat="41.47418333" lon="2.308025"><ele>-7.0</ele><time>2025-11-15T09:57:12.724Z</time></trkpt><trkpt lat="41.47417833" lon="2.30801"><ele>-7.0</ele><time>2025-11-15T09:57:13.724Z</time></trkpt><trkpt lat="41.47417333" lon="2.308005"><ele>-7.0</ele><time>2025-11-15T09:57:14.724Z</time></trkpt><trkpt lat="41.474165" lon="2.30798667"><ele>-7.0</ele><time>2025-11-15T09:57:15.724Z</time></trkpt><trkpt lat="41.47417167" lon="2.307975"><ele>-7.0</ele><time>2025-11-15T09:57:16.724Z</time></trkpt><trkpt lat="41.47417167" lon="2.30795667"><ele>-7.0</ele><time>2025-11-15T09:57:17.724Z</time></trkpt><trkpt lat="41.47414167" lon="2.30793333"><ele>-7.0</ele><time>2025-11-15T09:57:18.725Z</time></trkpt><trkpt lat="41.47413333" lon="2.30791667"><ele>-7.0</ele><time>2025-11-15T09:57:19.725Z</time></trkpt><trkpt lat="41.47412833" lon="2.30790833"><ele>-7.0</ele><time>2025-11-15T09:57:20.724Z</time></trkpt><trkpt lat="41.47412833" lon="2.30790667"><ele>-7.0</ele><time>2025-11-15T09:57:21.724Z</time></trkpt><trkpt lat="41.474135" lon="2.30790667"><ele>-7.0</ele><time>2025-11-15T09:57:22.725Z</time></trkpt><trkpt lat="41.47413667" lon="2.307905"><ele>-7.0</ele><time>2025-11-15T09:57:23.724Z</time></trkpt><trkpt lat="41.47413333" lon="2.30790333"><ele>-7.0</ele><time>2025-11-15T09:57:24.725Z</time></trkpt><trkpt lat="41.47413" lon="2.30790333"><ele>-7.0</ele><time>2025-11-15T09:57:25.725Z</time></trkpt><trkpt lat="41.47413" lon="2.307905"><ele>-7.0</ele><time>2025-11-15T09:57:26.725Z</time></trkpt><trkpt lat="41.47413167" lon="2.30790167"><ele>-7.0</ele><time>2025-11-15T09:57:27.724Z</time></trkpt><trkpt lat="41.47413167" lon="2.30789833"><ele>-7.0</ele><time>2025-11-15T09:57:28.725Z</time></trkpt><trkpt lat="41.47412333" lon="2.30788667"><ele>-9.0</ele><time>2025-11-15T09:57:29.725Z</time></trkpt><trkpt lat="41.47412167" lon="2.30788167"><ele>-8.0</ele><time>2025-11-15T09:57:30.724Z</time></trkpt><trkpt lat="41.47412667" lon="2.30786667"><ele>-8.0</ele><time>2025-11-15T09:57:31.725Z</time></trkpt><trkpt lat="41.47413" lon="2.30786167"><ele>-8.0</ele><time>2025-11-15T09:57:32.724Z</time></trkpt><trkpt lat="41.47413" lon="2.30785333"><ele>-8.0</ele><time>2025-11-15T09:57:33.724Z</time></trkpt><trkpt lat="41.47412833" lon="2.307845"><ele>-8.0</ele><time>2025-11-15T09:57:34.724Z</time></trkpt><trkpt lat="41.47413" lon="2.30783667"><ele>-8.0</ele><time>2025-11-15T09:57:35.724Z</time></trkpt><trkpt lat="41.47413667" lon="2.30781667"><ele>-8.0</ele><time>2025-11-15T09:57:36.724Z</time></trkpt><trkpt lat="41.474135" lon="2.307805"><ele>-8.0</ele><time>2025-11-15T09:57:37.725Z</time></trkpt><trkpt lat="41.47413667" lon="2.30779"><ele>-8.0</ele><time>2025-11-15T09:57:38.725Z</time></trkpt><trkpt lat="41.474145" lon="2.30777667"><ele>-10.0</ele><time>2025-11-15T09:57:39.725Z</time></trkpt><trkpt lat="41.47414667" lon="2.30775833"><ele>-10.0</ele><time>2025-11-15T09:57:40.725Z</time></trkpt><trkpt lat="41.47416833" lon="2.30777"><ele>-9.0</ele><time>2025-11-15T09:57:41.725Z</time></trkpt><trkpt lat="41.47417333" lon="2.30776333"><ele>-9.0</ele><time>2025-11-15T09:57:42.725Z</time></trkpt><trkpt lat="41.47418333" lon="2.30774833"><ele>-9.0</ele><time>2025-11-15T09:57:43.725Z</time></trkpt><trkpt lat="41.47420833" lon="2.30777167"><ele>-9.0</ele><time>2025-11-15T09:57:44.725Z</time></trkpt><trkpt lat="41.47420833" lon="2.30776167"><ele>-9.0</ele><time>2025-11-15T09:57:45.725Z</time></trkpt><trkpt lat="41.47420833" lon="2.30775"><ele>-9.0</ele><time>2025-11-15T09:57:46.724Z</time></trkpt><trkpt lat="41.47420167" lon="2.307725"><ele>-9.0</ele><time>2025-11-15T09:57:47.725Z</time></trkpt><trkpt lat="41.474195" lon="2.30770333"><ele>-10.0</ele><time>2025-11-15T09:57:48.725Z</time></trkpt><trkpt lat="41.47419667" lon="2.30771833"><ele>-10.0</ele><time>2025-11-15T09:57:49.724Z</time></trkpt><trkpt lat="41.474195" lon="2.30771"><ele>-10.0</ele><time>2025-11-15T09:57:50.724Z</time></trkpt><trkpt lat="41.47419333" lon="2.3077"><ele>-10.0</ele><time>2025-11-15T09:57:51.724Z</time></trkpt><trkpt lat="41.47419167" lon="2.30769"><ele>-11.0</ele><time>2025-11-15T09:57:52.724Z</time></trkpt><trkpt lat="41.47419833" lon="2.307705"><ele>-11.0</ele><time>2025-11-15T09:57:53.725Z</time></trkpt><trkpt lat="41.47420167" lon="2.30771"><ele>-11.0</ele><time>2025-11-15T09:57:54.725Z</time></trkpt><trkpt lat="41.47419667" lon="2.30770833"><ele>-11.0</ele><time>2025-11-15T09:57:55.724Z</time></trkpt><trkpt lat="41.47419833" lon="2.30769833"><ele>-12.0</ele><time>2025-11-15T09:57:56.724Z</time></trkpt><trkpt lat="41.47419667" lon="2.30769"><ele>-12.0</ele><time>2025-11-15T09:57:57.725Z</time></trkpt><trkpt lat="41.47420167" lon="2.307685"><ele>-12.0</ele><time>2025-11-15T09:57:58.724Z</time></trkpt><trkpt lat="41.47419833" lon="2.307675"><ele>-12.0</ele><time>2025-11-15T09:57:59.724Z</time></trkpt><trkpt lat="41.474195" lon="2.307665"><ele>-14.0</ele><time>2025-11-15T09:58:00.724Z</time></trkpt><trkpt lat="41.47419833" lon="2.30765833"><ele>-13.0</ele><time>2025-11-15T09:58:01.724Z</time></trkpt><trkpt lat="41.47419667" lon="2.30764333"><ele>-13.0</ele><time>2025-11-15T09:58:02.725Z</time></trkpt><trkpt lat="41.474195" lon="2.30763333"><ele>-13.0</ele><time>2025-11-15T09:58:03.725Z</time></trkpt><trkpt lat="41.47419667" lon="2.30763667"><ele>-13.0</ele><time>2025-11-15T09:58:04.725Z</time></trkpt><trkpt lat="41.47420333" lon="2.30763833"><ele>-13.0</ele><time>2025-11-15T09:58:05.725Z</time></trkpt><trkpt lat="41.474195" lon="2.307625"><ele>-13.0</ele><time>2025-11-15T09:58:06.724Z</time></trkpt><trkpt lat="41.47419333" lon="2.30761333"><ele>-13.0</ele><time>2025-11-15T09:58:07.724Z</time></trkpt><trkpt lat="41.47419" lon="2.30760167"><ele>-12.0</ele><time>2025-11-15T09:58:08.724Z</time></trkpt><trkpt lat="41.47419167" lon="2.30759333"><ele>-12.0</ele><time>2025-11-15T09:58:09.725Z</time></trkpt><trkpt lat="41.4742" lon="2.307585"><ele>-12.0</ele><time>2025-11-15T09:58:10.725Z</time></trkpt><trkpt lat="41.4742" lon="2.30757167"><ele>-11.0</ele><time>2025-11-15T09:58:11.725Z</time></trkpt><trkpt lat="41.47421333" lon="2.30756167"><ele>-11.0</ele><time>2025-11-15T09:58:12.724Z</time></trkpt><trkpt lat="41.47421833" lon="2.30755667"><ele>-11.0</ele><time>2025-11-15T09:58:13.724Z</time></trkpt><trkpt lat="41.47421833" lon="2.307545"><ele>-10.0</ele><time>2025-11-15T09:58:14.724Z</time></trkpt><trkpt lat="41.47422167" lon="2.30753833"><ele>-10.0</ele><time>2025-11-15T09:58:15.724Z</time></trkpt><trkpt lat="41.47422167" lon="2.30754333"><ele>-10.0</ele><time>2025-11-15T09:58:16.724Z</time></trkpt><trkpt lat="41.47422667" lon="2.30753667"><ele>-10.0</ele><time>2025-11-15T09:58:17.724Z</time></trkpt><trkpt lat="41.47423" lon="2.30752833"><ele>-11.0</ele><time>2025-11-15T09:58:18.725Z</time></trkpt><trkpt lat="41.47423167" lon="2.30752"><ele>-9.0</ele><time>2025-11-15T09:58:19.725Z</time></trkpt><trkpt lat="41.47424167" lon="2.30752167"><ele>-9.0</ele><time>2025-11-15T09:58:20.725Z</time></trkpt><trkpt lat="41.47424667" lon="2.30752"><ele>-9.0</ele><time>2025-11-15T09:58:21.724Z</time></trkpt><trkpt lat="41.47425833" lon="2.307515"><ele>-9.0</ele><time>2025-11-15T09:58:22.724Z</time></trkpt><trkpt lat="41.47424667" lon="2.30749833"><ele>-8.0</ele><time>2025-11-15T09:58:23.724Z</time></trkpt><trkpt lat="41.47423833" lon="2.30748667"><ele>-8.0</ele><time>2025-11-15T09:58:24.724Z</time></trkpt><trkpt lat="41.474235" lon="2.30747333"><ele>-7.0</ele><time>2025-11-15T09:58:25.725Z</time></trkpt><trkpt lat="41.47423167" lon="2.307455"><ele>-7.0</ele><time>2025-11-15T09:58:26.725Z</time></trkpt><trkpt lat="41.47423333" lon="2.30744333"><ele>-7.0</ele><time>2025-11-15T09:58:27.725Z</time></trkpt><trkpt lat="41.47424" lon="2.30743333"><ele>-7.0</ele><time>2025-11-15T09:58:28.724Z</time></trkpt><trkpt lat="41.474245" lon="2.30742"><ele>-8.0</ele><time>2025-11-15T09:58:29.724Z</time></trkpt><trkpt lat="41.47425167" lon="2.30741667"><ele>-8.0</ele><time>2025-11-15T09:58:30.724Z</time></trkpt><trkpt lat="41.47425167" lon="2.30741167"><ele>-6.0</ele><time>2025-11-15T09:58:31.724Z</time></trkpt><trkpt lat="41.47427" lon="2.307415"><ele>-6.0</ele><time>2025-11-15T09:58:32.724Z</time></trkpt><trkpt lat="41.47426833" lon="2.30740833"><ele>-6.0</ele><time>2025-11-15T09:58:33.724Z</time></trkpt><trkpt lat="41.474265" lon="2.30740167"><ele>-6.0</ele><time>2025-11-15T09:58:34.725Z</time></trkpt><trkpt lat="41.47426833" lon="2.307395"><ele>-6.0</ele><time>2025-11-15T09:58:35.725Z</time></trkpt><trkpt lat="41.47427333" lon="2.30739167"><ele>-6.0</ele><time>2025-11-15T09:58:36.724Z</time></trkpt><trkpt lat="41.47427167" lon="2.30738"><ele>-6.0</ele><time>2025-11-15T09:58:37.724Z</time></trkpt><trkpt lat="41.474275" lon="2.307365"><ele>-6.0</ele><time>2025-11-15T09:58:38.724Z</time></trkpt><trkpt lat="41.47427333" lon="2.30734833"><ele>-6.0</ele><time>2025-11-15T09:58:39.724Z</time></trkpt><trkpt lat="41.47427667" lon="2.30733833"><ele>-6.0</ele><time>2025-11-15T09:58:40.725Z</time></trkpt><trkpt lat="41.47428" lon="2.30733667"><ele>-6.0</ele><time>2025-11-15T09:58:41.725Z</time></trkpt><trkpt lat="41.47428667" lon="2.30734167"><ele>-6.0</ele><time>2025-11-15T09:58:42.725Z</time></trkpt><trkpt lat="41.47428833" lon="2.30734167"><ele>-6.0</ele><time>2025-11-15T09:58:43.725Z</time></trkpt><trkpt lat="41.47429167" lon="2.30733667"><ele>-6.0</ele><time>2025-11-15T09:58:44.725Z</time></trkpt><trkpt lat="41.47428667" lon="2.30732667"><ele>-6.0</ele><time>2025-11-15T09:58:45.724Z</time></trkpt><trkpt lat="41.47387167" lon="2.30623667"><ele>-6.0</ele><time>2025-11-15T09:59:23.725Z</time></trkpt><trkpt lat="41.47394333" lon="2.30639333"><ele>-6.0</ele><time>2025-11-15T09:59:24.725Z</time></trkpt><trkpt lat="41.47404667" lon="2.30675"><ele>-6.0</ele><time>2025-11-15T09:59:25.725Z</time></trkpt><trkpt lat="41.47404167" lon="2.30671"><ele>-6.0</ele><time>2025-11-15T09:59:26.725Z</time></trkpt><trkpt lat="41.47404333" lon="2.30669833"><ele>-6.0</ele><time>2025-11-15T09:59:27.724Z</time></trkpt><trkpt lat="41.47406333" lon="2.306775"><ele>-6.0</ele><time>2025-11-15T09:59:28.725Z</time></trkpt><trkpt lat="41.47406167" lon="2.30677"><ele>-5.0</ele><time>2025-11-15T09:59:29.725Z</time></trkpt><trkpt lat="41.47406167" lon="2.30679"><ele>-5.0</ele><time>2025-11-15T09:59:30.725Z</time></trkpt><trkpt lat="41.47406" lon="2.30678"><ele>-5.0</ele><time>2025-11-15T09:59:31.725Z</time></trkpt><trkpt lat="41.47408" lon="2.30684833"><ele>-5.0</ele><time>2025-11-15T09:59:32.724Z</time></trkpt><trkpt lat="41.47407833" lon="2.30683667"><ele>-6.0</ele><time>2025-11-15T09:59:33.724Z</time></trkpt><trkpt lat="41.474085" lon="2.30687167"><ele>-6.0</ele><time>2025-11-15T09:59:34.724Z</time></trkpt><trkpt lat="41.47407833" lon="2.306865"><ele>-6.0</ele><time>2025-11-15T09:59:35.724Z</time></trkpt><trkpt lat="41.47407" lon="2.30685333"><ele>-6.0</ele><time>2025-11-15T09:59:36.724Z</time></trkpt><trkpt lat="41.47406667" lon="2.30686167"><ele>-6.0</ele><time>2025-11-15T09:59:37.724Z</time></trkpt><trkpt lat="41.47406" lon="2.30685667"><ele>-6.0</ele><time>2025-11-15T09:59:38.724Z</time></trkpt><trkpt lat="41.47407167" lon="2.30691833"><ele>-6.0</ele><time>2025-11-15T09:59:39.725Z</time></trkpt><trkpt lat="41.47407667" lon="2.30695"><ele>-6.0</ele><time>2025-11-15T09:59:40.725Z</time></trkpt><trkpt lat="41.47407333" lon="2.306945"><ele>-6.0</ele><time>2025-11-15T09:59:41.725Z</time></trkpt><trkpt lat="41.47406833" lon="2.306935"><ele>-6.0</ele><time>2025-11-15T09:59:42.725Z</time></trkpt><trkpt lat="41.47407667" lon="2.30695333"><ele>-6.0</ele><time>2025-11-15T09:59:43.724Z</time></trkpt><trkpt lat="41.47407833" lon="2.30694667"><ele>-6.0</ele><time>2025-11-15T09:59:44.724Z</time></trkpt><trkpt lat="41.474095" lon="2.30692833"><ele>-6.0</ele><time>2025-11-15T10:00:03.724Z</time></trkpt><trkpt lat="41.47420833" lon="2.30696333"><ele>-6.0</ele><time>2025-11-15T10:00:05.725Z</time></trkpt><trkpt lat="41.47429667" lon="2.30703167"><ele>-7.0</ele><time>2025-11-15T10:00:06.725Z</time></trkpt><trkpt lat="41.47430333" lon="2.30710667"><ele>-7.0</ele><time>2025-11-15T10:00:07.724Z</time></trkpt><trkpt lat="41.47425" lon="2.306395"><ele>-7.0</ele><time>2025-11-15T10:00:08.724Z</time></trkpt><trkpt lat="41.47425" lon="2.30666833"><ele>-5.0</ele><time>2025-11-15T10:00:09.724Z</time></trkpt><trkpt lat="41.47425667" lon="2.30675333"><ele>-5.0</ele><time>2025-11-15T10:00:10.724Z</time></trkpt><trkpt lat="41.47424667" lon="2.306865"><ele>-5.0</ele><time>2025-11-15T10:00:11.725Z</time></trkpt><trkpt lat="41.474255" lon="2.30691167"><ele>-5.0</ele><time>2025-11-15T10:00:12.725Z</time></trkpt><trkpt lat="41.47425667" lon="2.30695667"><ele>-5.0</ele><time>2025-11-15T10:00:13.725Z</time></trkpt><trkpt lat="41.47422333" lon="2.30696"><ele>-5.0</ele><time>2025-11-15T10:00:14.725Z</time></trkpt><trkpt lat="41.47422167" lon="2.30697167"><ele>-5.0</ele><time>2025-11-15T10:00:15.725Z</time></trkpt><trkpt lat="41.47417667" lon="2.30698333"><ele>-5.0</ele><time>2025-11-15T10:00:16.725Z</time></trkpt><trkpt lat="41.47417833" lon="2.30699333"><ele>-5.0</ele><time>2025-11-15T10:00:17.725Z</time></trkpt><trkpt lat="41.47418" lon="2.30700333"><ele>-7.0</ele><time>2025-11-15T10:00:18.725Z</time></trkpt><trkpt lat="41.47447" lon="2.30707167"><ele>-6.0</ele><time>2025-11-15T10:01:12.724Z</time></trkpt><trkpt lat="41.47449833" lon="2.307135"><ele>-6.0</ele><time>2025-11-15T10:01:13.724Z</time></trkpt><trkpt lat="41.474485" lon="2.30714667"><ele>-9.0</ele><time>2025-11-15T10:01:14.725Z</time></trkpt><trkpt lat="41.47456" lon="2.30716167"><ele>-12.0</ele><time>2025-11-15T10:01:15.724Z</time></trkpt><trkpt lat="41.47459" lon="2.30717667"><ele>-12.0</ele><time>2025-11-15T10:01:16.725Z</time></trkpt><trkpt lat="41.474645" lon="2.307165"><ele>-14.0</ele><time>2025-11-15T10:01:17.725Z</time></trkpt><trkpt lat="41.47468167" lon="2.307145"><ele>-15.0</ele><time>2025-11-15T10:01:18.725Z</time></trkpt><trkpt lat="41.474715" lon="2.30712833"><ele>-16.0</ele><time>2025-11-15T10:01:19.725Z</time></trkpt><trkpt lat="41.47477" lon="2.30708667"><ele>-17.0</ele><time>2025-11-15T10:01:21.725Z</time></trkpt><trkpt lat="41.47481333" lon="2.30705667"><ele>-20.0</ele><time>2025-11-15T10:01:24.724Z</time></trkpt><trkpt lat="41.47480667" lon="2.30705833"><ele>-10.0</ele><time>2025-11-15T10:01:25.725Z</time></trkpt><trkpt lat="41.47482167" lon="2.30705333"><ele>-1.0</ele><time>2025-11-15T10:01:27.724Z</time></trkpt><trkpt lat="41.47479667" lon="2.30705167"><ele>-1.0</ele><time>2025-11-15T10:01:28.725Z</time></trkpt><trkpt lat="41.47474167" lon="2.30706167"><ele>-2.0</ele><time>2025-11-15T10:01:29.725Z</time></trkpt><trkpt lat="41.4747" lon="2.30707667"><ele>-3.0</ele><time>2025-11-15T10:01:30.724Z</time></trkpt><trkpt lat="41.47455333" lon="2.30706333"><ele>-4.0</ele><time>2025-11-15T10:01:35.725Z</time></trkpt><trkpt lat="41.47453333" lon="2.30705667"><ele>-5.0</ele><time>2025-11-15T10:01:36.724Z</time></trkpt><trkpt lat="41.47451333" lon="2.30704333"><ele>-6.0</ele><time>2025-11-15T10:01:37.725Z</time></trkpt><trkpt lat="41.47449833" lon="2.30703667"><ele>-6.0</ele><time>2025-11-15T10:01:38.725Z</time></trkpt><trkpt lat="41.47448333" lon="2.307035"><ele>-7.0</ele><time>2025-11-15T10:01:39.725Z</time></trkpt><trkpt lat="41.47449833" lon="2.30703333"><ele>-8.0</ele><time>2025-11-15T10:01:40.724Z</time></trkpt><trkpt lat="41.47449667" lon="2.30703"><ele>-8.0</ele><time>2025-11-15T10:01:41.724Z</time></trkpt><trkpt lat="41.4745" lon="2.30703667"><ele>-10.0</ele><time>2025-11-15T10:01:42.725Z</time></trkpt><trkpt lat="41.47449667" lon="2.30703667"><ele>-9.0</ele><time>2025-11-15T10:01:43.725Z</time></trkpt><trkpt lat="41.47448833" lon="2.30704"><ele>-8.0</ele><time>2025-11-15T10:01:44.724Z</time></trkpt><trkpt lat="41.47447667" lon="2.30704333"><ele>-9.0</ele><time>2025-11-15T10:01:45.725Z</time></trkpt><trkpt lat="41.474465" lon="2.30704"><ele>-7.0</ele><time>2025-11-15T10:01:46.724Z</time></trkpt><trkpt lat="41.47445833" lon="2.30704"><ele>-7.0</ele><time>2025-11-15T10:01:47.725Z</time></trkpt><trkpt lat="41.47445167" lon="2.307035"><ele>-7.0</ele><time>2025-11-15T10:01:48.725Z</time></trkpt><trkpt lat="41.47445333" lon="2.30703333"><ele>-7.0</ele><time>2025-11-15T10:01:49.725Z</time></trkpt><trkpt lat="41.47444833" lon="2.30702833"><ele>-8.0</ele><time>2025-11-15T10:01:50.724Z</time></trkpt><trkpt lat="41.47445" lon="2.30702"><ele>-8.0</ele><time>2025-11-15T10:01:51.724Z</time></trkpt><trkpt lat="41.47445833" lon="2.307015"><ele>-6.0</ele><time>2025-11-15T10:01:52.724Z</time></trkpt><trkpt lat="41.47445" lon="2.30700833"><ele>-6.0</ele><time>2025-11-15T10:01:53.725Z</time></trkpt><trkpt lat="41.47443667" lon="2.30699333"><ele>-6.0</ele><time>2025-11-15T10:01:54.724Z</time></trkpt><trkpt lat="41.47442333" lon="2.30697667"><ele>-8.0</ele><time>2025-11-15T10:01:55.724Z</time></trkpt><trkpt lat="41.47440833" lon="2.30696333"><ele>-7.0</ele><time>2025-11-15T10:01:56.724Z</time></trkpt><trkpt lat="41.474405" lon="2.30695333"><ele>-7.0</ele><time>2025-11-15T10:01:57.724Z</time></trkpt><trkpt lat="41.47438667" lon="2.30694167"><ele>-7.0</ele><time>2025-11-15T10:01:58.724Z</time></trkpt><trkpt lat="41.47438333" lon="2.30693"><ele>-10.0</ele><time>2025-11-15T10:01:59.724Z</time></trkpt><trkpt lat="41.47437167" lon="2.30692833"><ele>-14.0</ele><time>2025-11-15T10:02:00.725Z</time></trkpt><trkpt lat="41.474355" lon="2.30692833"><ele>-14.0</ele><time>2025-11-15T10:02:01.725Z</time></trkpt><trkpt lat="41.474345" lon="2.30693"><ele>-16.0</ele><time>2025-11-15T10:02:02.725Z</time></trkpt><trkpt lat="41.47434167" lon="2.30693167"><ele>-17.0</ele><time>2025-11-15T10:02:03.724Z</time></trkpt><trkpt lat="41.474335" lon="2.30693167"><ele>-19.0</ele><time>2025-11-15T10:02:04.724Z</time></trkpt><trkpt lat="41.47432667" lon="2.30692167"><ele>-17.0</ele><time>2025-11-15T10:02:05.725Z</time></trkpt><trkpt lat="41.47432" lon="2.3069"><ele>-16.0</ele><time>2025-11-15T10:02:06.725Z</time></trkpt><trkpt lat="41.47431" lon="2.30687333"><ele>-12.0</ele><time>2025-11-15T10:02:07.725Z</time></trkpt><trkpt lat="41.47431167" lon="2.30686667"><ele>-12.0</ele><time>2025-11-15T10:02:08.724Z</time></trkpt><trkpt lat="41.47429833" lon="2.30684833"><ele>-13.0</ele><time>2025-11-15T10:02:09.725Z</time></trkpt><trkpt lat="41.4743" lon="2.30683833"><ele>-11.0</ele><time>2025-11-15T10:02:10.725Z</time></trkpt><trkpt lat="41.47429333" lon="2.30681667"><ele>-10.0</ele><time>2025-11-15T10:02:11.725Z</time></trkpt><trkpt lat="41.474285" lon="2.306795"><ele>-9.0</ele><time>2025-11-15T10:02:12.725Z</time></trkpt><trkpt lat="41.47428833" lon="2.306785"><ele>-9.0</ele><time>2025-11-15T10:02:13.725Z</time></trkpt><trkpt lat="41.474295" lon="2.30677667"><ele>-11.0</ele><time>2025-11-15T10:02:14.725Z</time></trkpt><trkpt lat="41.47429333" lon="2.30675833"><ele>-11.0</ele><time>2025-11-15T10:02:15.724Z</time></trkpt><trkpt lat="41.47429667" lon="2.30676667"><ele>-9.0</ele><time>2025-11-15T10:02:16.725Z</time></trkpt><trkpt lat="41.474295" lon="2.30676167"><ele>-9.0</ele><time>2025-11-15T10:02:17.725Z</time></trkpt><trkpt lat="41.47429667" lon="2.30676167"><ele>-9.0</ele><time>2025-11-15T10:02:18.724Z</time></trkpt><trkpt lat="41.47430167" lon="2.306765"><ele>-9.0</ele><time>2025-11-15T10:02:19.724Z</time></trkpt><trkpt lat="41.4743" lon="2.30676167"><ele>-9.0</ele><time>2025-11-15T10:02:20.724Z</time></trkpt><trkpt lat="41.47428" lon="2.30674833"><ele>-9.0</ele><time>2025-11-15T10:02:21.724Z</time></trkpt><trkpt lat="41.47426667" lon="2.30674"><ele>-9.0</ele><time>2025-11-15T10:02:22.724Z</time></trkpt><trkpt lat="41.474265" lon="2.30672333"><ele>-10.0</ele><time>2025-11-15T10:02:23.725Z</time></trkpt><trkpt lat="41.47426167" lon="2.30672333"><ele>-10.0</ele><time>2025-11-15T10:02:24.725Z</time></trkpt><trkpt lat="41.47425333" lon="2.30672"><ele>-10.0</ele><time>2025-11-15T10:02:25.725Z</time></trkpt><trkpt lat="41.47426" lon="2.30671333"><ele>-10.0</ele><time>2025-11-15T10:02:26.724Z</time></trkpt><trkpt lat="41.47425" lon="2.30669833"><ele>-10.0</ele><time>2025-11-15T10:02:27.724Z</time></trkpt><trkpt lat="41.47425167" lon="2.3067"><ele>-10.0</ele><time>2025-11-15T10:02:28.725Z</time></trkpt><trkpt lat="41.47424833" lon="2.30668667"><ele>-10.0</ele><time>2025-11-15T10:02:29.725Z</time></trkpt><trkpt lat="41.47425333" lon="2.30669167"><ele>-9.0</ele><time>2025-11-15T10:02:30.725Z</time></trkpt><trkpt lat="41.47425167" lon="2.30667667"><ele>-9.0</ele><time>2025-11-15T10:02:31.724Z</time></trkpt><trkpt lat="41.47425" lon="2.30665833"><ele>-9.0</ele><time>2025-11-15T10:02:32.725Z</time></trkpt><trkpt lat="41.47425167" lon="2.30666"><ele>-9.0</ele><time>2025-11-15T10:02:33.724Z</time></trkpt><trkpt lat="41.47424667" lon="2.30665333"><ele>-9.0</ele><time>2025-11-15T10:02:34.725Z</time></trkpt><trkpt lat="41.47425333" lon="2.306645"><ele>-9.0</ele><time>2025-11-15T10:02:35.724Z</time></trkpt><trkpt lat="41.47424667" lon="2.30662333"><ele>-9.0</ele><time>2025-11-15T10:02:36.725Z</time></trkpt><trkpt lat="41.47424" lon="2.3066"><ele>-9.0</ele><time>2025-11-15T10:02:37.724Z</time></trkpt><trkpt lat="41.474245" lon="2.306595"><ele>-8.0</ele><time>2025-11-15T10:02:38.724Z</time></trkpt><trkpt lat="41.47423833" lon="2.30657833"><ele>-6.0</ele><time>2025-11-15T10:02:39.725Z</time></trkpt><trkpt lat="41.474225" lon="2.30655833"><ele>-5.0</ele><time>2025-11-15T10:02:40.725Z</time></trkpt><trkpt lat="41.47421167" lon="2.30655"><ele>-4.0</ele><time>2025-11-15T10:02:41.724Z</time></trkpt><trkpt lat="41.47419333" lon="2.30653167"><ele>-3.0</ele><time>2025-11-15T10:02:42.724Z</time></trkpt><trkpt lat="41.47418333" lon="2.30652667"><ele>-3.0</ele><time>2025-11-15T10:02:43.724Z</time></trkpt><trkpt lat="41.47417333" lon="2.30650833"><ele>-2.0</ele><time>2025-11-15T10:02:44.725Z</time></trkpt><trkpt lat="41.47415667" lon="2.306485"><ele>-3.0</ele><time>2025-11-15T10:02:45.724Z</time></trkpt><trkpt lat="41.474155" lon="2.30647833"><ele>-3.0</ele><time>2025-11-15T10:02:46.725Z</time></trkpt><trkpt lat="41.474145" lon="2.30646"><ele>-6.0</ele><time>2025-11-15T10:02:47.725Z</time></trkpt><trkpt lat="41.47414333" lon="2.30645833"><ele>-6.0</ele><time>2025-11-15T10:02:48.724Z</time></trkpt><trkpt lat="41.47413333" lon="2.306445"><ele>-8.0</ele><time>2025-11-15T10:02:49.725Z</time></trkpt><trkpt lat="41.47413667" lon="2.30645667"><ele>-8.0</ele><time>2025-11-15T10:02:50.724Z</time></trkpt><trkpt lat="41.47413333" lon="2.30645333"><ele>-10.0</ele><time>2025-11-15T10:02:51.725Z</time></trkpt><trkpt lat="41.47414" lon="2.30648167"><ele>-10.0</ele><time>2025-11-15T10:02:52.724Z</time></trkpt><trkpt lat="41.47413167" lon="2.306475"><ele>-10.0</ele><time>2025-11-15T10:02:53.725Z</time></trkpt><trkpt lat="41.47413667" lon="2.30649"><ele>-9.0</ele><time>2025-11-15T10:02:54.724Z</time></trkpt><trkpt lat="41.47453167" lon="2.306505"><ele>-8.0</ele><time>2025-11-15T10:03:06.725Z</time></trkpt><trkpt lat="41.47452333" lon="2.30649667"><ele>-7.0</ele><time>2025-11-15T10:03:07.724Z</time></trkpt><trkpt lat="41.47452333" lon="2.30648333"><ele>-6.0</ele><time>2025-11-15T10:03:08.724Z</time></trkpt><trkpt lat="41.47451833" lon="2.30646"><ele>-7.0</ele><time>2025-11-15T10:03:09.725Z</time></trkpt><trkpt lat="41.47452167" lon="2.30643667"><ele>-5.0</ele><time>2025-11-15T10:03:10.724Z</time></trkpt><trkpt lat="41.47452667" lon="2.30644167"><ele>-5.0</ele><time>2025-11-15T10:03:11.724Z</time></trkpt><trkpt lat="41.47452667" lon="2.306445"><ele>-5.0</ele><time>2025-11-15T10:03:12.724Z</time></trkpt><trkpt lat="41.47453833" lon="2.30646333"><ele>-5.0</ele><time>2025-11-15T10:03:13.724Z</time></trkpt><trkpt lat="41.47455333" lon="2.30647833"><ele>-5.0</ele><time>2025-11-15T10:03:14.724Z</time></trkpt><trkpt lat="41.47455" lon="2.30648"><ele>-5.0</ele><time>2025-11-15T10:03:15.725Z</time></trkpt><trkpt lat="41.47459667" lon="2.30641833"><ele>-5.0</ele><time>2025-11-15T10:03:24.725Z</time></trkpt><trkpt lat="41.47464333" lon="2.30640333"><ele>-5.0</ele><time>2025-11-15T10:03:25.724Z</time></trkpt><trkpt lat="41.474635" lon="2.30639833"><ele>-5.0</ele><time>2025-11-15T10:03:26.725Z</time></trkpt><trkpt lat="41.47471667" lon="2.305885"><ele>-5.0</ele><time>2025-11-15T10:03:55.725Z</time></trkpt><trkpt lat="41.47472" lon="2.30588667"><ele>-6.0</ele><time>2025-11-15T10:03:56.724Z</time></trkpt><trkpt lat="41.47472167" lon="2.30588833"><ele>-6.0</ele><time>2025-11-15T10:03:57.724Z</time></trkpt><trkpt lat="41.47472167" lon="2.30597333"><ele>-6.0</ele><time>2025-11-15T10:03:58.724Z</time></trkpt><trkpt lat="41.47474" lon="2.306045"><ele>-7.0</ele><time>2025-11-15T10:03:59.724Z</time></trkpt><trkpt lat="41.47475" lon="2.30611667"><ele>-7.0</ele><time>2025-11-15T10:04:00.725Z</time></trkpt><trkpt lat="41.47476333" lon="2.30614833"><ele>-7.0</ele><time>2025-11-15T10:04:01.724Z</time></trkpt><trkpt lat="41.47477667" lon="2.30617333"><ele>-7.0</ele><time>2025-11-15T10:04:02.724Z</time></trkpt><trkpt lat="41.474785" lon="2.30617667"><ele>-7.0</ele><time>2025-11-15T10:04:03.724Z</time></trkpt><trkpt lat="41.47478833" lon="2.30618167"><ele>-9.0</ele><time>2025-11-15T10:04:04.725Z</time></trkpt><trkpt lat="41.47478" lon="2.306205"><ele>-9.0</ele><time>2025-11-15T10:04:05.724Z</time></trkpt><trkpt lat="41.47478167" lon="2.30620833"><ele>-7.0</ele><time>2025-11-15T10:04:06.725Z</time></trkpt><trkpt lat="41.47478167" lon="2.30621"><ele>-7.0</ele><time>2025-11-15T10:04:07.724Z</time></trkpt><trkpt lat="41.47478167" lon="2.30621667"><ele>-7.0</ele><time>2025-11-15T10:04:08.725Z</time></trkpt><trkpt lat="41.47478667" lon="2.30628"><ele>-7.0</ele><time>2025-11-15T10:04:13.725Z</time></trkpt><trkpt lat="41.47478167" lon="2.30629"><ele>-7.0</ele><time>2025-11-15T10:04:14.724Z</time></trkpt><trkpt lat="41.47477833" lon="2.30629833"><ele>-6.0</ele><time>2025-11-15T10:04:15.725Z</time></trkpt><trkpt lat="41.47477333" lon="2.30630167"><ele>-6.0</ele><time>2025-11-15T10:04:16.724Z</time></trkpt><trkpt lat="41.474765" lon="2.30631333"><ele>-6.0</ele><time>2025-11-15T10:04:17.725Z</time></trkpt><trkpt lat="41.47476333" lon="2.30632167"><ele>-6.0</ele><time>2025-11-15T10:04:18.725Z</time></trkpt><trkpt lat="41.474765" lon="2.30634"><ele>-6.0</ele><time>2025-11-15T10:04:19.724Z</time></trkpt><trkpt lat="41.474795" lon="2.30637"><ele>-6.0</ele><time>2025-11-15T10:04:20.724Z</time></trkpt><trkpt lat="41.47481167" lon="2.30638167"><ele>-6.0</ele><time>2025-11-15T10:04:21.724Z</time></trkpt><trkpt lat="41.47480167" lon="2.30639667"><ele>-5.0</ele><time>2025-11-15T10:04:22.725Z</time></trkpt><trkpt lat="41.47477833" lon="2.306425"><ele>-5.0</ele><time>2025-11-15T10:04:23.724Z</time></trkpt><trkpt lat="41.47476167" lon="2.30643167"><ele>-5.0</ele><time>2025-11-15T10:04:24.725Z</time></trkpt><trkpt lat="41.47474667" lon="2.30644833"><ele>-5.0</ele><time>2025-11-15T10:04:25.724Z</time></trkpt><trkpt lat="41.47474333" lon="2.30647333"><ele>-5.0</ele><time>2025-11-15T10:04:26.725Z</time></trkpt><trkpt lat="41.47471167" lon="2.30649"><ele>-5.0</ele><time>2025-11-15T10:04:27.725Z</time></trkpt><trkpt lat="41.47468333" lon="2.30648667"><ele>-5.0</ele><time>2025-11-15T10:04:28.724Z</time></trkpt><trkpt lat="41.47466" lon="2.30649167"><ele>-5.0</ele><time>2025-11-15T10:04:29.725Z</time></trkpt><trkpt lat="41.47460833" lon="2.30650333"><ele>-5.0</ele><time>2025-11-15T10:04:30.724Z</time></trkpt><trkpt lat="41.47452" lon="2.30651333"><ele>-5.0</ele><time>2025-11-15T10:04:31.725Z</time></trkpt><trkpt lat="41.47452167" lon="2.306535"><ele>-7.0</ele><time>2025-11-15T10:04:32.724Z</time></trkpt><trkpt lat="41.47449333" lon="2.30655"><ele>-6.0</ele><time>2025-11-15T10:04:33.724Z</time></trkpt><trkpt lat="41.47448333" lon="2.30656333"><ele>-6.0</ele><time>2025-11-15T10:04:34.725Z</time></trkpt><trkpt lat="41.47449167" lon="2.306565"><ele>-6.0</ele><time>2025-11-15T10:04:35.724Z</time></trkpt><trkpt lat="41.47448667" lon="2.30656833"><ele>-6.0</ele><time>2025-11-15T10:04:36.724Z</time></trkpt><trkpt lat="41.474515" lon="2.30656833"><ele>-7.0</ele><time>2025-11-15T10:04:37.725Z</time></trkpt><trkpt lat="41.47451833" lon="2.30657"><ele>-8.0</ele><time>2025-11-15T10:04:38.724Z</time></trkpt><trkpt lat="41.47456167" lon="2.30654833"><ele>-8.0</ele><time>2025-11-15T10:04:39.725Z</time></trkpt><trkpt lat="41.47458167" lon="2.30653833"><ele>-9.0</ele><time>2025-11-15T10:04:40.724Z</time></trkpt><trkpt lat="41.47463167" lon="2.30655"><ele>-10.0</ele><time>2025-11-15T10:04:41.725Z</time></trkpt><trkpt lat="41.47466" lon="2.30653833"><ele>-10.0</ele><time>2025-11-15T10:04:42.724Z</time></trkpt><trkpt lat="41.47466167" lon="2.30653833"><ele>-11.0</ele><time>2025-11-15T10:04:43.725Z</time></trkpt><trkpt lat="41.47466" lon="2.30653167"><ele>-11.0</ele><time>2025-11-15T10:04:44.724Z</time></trkpt><trkpt lat="41.47467167" lon="2.30654"><ele>-12.0</ele><time>2025-11-15T10:04:45.725Z</time></trkpt><trkpt lat="41.47467167" lon="2.30654667"><ele>-12.0</ele><time>2025-11-15T10:04:46.724Z</time></trkpt><trkpt lat="41.47467167" lon="2.30654167"><ele>-13.0</ele><time>2025-11-15T10:04:47.724Z</time></trkpt><trkpt lat="41.474665" lon="2.30653"><ele>-13.0</ele><time>2025-11-15T10:04:48.725Z</time></trkpt><trkpt lat="41.47465" lon="2.30652333"><ele>-15.0</ele><time>2025-11-15T10:04:49.724Z</time></trkpt><trkpt lat="41.47466833" lon="2.30655333"><ele>-13.0</ele><time>2025-11-15T10:04:50.725Z</time></trkpt><trkpt lat="41.47465667" lon="2.30654167"><ele>-13.0</ele><time>2025-11-15T10:04:51.724Z</time></trkpt><trkpt lat="41.47464833" lon="2.30655"><ele>-13.0</ele><time>2025-11-15T10:04:52.725Z</time></trkpt><trkpt lat="41.47464667" lon="2.30656"><ele>-13.0</ele><time>2025-11-15T10:04:53.724Z</time></trkpt><trkpt lat="41.47463833" lon="2.30656667"><ele>-13.0</ele><time>2025-11-15T10:04:54.724Z</time></trkpt><trkpt lat="41.47463" lon="2.30657167"><ele>-13.0</ele><time>2025-11-15T10:04:55.724Z</time></trkpt><trkpt lat="41.47464" lon="2.30657167"><ele>-13.0</ele><time>2025-11-15T10:04:56.724Z</time></trkpt><trkpt lat="41.47463833" lon="2.30657333"><ele>-13.0</ele><time>2025-11-15T10:04:57.725Z</time></trkpt><trkpt lat="41.47463333" lon="2.306585"><ele>-14.0</ele><time>2025-11-15T10:04:58.724Z</time></trkpt><trkpt lat="41.474675" lon="2.306615"><ele>-14.0</ele><time>2025-11-15T10:04:59.724Z</time></trkpt><trkpt lat="41.47469667" lon="2.306625"><ele>-14.0</ele><time>2025-11-15T10:05:00.725Z</time></trkpt><trkpt lat="41.47469333" lon="2.30663"><ele>-12.0</ele><time>2025-11-15T10:05:01.725Z</time></trkpt><trkpt lat="41.47468167" lon="2.30661833"><ele>-12.0</ele><time>2025-11-15T10:05:02.725Z</time></trkpt><trkpt lat="41.47467333" lon="2.30661333"><ele>-12.0</ele><time>2025-11-15T10:05:03.724Z</time></trkpt><trkpt lat="41.47466833" lon="2.30662167"><ele>-12.0</ele><time>2025-11-15T10:05:04.725Z</time></trkpt><trkpt lat="41.47466" lon="2.306625"><ele>-12.0</ele><time>2025-11-15T10:05:05.725Z</time></trkpt><trkpt lat="41.474655" lon="2.30663167"><ele>-12.0</ele><time>2025-11-15T10:05:06.724Z</time></trkpt><trkpt lat="41.47464167" lon="2.30661667"><ele>-12.0</ele><time>2025-11-15T10:05:07.725Z</time></trkpt><trkpt lat="41.47465333" lon="2.30663"><ele>-12.0</ele><time>2025-11-15T10:05:08.724Z</time></trkpt><trkpt lat="41.47464833" lon="2.30662"><ele>-12.0</ele><time>2025-11-15T10:05:09.725Z</time></trkpt><trkpt lat="41.47464" lon="2.30663833"><ele>-12.0</ele><time>2025-11-15T10:05:10.725Z</time></trkpt><trkpt lat="41.47462333" lon="2.30664833"><ele>-12.0</ele><time>2025-11-15T10:05:11.724Z</time></trkpt><trkpt lat="41.4746" lon="2.30666667"><ele>-12.0</ele><time>2025-11-15T10:05:12.725Z</time></trkpt><trkpt lat="41.47458167" lon="2.30667833"><ele>-12.0</ele><time>2025-11-15T10:05:13.724Z</time></trkpt><trkpt lat="41.47457167" lon="2.30668667"><ele>-12.0</ele><time>2025-11-15T10:05:14.725Z</time></trkpt><trkpt lat="41.47456167" lon="2.30669"><ele>-12.0</ele><time>2025-11-15T10:05:15.724Z</time></trkpt><trkpt lat="41.47456667" lon="2.306695"><ele>-12.0</ele><time>2025-11-15T10:05:16.725Z</time></trkpt><trkpt lat="41.474555" lon="2.306705"><ele>-12.0</ele><time>2025-11-15T10:05:17.725Z</time></trkpt><trkpt lat="41.47454833" lon="2.306715"><ele>-12.0</ele><time>2025-11-15T10:05:18.724Z</time></trkpt><trkpt lat="41.47453833" lon="2.30673"><ele>-12.0</ele><time>2025-11-15T10:05:19.725Z</time></trkpt><trkpt lat="41.47453" lon="2.30673833"><ele>-12.0</ele><time>2025-11-15T10:05:20.724Z</time></trkpt><trkpt lat="41.474535" lon="2.30671333"><ele>-12.0</ele><time>2025-11-15T10:05:21.725Z</time></trkpt><trkpt lat="41.47453667" lon="2.30671"><ele>-12.0</ele><time>2025-11-15T10:05:22.725Z</time></trkpt><trkpt lat="41.47453167" lon="2.30670333"><ele>-12.0</ele><time>2025-11-15T10:05:23.724Z</time></trkpt><trkpt lat="41.47453333" lon="2.30669167"><ele>-11.0</ele><time>2025-11-15T10:05:24.725Z</time></trkpt><trkpt lat="41.47452167" lon="2.306685"><ele>-11.0</ele><time>2025-11-15T10:05:25.724Z</time></trkpt><trkpt lat="41.47452" lon="2.306665"><ele>-11.0</ele><time>2025-11-15T10:05:26.725Z</time></trkpt><trkpt lat="41.474515" lon="2.30665667"><ele>-11.0</ele><time>2025-11-15T10:05:27.724Z</time></trkpt><trkpt lat="41.474505" lon="2.30664333"><ele>-11.0</ele><time>2025-11-15T10:05:28.725Z</time></trkpt><trkpt lat="41.47457333" lon="2.30661167"><ele>-11.0</ele><time>2025-11-15T10:05:29.724Z</time></trkpt><trkpt lat="41.474605" lon="2.30659"><ele>-11.0</ele><time>2025-11-15T10:05:30.724Z</time></trkpt><trkpt lat="41.474635" lon="2.30656833"><ele>-11.0</ele><time>2025-11-15T10:05:31.724Z</time></trkpt><trkpt lat="41.474665" lon="2.306545"><ele>-11.0</ele><time>2025-11-15T10:05:32.724Z</time></trkpt><trkpt lat="41.47468833" lon="2.30652833"><ele>-11.0</ele><time>2025-11-15T10:05:33.725Z</time></trkpt><trkpt lat="41.47470833" lon="2.30651"><ele>-11.0</ele><time>2025-11-15T10:05:34.724Z</time></trkpt><trkpt lat="41.47471333" lon="2.30648833"><ele>-11.0</ele><time>2025-11-15T10:05:35.725Z</time></trkpt><trkpt lat="41.47472833" lon="2.30647167"><ele>-11.0</ele><time>2025-11-15T10:05:36.724Z</time></trkpt><trkpt lat="41.474685" lon="2.30648333"><ele>-11.0</ele><time>2025-11-15T10:05:37.725Z</time></trkpt><trkpt lat="41.47467667" lon="2.30647833"><ele>-11.0</ele><time>2025-11-15T10:05:38.724Z</time></trkpt><trkpt lat="41.47466667" lon="2.30648833"><ele>-11.0</ele><time>2025-11-15T10:05:39.725Z</time></trkpt><trkpt lat="41.47465667" lon="2.30649333"><ele>-11.0</ele><time>2025-11-15T10:05:40.724Z</time></trkpt><trkpt lat="41.47464667" lon="2.30649"><ele>-11.0</ele><time>2025-11-15T10:05:41.725Z</time></trkpt><trkpt lat="41.47464167" lon="2.30649333"><ele>-11.0</ele><time>2025-11-15T10:05:42.724Z</time></trkpt><trkpt lat="41.47464" lon="2.30648333"><ele>-11.0</ele><time>2025-11-15T10:05:43.724Z</time></trkpt><trkpt lat="41.474645" lon="2.30646833"><ele>-11.0</ele><time>2025-11-15T10:05:44.725Z</time></trkpt><trkpt lat="41.47464333" lon="2.30645833"><ele>-11.0</ele><time>2025-11-15T10:05:45.724Z</time></trkpt><trkpt lat="41.47464167" lon="2.30645333"><ele>-12.0</ele><time>2025-11-15T10:05:46.725Z</time></trkpt><trkpt lat="41.47463667" lon="2.30645167"><ele>-12.0</ele><time>2025-11-15T10:05:47.724Z</time></trkpt><trkpt lat="41.47463" lon="2.30644833"><ele>-12.0</ele><time>2025-11-15T10:05:48.725Z</time></trkpt><trkpt lat="41.47462667" lon="2.30643667"><ele>-12.0</ele><time>2025-11-15T10:05:49.724Z</time></trkpt><trkpt lat="41.4746" lon="2.30646667"><ele>-12.0</ele><time>2025-11-15T10:05:50.725Z</time></trkpt><trkpt lat="41.47457333" lon="2.30643167"><ele>-12.0</ele><time>2025-11-15T10:05:51.724Z</time></trkpt><trkpt lat="41.47456" lon="2.30644667"><ele>-12.0</ele><time>2025-11-15T10:05:52.725Z</time></trkpt><trkpt lat="41.47455167" lon="2.30644167"><ele>-12.0</ele><time>2025-11-15T10:05:53.725Z</time></trkpt><trkpt lat="41.474545" lon="2.30643667"><ele>-13.0</ele><time>2025-11-15T10:05:54.724Z</time></trkpt><trkpt lat="41.4745" lon="2.30640833"><ele>-13.0</ele><time>2025-11-15T10:05:59.725Z</time></trkpt><trkpt lat="41.47449333" lon="2.30639333"><ele>-13.0</ele><time>2025-11-15T10:06:00.724Z</time></trkpt><trkpt lat="41.474485" lon="2.30637667"><ele>-13.0</ele><time>2025-11-15T10:06:01.725Z</time></trkpt><trkpt lat="41.47448" lon="2.30637167"><ele>-15.0</ele><time>2025-11-15T10:06:02.724Z</time></trkpt><trkpt lat="41.47448167" lon="2.30637667"><ele>-14.0</ele><time>2025-11-15T10:06:03.724Z</time></trkpt><trkpt lat="41.47449667" lon="2.3064"><ele>-14.0</ele><time>2025-11-15T10:06:04.724Z</time></trkpt><trkpt lat="41.47449667" lon="2.30639667"><ele>-14.0</ele><time>2025-11-15T10:06:05.725Z</time></trkpt><trkpt lat="41.47450667" lon="2.3064"><ele>-14.0</ele><time>2025-11-15T10:06:06.724Z</time></trkpt><trkpt lat="41.47455667" lon="2.30640167"><ele>-13.0</ele><time>2025-11-15T10:06:11.724Z</time></trkpt><trkpt lat="41.47456167" lon="2.30640667"><ele>-13.0</ele><time>2025-11-15T10:06:12.725Z</time></trkpt><trkpt lat="41.47455667" lon="2.30639333"><ele>-13.0</ele><time>2025-11-15T10:06:13.724Z</time></trkpt><trkpt lat="41.47455333" lon="2.30637833"><ele>-13.0</ele><time>2025-11-15T10:06:14.725Z</time></trkpt><trkpt lat="41.47455" lon="2.30636333"><ele>-13.0</ele><time>2025-11-15T10:06:15.725Z</time></trkpt><trkpt lat="41.47456667" lon="2.30634"><ele>-13.0</ele><time>2025-11-15T10:06:16.724Z</time></trkpt><trkpt lat="41.47457167" lon="2.30632833"><ele>-13.0</ele><time>2025-11-15T10:06:17.725Z</time></trkpt><trkpt lat="41.47459" lon="2.30634"><ele>-13.0</ele><time>2025-11-15T10:06:18.724Z</time></trkpt><trkpt lat="41.47460667" lon="2.30636833"><ele>-13.0</ele><time>2025-11-15T10:06:19.725Z</time></trkpt><trkpt lat="41.47461" lon="2.30637167"><ele>-13.0</ele><time>2025-11-15T10:06:20.725Z</time></trkpt><trkpt lat="41.47462167" lon="2.30639167"><ele>-13.0</ele><time>2025-11-15T10:06:21.724Z</time></trkpt><trkpt lat="41.47462667" lon="2.30639667"><ele>-14.0</ele><time>2025-11-15T10:06:22.725Z</time></trkpt><trkpt lat="41.47463" lon="2.3064"><ele>-14.0</ele><time>2025-11-15T10:06:23.725Z</time></trkpt><trkpt lat="41.47461667" lon="2.30641667"><ele>-12.0</ele><time>2025-11-15T10:06:24.724Z</time></trkpt><trkpt lat="41.47460667" lon="2.30642167"><ele>-12.0</ele><time>2025-11-15T10:06:26.725Z</time></trkpt><trkpt lat="41.47456833" lon="2.30637833"><ele>-12.0</ele><time>2025-11-15T10:06:27.724Z</time></trkpt><trkpt lat="41.474575" lon="2.30641167"><ele>-12.0</ele><time>2025-11-15T10:06:28.725Z</time></trkpt><trkpt lat="41.47461833" lon="2.30646167"><ele>-12.0</ele><time>2025-11-15T10:06:29.725Z</time></trkpt><trkpt lat="41.47460667" lon="2.30643167"><ele>-12.0</ele><time>2025-11-15T10:06:30.724Z</time></trkpt><trkpt lat="41.474605" lon="2.30641167"><ele>-12.0</ele><time>2025-11-15T10:06:31.725Z</time></trkpt><trkpt lat="41.474605" lon="2.306395"><ele>-12.0</ele><time>2025-11-15T10:06:32.724Z</time></trkpt><trkpt lat="41.47460833" lon="2.30638167"><ele>-11.0</ele><time>2025-11-15T10:06:33.725Z</time></trkpt><trkpt lat="41.47460333" lon="2.30637333"><ele>-11.0</ele><time>2025-11-15T10:06:34.724Z</time></trkpt><trkpt lat="41.47460167" lon="2.30637167"><ele>-11.0</ele><time>2025-11-15T10:06:35.725Z</time></trkpt><trkpt lat="41.47462833" lon="2.30639667"><ele>-12.0</ele><time>2025-11-15T10:06:36.724Z</time></trkpt><trkpt lat="41.47463" lon="2.30639333"><ele>-10.0</ele><time>2025-11-15T10:06:37.724Z</time></trkpt><trkpt lat="41.47464" lon="2.30642167"><ele>-10.0</ele><time>2025-11-15T10:06:38.724Z</time></trkpt><trkpt lat="41.47461" lon="2.30646833"><ele>-11.0</ele><time>2025-11-15T10:06:39.725Z</time></trkpt><trkpt lat="41.47458167" lon="2.30648333"><ele>-9.0</ele><time>2025-11-15T10:06:40.724Z</time></trkpt><trkpt lat="41.47457833" lon="2.30649167"><ele>-9.0</ele><time>2025-11-15T10:06:41.724Z</time></trkpt><trkpt lat="41.47457833" lon="2.3065"><ele>-8.0</ele><time>2025-11-15T10:06:42.725Z</time></trkpt><trkpt lat="41.474565" lon="2.30651"><ele>-8.0</ele><time>2025-11-15T10:06:43.724Z</time></trkpt><trkpt lat="41.47456833" lon="2.30651167"><ele>-8.0</ele><time>2025-11-15T10:06:44.724Z</time></trkpt><trkpt lat="41.47456167" lon="2.30651667"><ele>-9.0</ele><time>2025-11-15T10:06:45.725Z</time></trkpt><trkpt lat="41.47455333" lon="2.30650833"><ele>-7.0</ele><time>2025-11-15T10:06:46.724Z</time></trkpt><trkpt lat="41.474555" lon="2.3065"><ele>-7.0</ele><time>2025-11-15T10:06:47.725Z</time></trkpt><trkpt lat="41.474535" lon="2.30649667"><ele>-7.0</ele><time>2025-11-15T10:06:48.725Z</time></trkpt><trkpt lat="41.47453333" lon="2.30649333"><ele>-7.0</ele><time>2025-11-15T10:06:49.725Z</time></trkpt><trkpt lat="41.47453167" lon="2.306495"><ele>-7.0</ele><time>2025-11-15T10:06:50.725Z</time></trkpt><trkpt lat="41.47451833" lon="2.306495"><ele>-7.0</ele><time>2025-11-15T10:06:51.724Z</time></trkpt><trkpt lat="41.47454" lon="2.30650667"><ele>-7.0</ele><time>2025-11-15T10:06:52.725Z</time></trkpt><trkpt lat="41.47454333" lon="2.30651333"><ele>-7.0</ele><time>2025-11-15T10:06:53.724Z</time></trkpt><trkpt lat="41.474525" lon="2.30651"><ele>-7.0</ele><time>2025-11-15T10:06:54.725Z</time></trkpt><trkpt lat="41.47450167" lon="2.30650833"><ele>-7.0</ele><time>2025-11-15T10:06:55.724Z</time></trkpt><trkpt lat="41.47452333" lon="2.30650167"><ele>-7.0</ele><time>2025-11-15T10:06:56.724Z</time></trkpt><trkpt lat="41.47452667" lon="2.30650333"><ele>-7.0</ele><time>2025-11-15T10:06:57.724Z</time></trkpt><trkpt lat="41.47454167" lon="2.30648833"><ele>-7.0</ele><time>2025-11-15T10:06:58.725Z</time></trkpt><trkpt lat="41.4746" lon="2.306475"><ele>-7.0</ele><time>2025-11-15T10:06:59.724Z</time></trkpt><trkpt lat="41.47464333" lon="2.30645833"><ele>-7.0</ele><time>2025-11-15T10:07:00.725Z</time></trkpt><trkpt lat="41.47467" lon="2.30644833"><ele>-7.0</ele><time>2025-11-15T10:07:01.725Z</time></trkpt><trkpt lat="41.47467167" lon="2.306445"><ele>-7.0</ele><time>2025-11-15T10:07:02.724Z</time></trkpt><trkpt lat="41.474675" lon="2.30644833"><ele>-7.0</ele><time>2025-11-15T10:07:03.725Z</time></trkpt><trkpt lat="41.47467833" lon="2.30645333"><ele>-7.0</ele><time>2025-11-15T10:07:04.724Z</time></trkpt><trkpt lat="41.47468333" lon="2.30644833"><ele>-7.0</ele><time>2025-11-15T10:07:05.725Z</time></trkpt><trkpt lat="41.47468333" lon="2.30647833"><ele>-7.0</ele><time>2025-11-15T10:07:06.724Z</time></trkpt><trkpt lat="41.47468667" lon="2.306495"><ele>-7.0</ele><time>2025-11-15T10:07:07.725Z</time></trkpt><trkpt lat="41.47465833" lon="2.306475"><ele>-7.0</ele><time>2025-11-15T10:07:08.724Z</time></trkpt><trkpt lat="41.47464667" lon="2.30647167"><ele>-7.0</ele><time>2025-11-15T10:07:09.724Z</time></trkpt><trkpt lat="41.47463667" lon="2.30646333"><ele>-7.0</ele><time>2025-11-15T10:07:10.724Z</time></trkpt><trkpt lat="41.47463333" lon="2.30645333"><ele>-7.0</ele><time>2025-11-15T10:07:11.724Z</time></trkpt><trkpt lat="41.47462667" lon="2.30644333"><ele>-8.0</ele><time>2025-11-15T10:07:12.724Z</time></trkpt><trkpt lat="41.47462" lon="2.30643333"><ele>-8.0</ele><time>2025-11-15T10:07:13.725Z</time></trkpt><trkpt lat="41.47461333" lon="2.30642167"><ele>-8.0</ele><time>2025-11-15T10:07:14.725Z</time></trkpt><trkpt lat="41.47459333" lon="2.30640833"><ele>-9.0</ele><time>2025-11-15T10:07:15.724Z</time></trkpt><trkpt lat="41.47460167" lon="2.30642833"><ele>-7.0</ele><time>2025-11-15T10:07:16.725Z</time></trkpt><trkpt lat="41.47459833" lon="2.30643833"><ele>-7.0</ele><time>2025-11-15T10:07:17.724Z</time></trkpt><trkpt lat="41.47459667" lon="2.30644"><ele>-7.0</ele><time>2025-11-15T10:07:18.724Z</time></trkpt><trkpt lat="41.47459167" lon="2.30644167"><ele>-7.0</ele><time>2025-11-15T10:07:19.725Z</time></trkpt><trkpt lat="41.47458667" lon="2.30644667"><ele>-6.0</ele><time>2025-11-15T10:07:20.724Z</time></trkpt><trkpt lat="41.47458833" lon="2.30645667"><ele>-6.0</ele><time>2025-11-15T10:07:21.724Z</time></trkpt><trkpt lat="41.47460167" lon="2.30648"><ele>-6.0</ele><time>2025-11-15T10:07:22.725Z</time></trkpt><trkpt lat="41.47460833" lon="2.30648333"><ele>-6.0</ele><time>2025-11-15T10:07:23.724Z</time></trkpt><trkpt lat="41.47463667" lon="2.30649167"><ele>-5.0</ele><time>2025-11-15T10:07:24.725Z</time></trkpt><trkpt lat="41.47466333" lon="2.306475"><ele>-6.0</ele><time>2025-11-15T10:07:25.725Z</time></trkpt><trkpt lat="41.4747" lon="2.306475"><ele>-4.0</ele><time>2025-11-15T10:07:26.724Z</time></trkpt><trkpt lat="41.47463167" lon="2.30649"><ele>-5.0</ele><time>2025-11-15T10:07:27.725Z</time></trkpt><trkpt lat="41.474625" lon="2.30649667"><ele>-3.0</ele><time>2025-11-15T10:07:28.725Z</time></trkpt><trkpt lat="41.47461167" lon="2.30651333"><ele>-3.0</ele><time>2025-11-15T10:07:29.724Z</time></trkpt><trkpt lat="41.47459333" lon="2.30651"><ele>-4.0</ele><time>2025-11-15T10:07:30.725Z</time></trkpt><trkpt lat="41.474585" lon="2.30651167"><ele>-2.0</ele><time>2025-11-15T10:07:31.724Z</time></trkpt><trkpt lat="41.47457833" lon="2.306515"><ele>-2.0</ele><time>2025-11-15T10:07:32.725Z</time></trkpt><trkpt lat="41.474575" lon="2.30650333"><ele>-2.0</ele><time>2025-11-15T10:07:33.724Z</time></trkpt><trkpt lat="41.47458833" lon="2.30653"><ele>-2.0</ele><time>2025-11-15T10:07:34.724Z</time></trkpt><trkpt lat="41.47458667" lon="2.30652833"><ele>-3.0</ele><time>2025-11-15T10:07:35.724Z</time></trkpt><trkpt lat="41.47461667" lon="2.30648833"><ele>-1.0</ele><time>2025-11-15T10:07:36.725Z</time></trkpt><trkpt lat="41.47461833" lon="2.306485"><ele>-1.0</ele><time>2025-11-15T10:07:37.725Z</time></trkpt><trkpt lat="41.474595" lon="2.30645333"><ele>-1.0</ele><time>2025-11-15T10:07:38.725Z</time></trkpt><trkpt lat="41.47458833" lon="2.30644667"><ele>-1.0</ele><time>2025-11-15T10:07:39.725Z</time></trkpt><trkpt lat="41.47459" lon="2.30645167"><ele>-1.0</ele><time>2025-11-15T10:07:40.725Z</time></trkpt><trkpt lat="41.47460333" lon="2.306455"><ele>-1.0</ele><time>2025-11-15T10:07:41.724Z</time></trkpt><trkpt lat="41.47459167" lon="2.30645667"><ele>-1.0</ele><time>2025-11-15T10:07:42.725Z</time></trkpt><trkpt lat="41.47462833" lon="2.30645333"><ele>-1.0</ele><time>2025-11-15T10:07:43.724Z</time></trkpt><trkpt lat="41.47468667" lon="2.30645"><ele>-1.0</ele><time>2025-11-15T10:07:44.724Z</time></trkpt><trkpt lat="41.474695" lon="2.30646333"><ele>-1.0</ele><time>2025-11-15T10:07:45.724Z</time></trkpt><trkpt lat="41.47473167" lon="2.30646333"><ele>-1.0</ele><time>2025-11-15T10:07:46.725Z</time></trkpt><trkpt lat="41.47474833" lon="2.306465"><ele>-1.0</ele><time>2025-11-15T10:07:47.724Z</time></trkpt><trkpt lat="41.47479" lon="2.30645667"><ele>-1.0</ele><time>2025-11-15T10:07:48.725Z</time></trkpt><trkpt lat="41.47479833" lon="2.306365"><ele>-2.0</ele><time>2025-11-15T10:08:11.725Z</time></trkpt><trkpt lat="41.47479" lon="2.30642167"><ele>-3.0</ele><time>2025-11-15T10:08:12.725Z</time></trkpt><trkpt lat="41.47484833" lon="2.30651"><ele>-5.0</ele><time>2025-11-15T10:08:13.725Z</time></trkpt><trkpt lat="41.47485333" lon="2.30649167"><ele>-4.0</ele><time>2025-11-15T10:08:14.724Z</time></trkpt><trkpt lat="41.47486167" lon="2.30648167"><ele>-5.0</ele><time>2025-11-15T10:08:15.725Z</time></trkpt><trkpt lat="41.47487833" lon="2.30648833"><ele>-5.0</ele><time>2025-11-15T10:08:16.724Z</time></trkpt><trkpt lat="41.47487833" lon="2.30649333"><ele>-6.0</ele><time>2025-11-15T10:08:17.725Z</time></trkpt><trkpt lat="41.47487333" lon="2.30650667"><ele>-6.0</ele><time>2025-11-15T10:08:18.724Z</time></trkpt><trkpt lat="41.47486667" lon="2.30651167"><ele>-7.0</ele><time>2025-11-15T10:08:19.725Z</time></trkpt><trkpt lat="41.47487" lon="2.306515"><ele>-7.0</ele><time>2025-11-15T10:08:20.724Z</time></trkpt><trkpt lat="41.47482167" lon="2.30681"><ele>-7.0</ele><time>2025-11-15T10:09:21.725Z</time></trkpt><trkpt lat="41.47482667" lon="2.30679"><ele>-7.0</ele><time>2025-11-15T10:09:22.724Z</time></trkpt><trkpt lat="41.474835" lon="2.30684167"><ele>-8.0</ele><time>2025-11-15T10:09:23.724Z</time></trkpt><trkpt lat="41.47482333" lon="2.30688"><ele>-8.0</ele><time>2025-11-15T10:09:24.724Z</time></trkpt><trkpt lat="41.47481" lon="2.30688667"><ele>-7.0</ele><time>2025-11-15T10:09:25.724Z</time></trkpt><trkpt lat="41.47478333" lon="2.30691833"><ele>-7.0</ele><time>2025-11-15T10:09:26.725Z</time></trkpt><trkpt lat="41.47476167" lon="2.30694667"><ele>-6.0</ele><time>2025-11-15T10:09:27.725Z</time></trkpt><trkpt lat="41.47474833" lon="2.30696167"><ele>-5.0</ele><time>2025-11-15T10:09:28.725Z</time></trkpt><trkpt lat="41.47474" lon="2.30697667"><ele>-5.0</ele><time>2025-11-15T10:09:29.724Z</time></trkpt><trkpt lat="41.47472333" lon="2.30698833"><ele>-4.0</ele><time>2025-11-15T10:09:30.724Z</time></trkpt><trkpt lat="41.47471667" lon="2.30699833"><ele>-4.0</ele><time>2025-11-15T10:09:31.725Z</time></trkpt><trkpt lat="41.474715" lon="2.307005"><ele>-4.0</ele><time>2025-11-15T10:09:32.725Z</time></trkpt><trkpt lat="41.47470167" lon="2.307"><ele>-3.0</ele><time>2025-11-15T10:09:33.725Z</time></trkpt><trkpt lat="41.47469833" lon="2.307005"><ele>-3.0</ele><time>2025-11-15T10:09:34.725Z</time></trkpt><trkpt lat="41.47468833" lon="2.307005"><ele>-3.0</ele><time>2025-11-15T10:09:35.724Z</time></trkpt><trkpt lat="41.47469333" lon="2.30698333"><ele>-3.0</ele><time>2025-11-15T10:09:36.725Z</time></trkpt><trkpt lat="41.47468833" lon="2.30697167"><ele>-3.0</ele><time>2025-11-15T10:09:37.724Z</time></trkpt><trkpt lat="41.474685" lon="2.30695667"><ele>-3.0</ele><time>2025-11-15T10:09:38.725Z</time></trkpt><trkpt lat="41.474675" lon="2.306945"><ele>-3.0</ele><time>2025-11-15T10:09:39.725Z</time></trkpt><trkpt lat="41.474675" lon="2.30695"><ele>-3.0</ele><time>2025-11-15T10:09:40.724Z</time></trkpt><trkpt lat="41.47467" lon="2.30695167"><ele>-3.0</ele><time>2025-11-15T10:09:41.724Z</time></trkpt><trkpt lat="41.47467167" lon="2.30694333"><ele>-3.0</ele><time>2025-11-15T10:09:42.724Z</time></trkpt><trkpt lat="41.47466333" lon="2.306935"><ele>-3.0</ele><time>2025-11-15T10:09:43.724Z</time></trkpt><trkpt lat="41.47466333" lon="2.30692167"><ele>-3.0</ele><time>2025-11-15T10:09:44.725Z</time></trkpt><trkpt lat="41.47465833" lon="2.30691167"><ele>-3.0</ele><time>2025-11-15T10:09:45.724Z</time></trkpt><trkpt lat="41.47465167" lon="2.30690167"><ele>-3.0</ele><time>2025-11-15T10:09:46.724Z</time></trkpt><trkpt lat="41.47465" lon="2.30689833"><ele>-3.0</ele><time>2025-11-15T10:09:47.724Z</time></trkpt><trkpt lat="41.47463" lon="2.30689167"><ele>-3.0</ele><time>2025-11-15T10:09:48.724Z</time></trkpt><trkpt lat="41.47462167" lon="2.30690333"><ele>-3.0</ele><time>2025-11-15T10:09:49.724Z</time></trkpt><trkpt lat="41.47461333" lon="2.306905"><ele>-3.0</ele><time>2025-11-15T10:09:50.724Z</time></trkpt><trkpt lat="41.47462" lon="2.30687167"><ele>-3.0</ele><time>2025-11-15T10:09:51.724Z</time></trkpt><trkpt lat="41.47460833" lon="2.30685"><ele>-3.0</ele><time>2025-11-15T10:09:52.724Z</time></trkpt><trkpt lat="41.4746" lon="2.306845"><ele>-4.0</ele><time>2025-11-15T10:09:53.725Z</time></trkpt><trkpt lat="41.47459333" lon="2.30683667"><ele>-4.0</ele><time>2025-11-15T10:09:54.724Z</time></trkpt><trkpt lat="41.47458333" lon="2.30682"><ele>-4.0</ele><time>2025-11-15T10:09:55.724Z</time></trkpt><trkpt lat="41.474575" lon="2.30680833"><ele>-4.0</ele><time>2025-11-15T10:09:56.724Z</time></trkpt><trkpt lat="41.47457333" lon="2.30681167"><ele>-4.0</ele><time>2025-11-15T10:09:57.724Z</time></trkpt><trkpt lat="41.47457667" lon="2.30684"><ele>-6.0</ele><time>2025-11-15T10:09:58.725Z</time></trkpt><trkpt lat="41.47457" lon="2.306845"><ele>-5.0</ele><time>2025-11-15T10:09:59.725Z</time></trkpt><trkpt lat="41.474575" lon="2.30685333"><ele>-5.0</ele><time>2025-11-15T10:10:00.724Z</time></trkpt><trkpt lat="41.47457" lon="2.30686"><ele>-7.0</ele><time>2025-11-15T10:10:01.724Z</time></trkpt><trkpt lat="41.47457" lon="2.30686333"><ele>-6.0</ele><time>2025-11-15T10:10:02.724Z</time></trkpt><trkpt lat="41.47457833" lon="2.30687833"><ele>-6.0</ele><time>2025-11-15T10:10:03.725Z</time></trkpt><trkpt lat="41.47458833" lon="2.30691167"><ele>-6.0</ele><time>2025-11-15T10:10:04.725Z</time></trkpt><trkpt lat="41.47458833" lon="2.30692"><ele>-6.0</ele><time>2025-11-15T10:10:05.724Z</time></trkpt><trkpt lat="41.47459333" lon="2.306915"><ele>-7.0</ele><time>2025-11-15T10:10:06.724Z</time></trkpt><trkpt lat="41.47458333" lon="2.30691333"><ele>-7.0</ele><time>2025-11-15T10:10:07.724Z</time></trkpt><trkpt lat="41.47457833" lon="2.30691167"><ele>-8.0</ele><time>2025-11-15T10:10:08.724Z</time></trkpt><trkpt lat="41.47456833" lon="2.30690833"><ele>-9.0</ele><time>2025-11-15T10:10:09.725Z</time></trkpt><trkpt lat="41.47458167" lon="2.30691167"><ele>-10.0</ele><time>2025-11-15T10:10:10.724Z</time></trkpt><trkpt lat="41.47457167" lon="2.30691"><ele>-12.0</ele><time>2025-11-15T10:10:11.724Z</time></trkpt><trkpt lat="41.47458" lon="2.30691167"><ele>-11.0</ele><time>2025-11-15T10:10:12.724Z</time></trkpt><trkpt lat="41.47457167" lon="2.306905"><ele>-12.0</ele><time>2025-11-15T10:10:13.724Z</time></trkpt><trkpt lat="41.474575" lon="2.30690833"><ele>-14.0</ele><time>2025-11-15T10:10:14.724Z</time></trkpt><trkpt lat="41.47457667" lon="2.30690833"><ele>-13.0</ele><time>2025-11-15T10:10:15.724Z</time></trkpt><trkpt lat="41.47457" lon="2.30689667"><ele>-15.0</ele><time>2025-11-15T10:10:16.725Z</time></trkpt><trkpt lat="41.474585" lon="2.30689333"><ele>-14.0</ele><time>2025-11-15T10:10:17.725Z</time></trkpt><trkpt lat="41.47458" lon="2.30688667"><ele>-14.0</ele><time>2025-11-15T10:10:18.724Z</time></trkpt><trkpt lat="41.47457833" lon="2.30688333"><ele>-14.0</ele><time>2025-11-15T10:10:19.724Z</time></trkpt><trkpt lat="41.47457333" lon="2.30688"><ele>-16.0</ele><time>2025-11-15T10:10:20.724Z</time></trkpt><trkpt lat="41.474565" lon="2.306875"><ele>-16.0</ele><time>2025-11-15T10:10:21.725Z</time></trkpt><trkpt lat="41.47455833" lon="2.30687667"><ele>-16.0</ele><time>2025-11-15T10:10:22.724Z</time></trkpt><trkpt lat="41.47455667" lon="2.30687333"><ele>-16.0</ele><time>2025-11-15T10:10:23.724Z</time></trkpt><trkpt lat="41.47454667" lon="2.30686833"><ele>-16.0</ele><time>2025-11-15T10:10:24.725Z</time></trkpt><trkpt lat="41.474545" lon="2.30687833"><ele>-14.0</ele><time>2025-11-15T10:10:25.724Z</time></trkpt><trkpt lat="41.47454167" lon="2.30688167"><ele>-14.0</ele><time>2025-11-15T10:10:26.725Z</time></trkpt><trkpt lat="41.47453" lon="2.30689667"><ele>-14.0</ele><time>2025-11-15T10:10:27.724Z</time></trkpt><trkpt lat="41.474525" lon="2.306895"><ele>-14.0</ele><time>2025-11-15T10:10:28.724Z</time></trkpt><trkpt lat="41.47452167" lon="2.30688"><ele>-14.0</ele><time>2025-11-15T10:10:29.725Z</time></trkpt><trkpt lat="41.47452333" lon="2.30686667"><ele>-15.0</ele><time>2025-11-15T10:10:30.725Z</time></trkpt><trkpt lat="41.47451833" lon="2.306855"><ele>-13.0</ele><time>2025-11-15T10:10:31.725Z</time></trkpt><trkpt lat="41.47451167" lon="2.30684667"><ele>-13.0</ele><time>2025-11-15T10:10:32.724Z</time></trkpt><trkpt lat="41.47450333" lon="2.30683167"><ele>-13.0</ele><time>2025-11-15T10:10:33.724Z</time></trkpt><trkpt lat="41.47449833" lon="2.306815"><ele>-13.0</ele><time>2025-11-15T10:10:34.725Z</time></trkpt><trkpt lat="41.47451167" lon="2.30681333"><ele>-13.0</ele><time>2025-11-15T10:10:35.724Z</time></trkpt><trkpt lat="41.474515" lon="2.30680667"><ele>-12.0</ele><time>2025-11-15T10:10:36.724Z</time></trkpt><trkpt lat="41.47452" lon="2.30680167"><ele>-12.0</ele><time>2025-11-15T10:10:37.725Z</time></trkpt><trkpt lat="41.47451667" lon="2.30680333"><ele>-12.0</ele><time>2025-11-15T10:10:38.725Z</time></trkpt><trkpt lat="41.47451167" lon="2.30678667"><ele>-12.0</ele><time>2025-11-15T10:10:39.724Z</time></trkpt><trkpt lat="41.47450833" lon="2.30678"><ele>-11.0</ele><time>2025-11-15T10:10:40.724Z</time></trkpt><trkpt lat="41.474495" lon="2.30676167"><ele>-11.0</ele><time>2025-11-15T10:10:41.724Z</time></trkpt><trkpt lat="41.47448" lon="2.30674167"><ele>-11.0</ele><time>2025-11-15T10:10:42.724Z</time></trkpt><trkpt lat="41.47445167" lon="2.306725"><ele>-11.0</ele><time>2025-11-15T10:10:43.724Z</time></trkpt><trkpt lat="41.47450167" lon="2.30674333"><ele>-11.0</ele><time>2025-11-15T10:10:44.724Z</time></trkpt><trkpt lat="41.47449167" lon="2.30673333"><ele>-12.0</ele><time>2025-11-15T10:10:45.724Z</time></trkpt><trkpt lat="41.47450667" lon="2.306775"><ele>-12.0</ele><time>2025-11-15T10:10:46.724Z</time></trkpt><trkpt lat="41.47450167" lon="2.30677667"><ele>-12.0</ele><time>2025-11-15T10:10:47.725Z</time></trkpt><trkpt lat="41.47449333" lon="2.3068"><ele>-12.0</ele><time>2025-11-15T10:10:48.724Z</time></trkpt><trkpt lat="41.47448833" lon="2.30681"><ele>-12.0</ele><time>2025-11-15T10:10:49.725Z</time></trkpt><trkpt lat="41.47448" lon="2.30682667"><ele>-11.0</ele><time>2025-11-15T10:10:50.725Z</time></trkpt><trkpt lat="41.47447833" lon="2.306845"><ele>-11.0</ele><time>2025-11-15T10:10:51.725Z</time></trkpt><trkpt lat="41.47446333" lon="2.306855"><ele>-11.0</ele><time>2025-11-15T10:10:52.724Z</time></trkpt><trkpt lat="41.47445333" lon="2.30685667"><ele>-11.0</ele><time>2025-11-15T10:10:53.725Z</time></trkpt><trkpt lat="41.47443833" lon="2.30685167"><ele>-11.0</ele><time>2025-11-15T10:10:54.725Z</time></trkpt><trkpt lat="41.47443" lon="2.30685167"><ele>-11.0</ele><time>2025-11-15T10:10:55.724Z</time></trkpt><trkpt lat="41.474415" lon="2.306855"><ele>-11.0</ele><time>2025-11-15T10:10:56.724Z</time></trkpt><trkpt lat="41.47441667" lon="2.30686667"><ele>-11.0</ele><time>2025-11-15T10:10:57.724Z</time></trkpt><trkpt lat="41.47441333" lon="2.30686667"><ele>-11.0</ele><time>2025-11-15T10:10:58.724Z</time></trkpt><trkpt lat="41.47440667" lon="2.30687333"><ele>-11.0</ele><time>2025-11-15T10:10:59.724Z</time></trkpt><trkpt lat="41.4744" lon="2.30687667"><ele>-11.0</ele><time>2025-11-15T10:11:00.725Z</time></trkpt><trkpt lat="41.4744" lon="2.306875"><ele>-11.0</ele><time>2025-11-15T10:11:01.725Z</time></trkpt><trkpt lat="41.47439333" lon="2.30686833"><ele>-11.0</ele><time>2025-11-15T10:11:02.724Z</time></trkpt><trkpt lat="41.4744" lon="2.30687667"><ele>-10.0</ele><time>2025-11-15T10:11:03.725Z</time></trkpt><trkpt lat="41.47439833" lon="2.306875"><ele>-10.0</ele><time>2025-11-15T10:11:04.725Z</time></trkpt><trkpt lat="41.47439667" lon="2.30687"><ele>-9.0</ele><time>2025-11-15T10:11:05.724Z</time></trkpt><trkpt lat="41.47439" lon="2.30686333"><ele>-9.0</ele><time>2025-11-15T10:11:06.725Z</time></trkpt><trkpt lat="41.47438333" lon="2.30687667"><ele>-8.0</ele><time>2025-11-15T10:11:07.724Z</time></trkpt><trkpt lat="41.474375" lon="2.30687667"><ele>-8.0</ele><time>2025-11-15T10:11:08.725Z</time></trkpt><trkpt lat="41.47437" lon="2.30687167"><ele>-8.0</ele><time>2025-11-15T10:11:09.724Z</time></trkpt><trkpt lat="41.47436167" lon="2.30686333"><ele>-7.0</ele><time>2025-11-15T10:11:10.725Z</time></trkpt><trkpt lat="41.47435833" lon="2.30685167"><ele>-7.0</ele><time>2025-11-15T10:11:11.724Z</time></trkpt><trkpt lat="41.474355" lon="2.30684333"><ele>-7.0</ele><time>2025-11-15T10:11:12.724Z</time></trkpt><trkpt lat="41.47436" lon="2.30682833"><ele>-6.0</ele><time>2025-11-15T10:11:13.724Z</time></trkpt><trkpt lat="41.47436" lon="2.30681333"><ele>-6.0</ele><time>2025-11-15T10:11:14.724Z</time></trkpt><trkpt lat="41.47436167" lon="2.3068"><ele>-6.0</ele><time>2025-11-15T10:11:15.725Z</time></trkpt><trkpt lat="41.47436" lon="2.30679"><ele>-6.0</ele><time>2025-11-15T10:11:16.725Z</time></trkpt><trkpt lat="41.47435333" lon="2.306795"><ele>-6.0</ele><time>2025-11-15T10:11:17.725Z</time></trkpt><trkpt lat="41.474345" lon="2.30679"><ele>-6.0</ele><time>2025-11-15T10:11:18.725Z</time></trkpt><trkpt lat="41.47434" lon="2.30677833"><ele>-6.0</ele><time>2025-11-15T10:11:19.725Z</time></trkpt><trkpt lat="41.47434333" lon="2.306765"><ele>-7.0</ele><time>2025-11-15T10:11:20.724Z</time></trkpt><trkpt lat="41.47434" lon="2.30676"><ele>-7.0</ele><time>2025-11-15T10:11:21.724Z</time></trkpt><trkpt lat="41.47434667" lon="2.30676"><ele>-5.0</ele><time>2025-11-15T10:11:22.724Z</time></trkpt><trkpt lat="41.47433667" lon="2.30675"><ele>-5.0</ele><time>2025-11-15T10:11:23.724Z</time></trkpt><trkpt lat="41.474335" lon="2.30673833"><ele>-5.0</ele><time>2025-11-15T10:11:24.725Z</time></trkpt><trkpt lat="41.47432833" lon="2.30672667"><ele>-5.0</ele><time>2025-11-15T10:11:25.725Z</time></trkpt><trkpt lat="41.47433667" lon="2.30671333"><ele>-6.0</ele><time>2025-11-15T10:11:26.724Z</time></trkpt><trkpt lat="41.47433167" lon="2.30670167"><ele>-4.0</ele><time>2025-11-15T10:11:27.725Z</time></trkpt><trkpt lat="41.47433667" lon="2.306705"><ele>-4.0</ele><time>2025-11-15T10:11:28.725Z</time></trkpt><trkpt lat="41.47432833" lon="2.30669333"><ele>-4.0</ele><time>2025-11-15T10:11:29.724Z</time></trkpt><trkpt lat="41.47432" lon="2.30671333"><ele>-4.0</ele><time>2025-11-15T10:11:30.725Z</time></trkpt><trkpt lat="41.47431333" lon="2.306715"><ele>-4.0</ele><time>2025-11-15T10:11:31.724Z</time></trkpt><trkpt lat="41.474315" lon="2.3067"><ele>-4.0</ele><time>2025-11-15T10:11:32.724Z</time></trkpt><trkpt lat="41.47431" lon="2.30669167"><ele>-4.0</ele><time>2025-11-15T10:11:33.725Z</time></trkpt><trkpt lat="41.47430667" lon="2.30668667"><ele>-4.0</ele><time>2025-11-15T10:11:34.724Z</time></trkpt><trkpt lat="41.47429667" lon="2.30667167"><ele>-4.0</ele><time>2025-11-15T10:11:35.725Z</time></trkpt><trkpt lat="41.47428833" lon="2.30667667"><ele>-4.0</ele><time>2025-11-15T10:11:36.725Z</time></trkpt><trkpt lat="41.47428" lon="2.306675"><ele>-4.0</ele><time>2025-11-15T10:11:37.725Z</time></trkpt><trkpt lat="41.47427333" lon="2.30667833"><ele>-4.0</ele><time>2025-11-15T10:11:38.724Z</time></trkpt><trkpt lat="41.47426167" lon="2.306675"><ele>-4.0</ele><time>2025-11-15T10:11:39.725Z</time></trkpt><trkpt lat="41.47425333" lon="2.30667167"><ele>-4.0</ele><time>2025-11-15T10:11:40.724Z</time></trkpt><trkpt lat="41.47424667" lon="2.30667"><ele>-4.0</ele><time>2025-11-15T10:11:41.725Z</time></trkpt><trkpt lat="41.47423667" lon="2.30666333"><ele>-4.0</ele><time>2025-11-15T10:11:42.724Z</time></trkpt><trkpt lat="41.47423333" lon="2.30666167"><ele>-4.0</ele><time>2025-11-15T10:11:43.724Z</time></trkpt><trkpt lat="41.47423" lon="2.306655"><ele>-6.0</ele><time>2025-11-15T10:11:44.725Z</time></trkpt><trkpt lat="41.47422833" lon="2.30664833"><ele>-5.0</ele><time>2025-11-15T10:11:45.725Z</time></trkpt><trkpt lat="41.47422" lon="2.30664"><ele>-5.0</ele><time>2025-11-15T10:11:46.724Z</time></trkpt><trkpt lat="41.47421667" lon="2.30663167"><ele>-5.0</ele><time>2025-11-15T10:11:47.725Z</time></trkpt><trkpt lat="41.47421167" lon="2.30662833"><ele>-5.0</ele><time>2025-11-15T10:11:48.724Z</time></trkpt><trkpt lat="41.474215" lon="2.30661167"><ele>-5.0</ele><time>2025-11-15T10:11:49.724Z</time></trkpt><trkpt lat="41.47420833" lon="2.30659833"><ele>-5.0</ele><time>2025-11-15T10:11:50.725Z</time></trkpt><trkpt lat="41.47421167" lon="2.30658667"><ele>-5.0</ele><time>2025-11-15T10:11:51.725Z</time></trkpt><trkpt lat="41.47421167" lon="2.30658"><ele>-6.0</ele><time>2025-11-15T10:11:52.724Z</time></trkpt><trkpt lat="41.47421167" lon="2.306565"><ele>-4.0</ele><time>2025-11-15T10:11:53.725Z</time></trkpt><trkpt lat="41.47420833" lon="2.30655167"><ele>-4.0</ele><time>2025-11-15T10:11:54.725Z</time></trkpt><trkpt lat="41.47420833" lon="2.30653333"><ele>-4.0</ele><time>2025-11-15T10:11:55.724Z</time></trkpt><trkpt lat="41.47410333" lon="2.30645"><ele>-4.0</ele><time>2025-11-15T10:12:08.725Z</time></trkpt><trkpt lat="41.47410167" lon="2.30645167"><ele>-4.0</ele><time>2025-11-15T10:12:09.725Z</time></trkpt><trkpt lat="41.47428667" lon="2.30670667"><ele>-4.0</ele><time>2025-11-15T10:12:10.724Z</time></trkpt><trkpt lat="41.47430667" lon="2.30678167"><ele>-5.0</ele><time>2025-11-15T10:12:11.724Z</time></trkpt><trkpt lat="41.47432" lon="2.30681"><ele>-3.0</ele><time>2025-11-15T10:12:12.725Z</time></trkpt><trkpt lat="41.47433833" lon="2.30687333"><ele>-3.0</ele><time>2025-11-15T10:12:13.725Z</time></trkpt><trkpt lat="41.47435333" lon="2.30690833"><ele>-3.0</ele><time>2025-11-15T10:12:14.724Z</time></trkpt><trkpt lat="41.474335" lon="2.30682833"><ele>-3.0</ele><time>2025-11-15T10:12:15.724Z</time></trkpt><trkpt lat="41.47433167" lon="2.30682167"><ele>-4.0</ele><time>2025-11-15T10:12:16.725Z</time></trkpt><trkpt lat="41.47432167" lon="2.30676333"><ele>-4.0</ele><time>2025-11-15T10:12:17.725Z</time></trkpt><trkpt lat="41.47432" lon="2.30673833"><ele>-6.0</ele><time>2025-11-15T10:12:18.724Z</time></trkpt><trkpt lat="41.4743" lon="2.30669333"><ele>-5.0</ele><time>2025-11-15T10:12:19.725Z</time></trkpt><trkpt lat="41.47429667" lon="2.30667167"><ele>-5.0</ele><time>2025-11-15T10:12:20.724Z</time></trkpt><trkpt lat="41.47427" lon="2.306655"><ele>-5.0</ele><time>2025-11-15T10:12:21.724Z</time></trkpt><trkpt lat="41.47424833" lon="2.30664667"><ele>-5.0</ele><time>2025-11-15T10:12:22.724Z</time></trkpt><trkpt lat="41.47424" lon="2.30664"><ele>-5.0</ele><time>2025-11-15T10:12:23.724Z</time></trkpt><trkpt lat="41.47423667" lon="2.30663833"><ele>-4.0</ele><time>2025-11-15T10:12:24.724Z</time></trkpt><trkpt lat="41.474235" lon="2.30663667"><ele>-4.0</ele><time>2025-11-15T10:12:25.724Z</time></trkpt><trkpt lat="41.47421833" lon="2.30653667"><ele>-4.0</ele><time>2025-11-15T10:12:43.724Z</time></trkpt><trkpt lat="41.474225" lon="2.306485"><ele>-5.0</ele><time>2025-11-15T10:12:44.724Z</time></trkpt><trkpt lat="41.474085" lon="2.30638333"><ele>-5.0</ele><time>2025-11-15T10:12:46.724Z</time></trkpt><trkpt lat="41.47408667" lon="2.306395"><ele>-5.0</ele><time>2025-11-15T10:12:47.724Z</time></trkpt><trkpt lat="41.47408833" lon="2.30639167"><ele>-6.0</ele><time>2025-11-15T10:12:48.724Z</time></trkpt><trkpt lat="41.47410667" lon="2.30643667"><ele>-4.0</ele><time>2025-11-15T10:12:49.725Z</time></trkpt><trkpt lat="41.47413" lon="2.30646333"><ele>-4.0</ele><time>2025-11-15T10:12:50.725Z</time></trkpt><trkpt lat="41.47412667" lon="2.30646"><ele>-6.0</ele><time>2025-11-15T10:12:51.724Z</time></trkpt><trkpt lat="41.47414" lon="2.30648"><ele>-5.0</ele><time>2025-11-15T10:12:52.725Z</time></trkpt><trkpt lat="41.47414" lon="2.306515"><ele>-5.0</ele><time>2025-11-15T10:12:57.725Z</time></trkpt><trkpt lat="41.47414667" lon="2.306525"><ele>-5.0</ele><time>2025-11-15T10:12:58.724Z</time></trkpt><trkpt lat="41.47415167" lon="2.30653667"><ele>-5.0</ele><time>2025-11-15T10:12:59.724Z</time></trkpt><trkpt lat="41.47415167" lon="2.30653333"><ele>-6.0</ele><time>2025-11-15T10:13:00.725Z</time></trkpt><trkpt lat="41.47415167" lon="2.30653167"><ele>-6.0</ele><time>2025-11-15T10:13:01.725Z</time></trkpt><trkpt lat="41.47415" lon="2.30652833"><ele>-6.0</ele><time>2025-11-15T10:13:02.725Z</time></trkpt><trkpt lat="41.47414667" lon="2.30653167"><ele>-7.0</ele><time>2025-11-15T10:13:03.724Z</time></trkpt><trkpt lat="41.47413667" lon="2.30652667"><ele>-7.0</ele><time>2025-11-15T10:13:04.724Z</time></trkpt><trkpt lat="41.474295" lon="2.30650167"><ele>-7.0</ele><time>2025-11-15T10:13:12.725Z</time></trkpt><trkpt lat="41.47438333" lon="2.30662667"><ele>-7.0</ele><time>2025-11-15T10:13:13.724Z</time></trkpt><trkpt lat="41.47440833" lon="2.30662333"><ele>-7.0</ele><time>2025-11-15T10:13:14.724Z</time></trkpt><trkpt lat="41.47442833" lon="2.30661167"><ele>-7.0</ele><time>2025-11-15T10:13:18.724Z</time></trkpt><trkpt lat="41.47438167" lon="2.30658833"><ele>-7.0</ele><time>2025-11-15T10:13:19.725Z</time></trkpt><trkpt lat="41.47436333" lon="2.30657833"><ele>-7.0</ele><time>2025-11-15T10:13:20.724Z</time></trkpt><trkpt lat="41.47436" lon="2.30658333"><ele>-7.0</ele><time>2025-11-15T10:13:21.724Z</time></trkpt><trkpt lat="41.47435" lon="2.30657833"><ele>-7.0</ele><time>2025-11-15T10:13:22.724Z</time></trkpt><trkpt lat="41.47433333" lon="2.30656667"><ele>-7.0</ele><time>2025-11-15T10:13:23.724Z</time></trkpt><trkpt lat="41.47432333" lon="2.30656167"><ele>-7.0</ele><time>2025-11-15T10:13:24.724Z</time></trkpt><trkpt lat="41.47430833" lon="2.306565"><ele>-7.0</ele><time>2025-11-15T10:13:25.725Z</time></trkpt><trkpt lat="41.47429333" lon="2.30655833"><ele>-7.0</ele><time>2025-11-15T10:13:26.724Z</time></trkpt><trkpt lat="41.47428667" lon="2.30656167"><ele>-7.0</ele><time>2025-11-15T10:13:27.725Z</time></trkpt><trkpt lat="41.47428833" lon="2.30655333"><ele>-7.0</ele><time>2025-11-15T10:13:28.724Z</time></trkpt><trkpt lat="41.47427667" lon="2.30654167"><ele>-7.0</ele><time>2025-11-15T10:13:29.724Z</time></trkpt><trkpt lat="41.47428" lon="2.30653833"><ele>-7.0</ele><time>2025-11-15T10:13:30.724Z</time></trkpt><trkpt lat="41.47427167" lon="2.306525"><ele>-7.0</ele><time>2025-11-15T10:13:31.724Z</time></trkpt><trkpt lat="41.47428" lon="2.30652333"><ele>-7.0</ele><time>2025-11-15T10:13:32.724Z</time></trkpt><trkpt lat="41.47427" lon="2.30651167"><ele>-7.0</ele><time>2025-11-15T10:13:33.724Z</time></trkpt><trkpt lat="41.474265" lon="2.30650333"><ele>-7.0</ele><time>2025-11-15T10:13:34.724Z</time></trkpt><trkpt lat="41.474265" lon="2.30650833"><ele>-8.0</ele><time>2025-11-15T10:13:35.724Z</time></trkpt><trkpt lat="41.474255" lon="2.30650167"><ele>-6.0</ele><time>2025-11-15T10:13:36.725Z</time></trkpt><trkpt lat="41.47425333" lon="2.30649167"><ele>-6.0</ele><time>2025-11-15T10:13:37.725Z</time></trkpt><trkpt lat="41.47423833" lon="2.30648833"><ele>-6.0</ele><time>2025-11-15T10:13:38.725Z</time></trkpt><trkpt lat="41.47422833" lon="2.30647833"><ele>-6.0</ele><time>2025-11-15T10:13:39.725Z</time></trkpt><trkpt lat="41.474215" lon="2.30647"><ele>-6.0</ele><time>2025-11-15T10:13:40.725Z</time></trkpt><trkpt lat="41.4742" lon="2.306445"><ele>-8.0</ele><time>2025-11-15T10:13:41.725Z</time></trkpt><trkpt lat="41.47418333" lon="2.30642667"><ele>-7.0</ele><time>2025-11-15T10:13:42.724Z</time></trkpt><trkpt lat="41.47417" lon="2.30640667"><ele>-7.0</ele><time>2025-11-15T10:13:43.724Z</time></trkpt><trkpt lat="41.47417" lon="2.306405"><ele>-7.0</ele><time>2025-11-15T10:13:44.724Z</time></trkpt><trkpt lat="41.474165" lon="2.30640167"><ele>-7.0</ele><time>2025-11-15T10:13:45.724Z</time></trkpt><trkpt lat="41.47415833" lon="2.30638833"><ele>-7.0</ele><time>2025-11-15T10:13:46.725Z</time></trkpt><trkpt lat="41.474155" lon="2.306385"><ele>-7.0</ele><time>2025-11-15T10:13:47.724Z</time></trkpt><trkpt lat="41.47414833" lon="2.30637833"><ele>-7.0</ele><time>2025-11-15T10:13:48.724Z</time></trkpt><trkpt lat="41.474145" lon="2.30638833"><ele>-7.0</ele><time>2025-11-15T10:13:49.724Z</time></trkpt><trkpt lat="41.47413667" lon="2.306385"><ele>-7.0</ele><time>2025-11-15T10:13:50.724Z</time></trkpt><trkpt lat="41.474125" lon="2.30638833"><ele>-7.0</ele><time>2025-11-15T10:13:51.724Z</time></trkpt><trkpt lat="41.47412667" lon="2.306395"><ele>-6.0</ele><time>2025-11-15T10:13:52.725Z</time></trkpt><trkpt lat="41.47412" lon="2.30639333"><ele>-6.0</ele><time>2025-11-15T10:13:53.724Z</time></trkpt><trkpt lat="41.47411833" lon="2.30639333"><ele>-5.0</ele><time>2025-11-15T10:13:54.724Z</time></trkpt><trkpt lat="41.47411" lon="2.30638667"><ele>-5.0</ele><time>2025-11-15T10:13:55.724Z</time></trkpt><trkpt lat="41.47411" lon="2.30638167"><ele>-4.0</ele><time>2025-11-15T10:13:56.724Z</time></trkpt><trkpt lat="41.47411" lon="2.306375"><ele>-4.0</ele><time>2025-11-15T10:13:57.724Z</time></trkpt><trkpt lat="41.47411" lon="2.30636333"><ele>-3.0</ele><time>2025-11-15T10:13:58.725Z</time></trkpt><trkpt lat="41.47411333" lon="2.30635"><ele>-3.0</ele><time>2025-11-15T10:13:59.725Z</time></trkpt><trkpt lat="41.47411" lon="2.30633333"><ele>-3.0</ele><time>2025-11-15T10:14:00.724Z</time></trkpt><trkpt lat="41.47410667" lon="2.30634667"><ele>-3.0</ele><time>2025-11-15T10:14:01.725Z</time></trkpt><trkpt lat="41.4741" lon="2.30634667"><ele>-3.0</ele><time>2025-11-15T10:14:02.725Z</time></trkpt><trkpt lat="41.47409" lon="2.30634333"><ele>-3.0</ele><time>2025-11-15T10:14:03.725Z</time></trkpt><trkpt lat="41.47408167" lon="2.30633667"><ele>-4.0</ele><time>2025-11-15T10:14:04.725Z</time></trkpt><trkpt lat="41.47408167" lon="2.30635333"><ele>-2.0</ele><time>2025-11-15T10:14:05.724Z</time></trkpt><trkpt lat="41.474095" lon="2.30639667"><ele>-2.0</ele><time>2025-11-15T10:14:06.724Z</time></trkpt><trkpt lat="41.47410667" lon="2.30642333"><ele>-2.0</ele><time>2025-11-15T10:14:07.725Z</time></trkpt><trkpt lat="41.47412" lon="2.30645833"><ele>-2.0</ele><time>2025-11-15T10:14:08.724Z</time></trkpt><trkpt lat="41.47415833" lon="2.306435"><ele>-2.0</ele><time>2025-11-15T10:14:09.724Z</time></trkpt><trkpt lat="41.47422" lon="2.30644333"><ele>-2.0</ele><time>2025-11-15T10:14:10.724Z</time></trkpt><trkpt lat="41.47428333" lon="2.30643"><ele>-2.0</ele><time>2025-11-15T10:14:11.724Z</time></trkpt><trkpt lat="41.474345" lon="2.306415"><ele>-2.0</ele><time>2025-11-15T10:14:12.724Z</time></trkpt><trkpt lat="41.47440167" lon="2.30639167"><ele>-2.0</ele><time>2025-11-15T10:14:13.724Z</time></trkpt><trkpt lat="41.47445667" lon="2.30637333"><ele>-2.0</ele><time>2025-11-15T10:14:14.724Z</time></trkpt><trkpt lat="41.47449833" lon="2.30635667"><ele>-2.0</ele><time>2025-11-15T10:14:15.724Z</time></trkpt><trkpt lat="41.474535" lon="2.30633667"><ele>-2.0</ele><time>2025-11-15T10:14:16.725Z</time></trkpt><trkpt lat="41.47456333" lon="2.30632167"><ele>-2.0</ele><time>2025-11-15T10:14:17.725Z</time></trkpt><trkpt lat="41.47459" lon="2.30631"><ele>-2.0</ele><time>2025-11-15T10:14:18.724Z</time></trkpt><trkpt lat="41.47460833" lon="2.30629333"><ele>-2.0</ele><time>2025-11-15T10:14:19.725Z</time></trkpt><trkpt lat="41.47465833" lon="2.306355"><ele>-2.0</ele><time>2025-11-15T10:14:32.724Z</time></trkpt><trkpt lat="41.47465667" lon="2.30637167"><ele>-2.0</ele><time>2025-11-15T10:14:33.724Z</time></trkpt><trkpt lat="41.47466167" lon="2.30637333"><ele>-2.0</ele><time>2025-11-15T10:14:34.724Z</time></trkpt><trkpt lat="41.474665" lon="2.30637167"><ele>-2.0</ele><time>2025-11-15T10:14:35.724Z</time></trkpt><trkpt lat="41.47466667" lon="2.30636833"><ele>-2.0</ele><time>2025-11-15T10:14:36.724Z</time></trkpt><trkpt lat="41.47466833" lon="2.306365"><ele>-3.0</ele><time>2025-11-15T10:14:37.724Z</time></trkpt><trkpt lat="41.47467" lon="2.30636167"><ele>-3.0</ele><time>2025-11-15T10:14:38.724Z</time></trkpt><trkpt lat="41.47466833" lon="2.306355"><ele>-3.0</ele><time>2025-11-15T10:14:39.725Z</time></trkpt><trkpt lat="41.474665" lon="2.30635167"><ele>-3.0</ele><time>2025-11-15T10:14:40.725Z</time></trkpt><trkpt lat="41.47466667" lon="2.306335"><ele>-4.0</ele><time>2025-11-15T10:14:41.725Z</time></trkpt><trkpt lat="41.47467167" lon="2.30632"><ele>-4.0</ele><time>2025-11-15T10:14:42.725Z</time></trkpt><trkpt lat="41.47467833" lon="2.30630167"><ele>-4.0</ele><time>2025-11-15T10:14:43.725Z</time></trkpt><trkpt lat="41.47467833" lon="2.30628167"><ele>-5.0</ele><time>2025-11-15T10:14:44.724Z</time></trkpt><trkpt lat="41.47467833" lon="2.30627167"><ele>-5.0</ele><time>2025-11-15T10:14:45.724Z</time></trkpt><trkpt lat="41.47468167" lon="2.30625667"><ele>-5.0</ele><time>2025-11-15T10:14:46.724Z</time></trkpt><trkpt lat="41.47468667" lon="2.30624667"><ele>-6.0</ele><time>2025-11-15T10:14:47.725Z</time></trkpt><trkpt lat="41.47469167" lon="2.306235"><ele>-6.0</ele><time>2025-11-15T10:14:48.724Z</time></trkpt><trkpt lat="41.47469" lon="2.30622833"><ele>-7.0</ele><time>2025-11-15T10:14:49.725Z</time></trkpt><trkpt lat="41.47468833" lon="2.30622333"><ele>-7.0</ele><time>2025-11-15T10:14:50.725Z</time></trkpt><trkpt lat="41.47468167" lon="2.30621667"><ele>-7.0</ele><time>2025-11-15T10:14:51.724Z</time></trkpt><trkpt lat="41.47467833" lon="2.30622"><ele>-7.0</ele><time>2025-11-15T10:14:52.725Z</time></trkpt><trkpt lat="41.47467667" lon="2.30621333"><ele>-7.0</ele><time>2025-11-15T10:14:53.724Z</time></trkpt><trkpt lat="41.47468167" lon="2.306205"><ele>-7.0</ele><time>2025-11-15T10:14:54.725Z</time></trkpt><trkpt lat="41.47469" lon="2.306195"><ele>-7.0</ele><time>2025-11-15T10:14:55.724Z</time></trkpt><trkpt lat="41.474695" lon="2.306185"><ele>-7.0</ele><time>2025-11-15T10:14:56.724Z</time></trkpt><trkpt lat="41.47470167" lon="2.30617667"><ele>-7.0</ele><time>2025-11-15T10:14:57.724Z</time></trkpt><trkpt lat="41.47471" lon="2.30617167"><ele>-7.0</ele><time>2025-11-15T10:14:58.724Z</time></trkpt><trkpt lat="41.47471333" lon="2.30616333"><ele>-7.0</ele><time>2025-11-15T10:14:59.725Z</time></trkpt><trkpt lat="41.474715" lon="2.30615833"><ele>-8.0</ele><time>2025-11-15T10:15:00.724Z</time></trkpt><trkpt lat="41.47471667" lon="2.30615167"><ele>-8.0</ele><time>2025-11-15T10:15:01.724Z</time></trkpt><trkpt lat="41.474725" lon="2.30614"><ele>-8.0</ele><time>2025-11-15T10:15:02.724Z</time></trkpt><trkpt lat="41.474735" lon="2.30613333"><ele>-9.0</ele><time>2025-11-15T10:15:03.725Z</time></trkpt><trkpt lat="41.47475333" lon="2.30612667"><ele>-9.0</ele><time>2025-11-15T10:15:04.724Z</time></trkpt><trkpt lat="41.47476833" lon="2.30612167"><ele>-9.0</ele><time>2025-11-15T10:15:05.724Z</time></trkpt><trkpt lat="41.47478" lon="2.30611833"><ele>-9.0</ele><time>2025-11-15T10:15:06.724Z</time></trkpt><trkpt lat="41.47478833" lon="2.30611333"><ele>-9.0</ele><time>2025-11-15T10:15:07.725Z</time></trkpt><trkpt lat="41.47479333" lon="2.30610667"><ele>-9.0</ele><time>2025-11-15T10:15:08.725Z</time></trkpt><trkpt lat="41.47479667" lon="2.30609667"><ele>-9.0</ele><time>2025-11-15T10:15:09.724Z</time></trkpt><trkpt lat="41.47480167" lon="2.30609"><ele>-9.0</ele><time>2025-11-15T10:15:10.724Z</time></trkpt><trkpt lat="41.47480333" lon="2.30607833"><ele>-11.0</ele><time>2025-11-15T10:15:11.724Z</time></trkpt><trkpt lat="41.4748" lon="2.30606667"><ele>-10.0</ele><time>2025-11-15T10:15:12.724Z</time></trkpt><trkpt lat="41.47480333" lon="2.30605667"><ele>-10.0</ele><time>2025-11-15T10:15:13.725Z</time></trkpt><trkpt lat="41.47481167" lon="2.30604333"><ele>-10.0</ele><time>2025-11-15T10:15:14.724Z</time></trkpt><trkpt lat="41.47481833" lon="2.30603667"><ele>-10.0</ele><time>2025-11-15T10:15:15.724Z</time></trkpt><trkpt lat="41.47482167" lon="2.30603333"><ele>-10.0</ele><time>2025-11-15T10:15:16.724Z</time></trkpt><trkpt lat="41.47482333" lon="2.30603"><ele>-10.0</ele><time>2025-11-15T10:15:17.724Z</time></trkpt><trkpt lat="41.47482333" lon="2.30602667"><ele>-11.0</ele><time>2025-11-15T10:15:18.725Z</time></trkpt><trkpt lat="41.474825" lon="2.30602333"><ele>-9.0</ele><time>2025-11-15T10:15:19.725Z</time></trkpt><trkpt lat="41.47483" lon="2.30602167"><ele>-9.0</ele><time>2025-11-15T10:15:20.725Z</time></trkpt><trkpt lat="41.47483333" lon="2.306015"><ele>-9.0</ele><time>2025-11-15T10:15:21.724Z</time></trkpt><trkpt lat="41.47483667" lon="2.30600667"><ele>-10.0</ele><time>2025-11-15T10:15:22.725Z</time></trkpt><trkpt lat="41.47484667" lon="2.30599667"><ele>-10.0</ele><time>2025-11-15T10:15:23.724Z</time></trkpt><trkpt lat="41.47485333" lon="2.305975"><ele>-10.0</ele><time>2025-11-15T10:15:24.724Z</time></trkpt><trkpt lat="41.47486833" lon="2.30595333"><ele>-10.0</ele><time>2025-11-15T10:15:25.724Z</time></trkpt><trkpt lat="41.47488333" lon="2.305935"><ele>-9.0</ele><time>2025-11-15T10:15:26.724Z</time></trkpt><trkpt lat="41.47488333" lon="2.30592"><ele>-9.0</ele><time>2025-11-15T10:15:27.724Z</time></trkpt><trkpt lat="41.47487833" lon="2.30590667"><ele>-9.0</ele><time>2025-11-15T10:15:28.724Z</time></trkpt><trkpt lat="41.47487333" lon="2.30589167"><ele>-9.0</ele><time>2025-11-15T10:15:29.724Z</time></trkpt><trkpt lat="41.47486833" lon="2.30588333"><ele>-9.0</ele><time>2025-11-15T10:15:30.724Z</time></trkpt><trkpt lat="41.47487167" lon="2.305865"><ele>-9.0</ele><time>2025-11-15T10:15:31.724Z</time></trkpt><trkpt lat="41.47487333" lon="2.305845"><ele>-9.0</ele><time>2025-11-15T10:15:32.724Z</time></trkpt><trkpt lat="41.47487333" lon="2.30582667"><ele>-9.0</ele><time>2025-11-15T10:15:33.724Z</time></trkpt><trkpt lat="41.47487333" lon="2.30580667"><ele>-8.0</ele><time>2025-11-15T10:15:34.724Z</time></trkpt><trkpt lat="41.474875" lon="2.30574667"><ele>-8.0</ele><time>2025-11-15T10:15:38.725Z</time></trkpt><trkpt lat="41.47487167" lon="2.305725"><ele>-8.0</ele><time>2025-11-15T10:15:39.724Z</time></trkpt><trkpt lat="41.47486333" lon="2.305715"><ele>-8.0</ele><time>2025-11-15T10:15:40.724Z</time></trkpt><trkpt lat="41.47486" lon="2.305705"><ele>-8.0</ele><time>2025-11-15T10:15:41.724Z</time></trkpt><trkpt lat="41.47485667" lon="2.30569833"><ele>-8.0</ele><time>2025-11-15T10:15:42.725Z</time></trkpt><trkpt lat="41.474845" lon="2.30572667"><ele>-8.0</ele><time>2025-11-15T10:15:43.725Z</time></trkpt><trkpt lat="41.47483333" lon="2.30573333"><ele>-8.0</ele><time>2025-11-15T10:15:44.724Z</time></trkpt><trkpt lat="41.47482833" lon="2.30574833"><ele>-8.0</ele><time>2025-11-15T10:15:45.724Z</time></trkpt><trkpt lat="41.47482" lon="2.30576"><ele>-8.0</ele><time>2025-11-15T10:15:46.724Z</time></trkpt><trkpt lat="41.47481333" lon="2.30576833"><ele>-8.0</ele><time>2025-11-15T10:15:47.724Z</time></trkpt><trkpt lat="41.4748" lon="2.30576667"><ele>-8.0</ele><time>2025-11-15T10:15:48.724Z</time></trkpt><trkpt lat="41.47479" lon="2.305765"><ele>-8.0</ele><time>2025-11-15T10:15:49.725Z</time></trkpt><trkpt lat="41.47475333" lon="2.30576833"><ele>-8.0</ele><time>2025-11-15T10:15:53.725Z</time></trkpt><trkpt lat="41.47474833" lon="2.30577167"><ele>-9.0</ele><time>2025-11-15T10:15:54.724Z</time></trkpt><trkpt lat="41.474735" lon="2.30577"><ele>-7.0</ele><time>2025-11-15T10:15:55.725Z</time></trkpt><trkpt lat="41.47469333" lon="2.30575667"><ele>-7.0</ele><time>2025-11-15T10:15:56.724Z</time></trkpt><trkpt lat="41.47466667" lon="2.30574833"><ele>-7.0</ele><time>2025-11-15T10:15:57.725Z</time></trkpt><trkpt lat="41.47467" lon="2.30577333"><ele>-6.0</ele><time>2025-11-15T10:15:58.724Z</time></trkpt><trkpt lat="41.47463833" lon="2.30576333"><ele>-6.0</ele><time>2025-11-15T10:15:59.725Z</time></trkpt><trkpt lat="41.47475833" lon="2.30576667"><ele>-6.0</ele><time>2025-11-15T10:16:00.725Z</time></trkpt><trkpt lat="41.47482667" lon="2.30574667"><ele>-5.0</ele><time>2025-11-15T10:16:01.724Z</time></trkpt><trkpt lat="41.47483333" lon="2.30573667"><ele>-5.0</ele><time>2025-11-15T10:16:02.725Z</time></trkpt><trkpt lat="41.47484333" lon="2.305715"><ele>-5.0</ele><time>2025-11-15T10:16:03.724Z</time></trkpt><trkpt lat="41.47484167" lon="2.30572167"><ele>-6.0</ele><time>2025-11-15T10:16:04.725Z</time></trkpt><trkpt lat="41.47484333" lon="2.30571333"><ele>-4.0</ele><time>2025-11-15T10:16:05.724Z</time></trkpt><trkpt lat="41.47483667" lon="2.30571667"><ele>-4.0</ele><time>2025-11-15T10:16:06.725Z</time></trkpt><trkpt lat="41.47484" lon="2.30571167"><ele>-3.0</ele><time>2025-11-15T10:16:07.724Z</time></trkpt><trkpt lat="41.47483167" lon="2.30572"><ele>-3.0</ele><time>2025-11-15T10:16:08.725Z</time></trkpt><trkpt lat="41.47482667" lon="2.305715"><ele>-3.0</ele><time>2025-11-15T10:16:09.725Z</time></trkpt><trkpt lat="41.47481833" lon="2.30573"><ele>-3.0</ele><time>2025-11-15T10:16:10.724Z</time></trkpt><trkpt lat="41.47481" lon="2.30572667"><ele>-3.0</ele><time>2025-11-15T10:16:11.725Z</time></trkpt><trkpt lat="41.47482" lon="2.305735"><ele>-3.0</ele><time>2025-11-15T10:16:12.724Z</time></trkpt><trkpt lat="41.47484333" lon="2.30572833"><ele>-3.0</ele><time>2025-11-15T10:16:13.725Z</time></trkpt><trkpt lat="41.474835" lon="2.305725"><ele>-3.0</ele><time>2025-11-15T10:16:14.724Z</time></trkpt><trkpt lat="41.47483" lon="2.30570833"><ele>-3.0</ele><time>2025-11-15T10:16:15.725Z</time></trkpt><trkpt lat="41.47482333" lon="2.30569833"><ele>-3.0</ele><time>2025-11-15T10:16:16.724Z</time></trkpt><trkpt lat="41.47481667" lon="2.30567833"><ele>-3.0</ele><time>2025-11-15T10:16:17.725Z</time></trkpt><trkpt lat="41.474775" lon="2.305665"><ele>-3.0</ele><time>2025-11-15T10:16:22.724Z</time></trkpt><trkpt lat="41.47474167" lon="2.30569667"><ele>-5.0</ele><time>2025-11-15T10:16:23.724Z</time></trkpt><trkpt lat="41.47473167" lon="2.3057"><ele>-5.0</ele><time>2025-11-15T10:16:24.725Z</time></trkpt><trkpt lat="41.47472833" lon="2.305725"><ele>-3.0</ele><time>2025-11-15T10:16:25.724Z</time></trkpt><trkpt lat="41.47472" lon="2.30574167"><ele>-3.0</ele><time>2025-11-15T10:16:26.725Z</time></trkpt><trkpt lat="41.47475" lon="2.30582167"><ele>-3.0</ele><time>2025-11-15T10:16:27.724Z</time></trkpt><trkpt lat="41.47476" lon="2.30585167"><ele>-3.0</ele><time>2025-11-15T10:16:28.725Z</time></trkpt><trkpt lat="41.47477" lon="2.30586167"><ele>-4.0</ele><time>2025-11-15T10:16:29.725Z</time></trkpt><trkpt lat="41.47477" lon="2.30590167"><ele>-2.0</ele><time>2025-11-15T10:16:30.724Z</time></trkpt><trkpt lat="41.47473833" lon="2.30585"><ele>-2.0</ele><time>2025-11-15T10:16:31.725Z</time></trkpt><trkpt lat="41.47474333" lon="2.30587"><ele>-2.0</ele><time>2025-11-15T10:16:32.724Z</time></trkpt><trkpt lat="41.47473833" lon="2.30587833"><ele>-2.0</ele><time>2025-11-15T10:16:33.724Z</time></trkpt><trkpt lat="41.47472833" lon="2.30589333"><ele>-2.0</ele><time>2025-11-15T10:16:34.724Z</time></trkpt><trkpt lat="41.47471667" lon="2.30588167"><ele>-4.0</ele><time>2025-11-15T10:16:35.725Z</time></trkpt><trkpt lat="41.47471" lon="2.30588833"><ele>-3.0</ele><time>2025-11-15T10:16:36.724Z</time></trkpt><trkpt lat="41.4747" lon="2.30584667"><ele>-3.0</ele><time>2025-11-15T10:16:37.724Z</time></trkpt><trkpt lat="41.474675" lon="2.30583833"><ele>-3.0</ele><time>2025-11-15T10:16:38.724Z</time></trkpt><trkpt lat="41.47466667" lon="2.30582167"><ele>-3.0</ele><time>2025-11-15T10:16:39.725Z</time></trkpt><trkpt lat="41.47464833" lon="2.30579333"><ele>-3.0</ele><time>2025-11-15T10:16:40.725Z</time></trkpt><trkpt lat="41.474645" lon="2.30581167"><ele>-3.0</ele><time>2025-11-15T10:16:41.724Z</time></trkpt><trkpt lat="41.474655" lon="2.30578667"><ele>-5.0</ele><time>2025-11-15T10:16:42.725Z</time></trkpt><trkpt lat="41.47465667" lon="2.305815"><ele>-5.0</ele><time>2025-11-15T10:16:43.724Z</time></trkpt><trkpt lat="41.47465833" lon="2.30580333"><ele>-5.0</ele><time>2025-11-15T10:16:44.724Z</time></trkpt><trkpt lat="41.47468167" lon="2.30586"><ele>-3.0</ele><time>2025-11-15T10:16:45.724Z</time></trkpt><trkpt lat="41.47468333" lon="2.30587"><ele>-3.0</ele><time>2025-11-15T10:16:46.725Z</time></trkpt><trkpt lat="41.47464" lon="2.30581833"><ele>-3.0</ele><time>2025-11-15T10:16:47.724Z</time></trkpt><trkpt lat="41.47463667" lon="2.30582"><ele>-2.0</ele><time>2025-11-15T10:16:48.724Z</time></trkpt><trkpt lat="41.47463833" lon="2.30580833"><ele>-2.0</ele><time>2025-11-15T10:16:49.724Z</time></trkpt><trkpt lat="41.47463667" lon="2.30580833"><ele>-2.0</ele><time>2025-11-15T10:16:50.724Z</time></trkpt><trkpt lat="41.47464" lon="2.30581"><ele>-2.0</ele><time>2025-11-15T10:16:51.725Z</time></trkpt><trkpt lat="41.474645" lon="2.30583"><ele>-3.0</ele><time>2025-11-15T10:16:52.724Z</time></trkpt><trkpt lat="41.47464" lon="2.30582667"><ele>-1.0</ele><time>2025-11-15T10:16:53.725Z</time></trkpt><trkpt lat="41.47466333" lon="2.30584"><ele>-1.0</ele><time>2025-11-15T10:16:54.724Z</time></trkpt><trkpt lat="41.474665" lon="2.30583667"><ele>-1.0</ele><time>2025-11-15T10:16:55.725Z</time></trkpt><trkpt lat="41.47466167" lon="2.30583667"><ele>-1.0</ele><time>2025-11-15T10:16:56.724Z</time></trkpt><trkpt lat="41.474665" lon="2.30583167"><ele>-1.0</ele><time>2025-11-15T10:16:57.724Z</time></trkpt><trkpt lat="41.47468833" lon="2.30583"><ele>-2.0</ele><time>2025-11-15T10:17:03.724Z</time></trkpt><trkpt lat="41.47469167" lon="2.30583833"><ele>0.0</ele><time>2025-11-15T10:17:04.725Z</time></trkpt><trkpt lat="41.474695" lon="2.30584"><ele>0.0</ele><time>2025-11-15T10:17:05.724Z</time></trkpt><trkpt lat="41.4747" lon="2.305835"><ele>0.0</ele><time>2025-11-15T10:17:06.725Z</time></trkpt><trkpt lat="41.47469667" lon="2.30583833"><ele>0.0</ele><time>2025-11-15T10:17:07.724Z</time></trkpt><trkpt lat="41.47469" lon="2.30586833"><ele>0.0</ele><time>2025-11-15T10:17:08.725Z</time></trkpt><trkpt lat="41.47467333" lon="2.30589333"><ele>0.0</ele><time>2025-11-15T10:17:09.724Z</time></trkpt><trkpt lat="41.47467333" lon="2.30589667"><ele>-1.0</ele><time>2025-11-15T10:17:10.725Z</time></trkpt><trkpt lat="41.47467167" lon="2.30589667"><ele>0.0</ele><time>2025-11-15T10:17:11.725Z</time></trkpt><trkpt lat="41.47466167" lon="2.30588667"><ele>0.0</ele><time>2025-11-15T10:17:12.724Z</time></trkpt><trkpt lat="41.47467333" lon="2.30589167"><ele>0.0</ele><time>2025-11-15T10:17:13.725Z</time></trkpt><trkpt lat="41.474675" lon="2.305895"><ele>0.0</ele><time>2025-11-15T10:17:15.725Z</time></trkpt><trkpt lat="41.47460667" lon="2.30588833"><ele>0.0</ele><time>2025-11-15T10:17:16.724Z</time></trkpt><trkpt lat="41.47461667" lon="2.30588833"><ele>0.0</ele><time>2025-11-15T10:17:17.724Z</time></trkpt><trkpt lat="41.47462167" lon="2.30589"><ele>0.0</ele><time>2025-11-15T10:17:18.724Z</time></trkpt><trkpt lat="41.47462833" lon="2.30589167"><ele>0.0</ele><time>2025-11-15T10:17:19.725Z</time></trkpt><trkpt lat="41.47463" lon="2.30588833"><ele>0.0</ele><time>2025-11-15T10:17:20.724Z</time></trkpt><trkpt lat="41.474645" lon="2.30590167"><ele>0.0</ele><time>2025-11-15T10:17:21.724Z</time></trkpt><trkpt lat="41.474635" lon="2.30588833"><ele>0.0</ele><time>2025-11-15T10:17:23.724Z</time></trkpt><trkpt lat="41.474645" lon="2.30592"><ele>0.0</ele><time>2025-11-15T10:17:24.725Z</time></trkpt><trkpt lat="41.47465167" lon="2.30592167"><ele>0.0</ele><time>2025-11-15T10:17:25.724Z</time></trkpt><trkpt lat="41.474665" lon="2.30588"><ele>0.0</ele><time>2025-11-15T10:17:26.725Z</time></trkpt><trkpt lat="41.47466167" lon="2.30588333"><ele>0.0</ele><time>2025-11-15T10:17:27.724Z</time></trkpt><trkpt lat="41.47466" lon="2.30589333"><ele>0.0</ele><time>2025-11-15T10:17:28.725Z</time></trkpt><trkpt lat="41.47465167" lon="2.30591"><ele>0.0</ele><time>2025-11-15T10:17:29.724Z</time></trkpt><trkpt lat="41.47464" lon="2.305855"><ele>0.0</ele><time>2025-11-15T10:17:31.725Z</time></trkpt><trkpt lat="41.47463833" lon="2.30586"><ele>0.0</ele><time>2025-11-15T10:17:32.724Z</time></trkpt><trkpt lat="41.47465667" lon="2.30596"><ele>0.0</ele><time>2025-11-15T10:17:33.724Z</time></trkpt><trkpt lat="41.47465167" lon="2.30599"><ele>0.0</ele><time>2025-11-15T10:17:34.724Z</time></trkpt><trkpt lat="41.474665" lon="2.305985"><ele>0.0</ele><time>2025-11-15T10:17:35.725Z</time></trkpt><trkpt lat="41.474655" lon="2.306"><ele>0.0</ele><time>2025-11-15T10:17:36.724Z</time></trkpt><trkpt lat="41.474645" lon="2.30599167"><ele>-2.0</ele><time>2025-11-15T10:17:37.725Z</time></trkpt><trkpt lat="41.474635" lon="2.30596667"><ele>-1.0</ele><time>2025-11-15T10:17:38.725Z</time></trkpt><trkpt lat="41.47463" lon="2.30595833"><ele>-1.0</ele><time>2025-11-15T10:17:39.725Z</time></trkpt><trkpt lat="41.47463167" lon="2.30595833"><ele>-1.0</ele><time>2025-11-15T10:17:40.724Z</time></trkpt><trkpt lat="41.47463" lon="2.30595833"><ele>-1.0</ele><time>2025-11-15T10:17:41.724Z</time></trkpt><trkpt lat="41.474635" lon="2.30597167"><ele>-1.0</ele><time>2025-11-15T10:17:42.724Z</time></trkpt><trkpt lat="41.47463167" lon="2.30598833"><ele>-1.0</ele><time>2025-11-15T10:17:43.724Z</time></trkpt><trkpt lat="41.47463" lon="2.30599833"><ele>-1.0</ele><time>2025-11-15T10:17:44.725Z</time></trkpt><trkpt lat="41.47491" lon="2.30627"><ele>-3.0</ele><time>2025-11-15T10:18:27.724Z</time></trkpt><trkpt lat="41.47490833" lon="2.30627"><ele>-4.0</ele><time>2025-11-15T10:18:28.725Z</time></trkpt><trkpt lat="41.47491167" lon="2.30626667"><ele>-6.0</ele><time>2025-11-15T10:18:29.724Z</time></trkpt><trkpt lat="41.47491167" lon="2.30627333"><ele>-7.0</ele><time>2025-11-15T10:18:30.725Z</time></trkpt><trkpt lat="41.47491" lon="2.30627333"><ele>-10.0</ele><time>2025-11-15T10:18:31.724Z</time></trkpt><trkpt lat="41.47490833" lon="2.30627"><ele>-10.0</ele><time>2025-11-15T10:18:32.724Z</time></trkpt><trkpt lat="41.47490667" lon="2.30626833"><ele>-11.0</ele><time>2025-11-15T10:18:33.725Z</time></trkpt><trkpt lat="41.474905" lon="2.306265"><ele>-13.0</ele><time>2025-11-15T10:18:34.724Z</time></trkpt><trkpt lat="41.47490167" lon="2.30625833"><ele>-12.0</ele><time>2025-11-15T10:18:35.725Z</time></trkpt><trkpt lat="41.474885" lon="2.30623"><ele>-13.0</ele><time>2025-11-15T10:18:36.724Z</time></trkpt><trkpt lat="41.47487" lon="2.30624833"><ele>-14.0</ele><time>2025-11-15T10:18:37.725Z</time></trkpt><trkpt lat="41.47486333" lon="2.30622833"><ele>-14.0</ele><time>2025-11-15T10:18:38.724Z</time></trkpt><trkpt lat="41.47486833" lon="2.30620667"><ele>-15.0</ele><time>2025-11-15T10:18:39.725Z</time></trkpt><trkpt lat="41.47486167" lon="2.30618333"><ele>-15.0</ele><time>2025-11-15T10:18:40.724Z</time></trkpt><trkpt lat="41.474895" lon="2.30620667"><ele>-16.0</ele><time>2025-11-15T10:18:41.725Z</time></trkpt><trkpt lat="41.47491" lon="2.30622167"><ele>-17.0</ele><time>2025-11-15T10:18:42.725Z</time></trkpt><trkpt lat="41.47493833" lon="2.30623167"><ele>-19.0</ele><time>2025-11-15T10:18:43.724Z</time></trkpt><trkpt lat="41.474945" lon="2.30622833"><ele>-18.0</ele><time>2025-11-15T10:18:44.724Z</time></trkpt><trkpt lat="41.47495667" lon="2.30624"><ele>-18.0</ele><time>2025-11-15T10:18:45.724Z</time></trkpt><trkpt lat="41.47496333" lon="2.30624667"><ele>-19.0</ele><time>2025-11-15T10:18:46.725Z</time></trkpt><trkpt lat="41.47497" lon="2.30625333"><ele>-20.0</ele><time>2025-11-15T10:18:47.724Z</time></trkpt><trkpt lat="41.47496667" lon="2.30627667"><ele>-20.0</ele><time>2025-11-15T10:18:48.724Z</time></trkpt><trkpt lat="41.47496667" lon="2.30628833"><ele>-21.0</ele><time>2025-11-15T10:18:49.724Z</time></trkpt><trkpt lat="41.47497" lon="2.3063"><ele>-21.0</ele><time>2025-11-15T10:18:50.725Z</time></trkpt><trkpt lat="41.47497167" lon="2.30630833"><ele>-21.0</ele><time>2025-11-15T10:18:51.724Z</time></trkpt><trkpt lat="41.47497167" lon="2.30631833"><ele>-21.0</ele><time>2025-11-15T10:18:52.725Z</time></trkpt><trkpt lat="41.47497833" lon="2.306335"><ele>-19.0</ele><time>2025-11-15T10:18:53.725Z</time></trkpt><trkpt lat="41.47498833" lon="2.30635333"><ele>-20.0</ele><time>2025-11-15T10:18:54.724Z</time></trkpt><trkpt lat="41.47499833" lon="2.30636667"><ele>-18.0</ele><time>2025-11-15T10:18:55.725Z</time></trkpt><trkpt lat="41.47498667" lon="2.30638"><ele>-15.0</ele><time>2025-11-15T10:18:56.724Z</time></trkpt><trkpt lat="41.47498833" lon="2.30639"><ele>-13.0</ele><time>2025-11-15T10:18:57.725Z</time></trkpt><trkpt lat="41.47499167" lon="2.306405"><ele>-14.0</ele><time>2025-11-15T10:18:58.724Z</time></trkpt><trkpt lat="41.474995" lon="2.306425"><ele>-15.0</ele><time>2025-11-15T10:18:59.725Z</time></trkpt><trkpt lat="41.47498667" lon="2.30644167"><ele>-13.0</ele><time>2025-11-15T10:19:00.724Z</time></trkpt><trkpt lat="41.47497833" lon="2.30645167"><ele>-10.0</ele><time>2025-11-15T10:19:01.725Z</time></trkpt><trkpt lat="41.474975" lon="2.306475"><ele>-7.0</ele><time>2025-11-15T10:19:02.724Z</time></trkpt><trkpt lat="41.47498" lon="2.30649333"><ele>-7.0</ele><time>2025-11-15T10:19:03.724Z</time></trkpt><trkpt lat="41.47498" lon="2.30650833"><ele>-5.0</ele><time>2025-11-15T10:19:04.725Z</time></trkpt><trkpt lat="41.47498" lon="2.30652667"><ele>-5.0</ele><time>2025-11-15T10:19:05.724Z</time></trkpt><trkpt lat="41.47498" lon="2.30654667"><ele>-5.0</ele><time>2025-11-15T10:19:06.725Z</time></trkpt><trkpt lat="41.474975" lon="2.30655667"><ele>-6.0</ele><time>2025-11-15T10:19:07.724Z</time></trkpt><trkpt lat="41.47497333" lon="2.30656167"><ele>-6.0</ele><time>2025-11-15T10:19:08.725Z</time></trkpt><trkpt lat="41.47496833" lon="2.30657833"><ele>-7.0</ele><time>2025-11-15T10:19:09.725Z</time></trkpt><trkpt lat="41.47496667" lon="2.30659167"><ele>-7.0</ele><time>2025-11-15T10:19:10.725Z</time></trkpt><trkpt lat="41.47496833" lon="2.30660167"><ele>-7.0</ele><time>2025-11-15T10:19:11.725Z</time></trkpt><trkpt lat="41.47497833" lon="2.30660833"><ele>-8.0</ele><time>2025-11-15T10:19:12.724Z</time></trkpt><trkpt lat="41.47498333" lon="2.30662167"><ele>-8.0</ele><time>2025-11-15T10:19:13.724Z</time></trkpt><trkpt lat="41.474985" lon="2.30664"><ele>-6.0</ele><time>2025-11-15T10:19:14.725Z</time></trkpt><trkpt lat="41.47498333" lon="2.306665"><ele>-5.0</ele><time>2025-11-15T10:19:15.725Z</time></trkpt><trkpt lat="41.47498833" lon="2.30666667"><ele>-3.0</ele><time>2025-11-15T10:19:16.724Z</time></trkpt><trkpt lat="41.47498167" lon="2.30668167"><ele>-3.0</ele><time>2025-11-15T10:19:17.724Z</time></trkpt><trkpt lat="41.474985" lon="2.306685"><ele>-3.0</ele><time>2025-11-15T10:19:18.724Z</time></trkpt><trkpt lat="41.47497667" lon="2.306695"><ele>-3.0</ele><time>2025-11-15T10:19:19.725Z</time></trkpt><trkpt lat="41.47496833" lon="2.30670167"><ele>-1.0</ele><time>2025-11-15T10:19:20.725Z</time></trkpt><trkpt lat="41.47495667" lon="2.306715"><ele>0.0</ele><time>2025-11-15T10:19:21.724Z</time></trkpt><trkpt lat="41.47495" lon="2.30672167"><ele>1.0</ele><time>2025-11-15T10:19:22.724Z</time></trkpt><trkpt lat="41.47494833" lon="2.306725"><ele>3.0</ele><time>2025-11-15T10:19:23.724Z</time></trkpt><trkpt lat="41.47494667" lon="2.30673167"><ele>2.0</ele><time>2025-11-15T10:19:24.725Z</time></trkpt><trkpt lat="41.47494667" lon="2.306735"><ele>1.0</ele><time>2025-11-15T10:19:25.725Z</time></trkpt><trkpt lat="41.47494333" lon="2.30674"><ele>0.0</ele><time>2025-11-15T10:19:26.724Z</time></trkpt><trkpt lat="41.47494167" lon="2.30674333"><ele>0.0</ele><time>2025-11-15T10:19:27.725Z</time></trkpt><trkpt lat="41.474945" lon="2.30674167"><ele>0.0</ele><time>2025-11-15T10:19:28.724Z</time></trkpt><trkpt lat="41.47494333" lon="2.306745"><ele>-2.0</ele><time>2025-11-15T10:19:29.725Z</time></trkpt><trkpt lat="41.47494333" lon="2.30674667"><ele>-5.0</ele><time>2025-11-15T10:19:30.724Z</time></trkpt><trkpt lat="41.47494333" lon="2.30674667"><ele>-6.0</ele><time>2025-11-15T10:19:31.725Z</time></trkpt><trkpt lat="41.47497" lon="2.30677"><ele>-7.0</ele><time>2025-11-15T10:19:38.725Z</time></trkpt><trkpt lat="41.47490333" lon="2.306755"><ele>-9.0</ele><time>2025-11-15T10:19:39.725Z</time></trkpt><trkpt lat="41.47491833" lon="2.30682"><ele>-8.0</ele><time>2025-11-15T10:19:40.724Z</time></trkpt><trkpt lat="41.474915" lon="2.30680667"><ele>-8.0</ele><time>2025-11-15T10:19:41.725Z</time></trkpt><trkpt lat="41.4749" lon="2.306795"><ele>-9.0</ele><time>2025-11-15T10:19:42.724Z</time></trkpt><trkpt lat="41.474885" lon="2.3068"><ele>-9.0</ele><time>2025-11-15T10:19:43.725Z</time></trkpt><trkpt lat="41.47487167" lon="2.306815"><ele>-9.0</ele><time>2025-11-15T10:19:44.724Z</time></trkpt><trkpt lat="41.47486667" lon="2.30681"><ele>-9.0</ele><time>2025-11-15T10:19:45.724Z</time></trkpt><trkpt lat="41.47485167" lon="2.30683"><ele>-11.0</ele><time>2025-11-15T10:19:46.725Z</time></trkpt><trkpt lat="41.474845" lon="2.30683"><ele>-10.0</ele><time>2025-11-15T10:19:47.724Z</time></trkpt><trkpt lat="41.47483833" lon="2.30683"><ele>-10.0</ele><time>2025-11-15T10:19:48.724Z</time></trkpt><trkpt lat="41.47483167" lon="2.30683167"><ele>-10.0</ele><time>2025-11-15T10:19:49.724Z</time></trkpt><trkpt lat="41.47483" lon="2.306845"><ele>-10.0</ele><time>2025-11-15T10:19:50.724Z</time></trkpt><trkpt lat="41.474835" lon="2.30681833"><ele>-10.0</ele><time>2025-11-15T10:19:51.725Z</time></trkpt><trkpt lat="41.47482333" lon="2.30684"><ele>-10.0</ele><time>2025-11-15T10:19:52.724Z</time></trkpt><trkpt lat="41.47482167" lon="2.30681833"><ele>-10.0</ele><time>2025-11-15T10:19:53.724Z</time></trkpt><trkpt lat="41.47482" lon="2.30681333"><ele>-12.0</ele><time>2025-11-15T10:19:54.725Z</time></trkpt><trkpt lat="41.47481667" lon="2.306815"><ele>-11.0</ele><time>2025-11-15T10:19:55.724Z</time></trkpt><trkpt lat="41.47480333" lon="2.30683667"><ele>-10.0</ele><time>2025-11-15T10:19:56.724Z</time></trkpt><trkpt lat="41.47479667" lon="2.30684"><ele>-10.0</ele><time>2025-11-15T10:19:57.725Z</time></trkpt><trkpt lat="41.47478833" lon="2.30684"><ele>-9.0</ele><time>2025-11-15T10:19:58.724Z</time></trkpt><trkpt lat="41.47478667" lon="2.30684167"><ele>-10.0</ele><time>2025-11-15T10:19:59.724Z</time></trkpt><trkpt lat="41.47478167" lon="2.30684833"><ele>-11.0</ele><time>2025-11-15T10:20:00.724Z</time></trkpt><trkpt lat="41.47477333" lon="2.306855"><ele>-12.0</ele><time>2025-11-15T10:20:01.725Z</time></trkpt><trkpt lat="41.474815" lon="2.30686167"><ele>-13.0</ele><time>2025-11-15T10:20:05.724Z</time></trkpt><trkpt lat="41.47482667" lon="2.30685333"><ele>-14.0</ele><time>2025-11-15T10:20:06.725Z</time></trkpt><trkpt lat="41.47468667" lon="2.30702833"><ele>-12.0</ele><time>2025-11-15T10:20:39.724Z</time></trkpt><trkpt lat="41.47466333" lon="2.30699333"><ele>-10.0</ele><time>2025-11-15T10:20:40.725Z</time></trkpt><trkpt lat="41.474695" lon="2.30692"><ele>-12.0</ele><time>2025-11-15T10:20:41.724Z</time></trkpt><trkpt lat="41.47469167" lon="2.30689833"><ele>-12.0</ele><time>2025-11-15T10:20:42.724Z</time></trkpt><trkpt lat="41.47466" lon="2.30696167"><ele>-9.0</ele><time>2025-11-15T10:20:43.725Z</time></trkpt><trkpt lat="41.47464333" lon="2.30696167"><ele>-6.0</ele><time>2025-11-15T10:20:44.724Z</time></trkpt><trkpt lat="41.47463833" lon="2.30694"><ele>-7.0</ele><time>2025-11-15T10:20:45.725Z</time></trkpt><trkpt lat="41.47463" lon="2.30692333"><ele>-8.0</ele><time>2025-11-15T10:20:46.724Z</time></trkpt><trkpt lat="41.47463" lon="2.30691333"><ele>-9.0</ele><time>2025-11-15T10:20:47.724Z</time></trkpt><trkpt lat="41.47462" lon="2.30690833"><ele>-10.0</ele><time>2025-11-15T10:20:48.725Z</time></trkpt><trkpt lat="41.47460833" lon="2.30689"><ele>-11.0</ele><time>2025-11-15T10:20:49.724Z</time></trkpt><trkpt lat="41.474585" lon="2.30686833"><ele>-11.0</ele><time>2025-11-15T10:20:50.725Z</time></trkpt><trkpt lat="41.47458667" lon="2.306865"><ele>-12.0</ele><time>2025-11-15T10:20:51.724Z</time></trkpt><trkpt lat="41.47458667" lon="2.30686"><ele>-12.0</ele><time>2025-11-15T10:20:52.725Z</time></trkpt><trkpt lat="41.47458333" lon="2.30686"><ele>-12.0</ele><time>2025-11-15T10:20:53.725Z</time></trkpt><trkpt lat="41.47457667" lon="2.30685167"><ele>-12.0</ele><time>2025-11-15T10:20:54.724Z</time></trkpt><trkpt lat="41.47456833" lon="2.30683833"><ele>-12.0</ele><time>2025-11-15T10:20:55.725Z</time></trkpt><trkpt lat="41.47455833" lon="2.306835"><ele>-12.0</ele><time>2025-11-15T10:20:56.724Z</time></trkpt><trkpt lat="41.47454667" lon="2.30684"><ele>-12.0</ele><time>2025-11-15T10:20:57.724Z</time></trkpt><trkpt lat="41.47455167" lon="2.30687167"><ele>-12.0</ele><time>2025-11-15T10:20:58.724Z</time></trkpt><trkpt lat="41.47454333" lon="2.306875"><ele>-14.0</ele><time>2025-11-15T10:20:59.725Z</time></trkpt><trkpt lat="41.47454833" lon="2.30688333"><ele>-12.0</ele><time>2025-11-15T10:21:00.725Z</time></trkpt><trkpt lat="41.474545" lon="2.306885"><ele>-12.0</ele><time>2025-11-15T10:21:01.724Z</time></trkpt><trkpt lat="41.47454667" lon="2.30688167"><ele>-12.0</ele><time>2025-11-15T10:21:02.725Z</time></trkpt><trkpt lat="41.47454" lon="2.30688"><ele>-13.0</ele><time>2025-11-15T10:21:03.724Z</time></trkpt><trkpt lat="41.47453333" lon="2.30688333"><ele>-13.0</ele><time>2025-11-15T10:21:04.725Z</time></trkpt><trkpt lat="41.47452667" lon="2.30689"><ele>-14.0</ele><time>2025-11-15T10:21:05.724Z</time></trkpt><trkpt lat="41.47453167" lon="2.30686333"><ele>-14.0</ele><time>2025-11-15T10:21:06.725Z</time></trkpt><trkpt lat="41.47452833" lon="2.30685833"><ele>-14.0</ele><time>2025-11-15T10:21:07.724Z</time></trkpt><trkpt lat="41.474535" lon="2.30683833"><ele>-14.0</ele><time>2025-11-15T10:21:08.725Z</time></trkpt><trkpt lat="41.47453333" lon="2.30683"><ele>-14.0</ele><time>2025-11-15T10:21:09.725Z</time></trkpt><trkpt lat="41.47452333" lon="2.30685333"><ele>-14.0</ele><time>2025-11-15T10:21:10.724Z</time></trkpt><trkpt lat="41.474515" lon="2.30684"><ele>-14.0</ele><time>2025-11-15T10:21:11.725Z</time></trkpt><trkpt lat="41.47450667" lon="2.306825"><ele>-15.0</ele><time>2025-11-15T10:21:12.724Z</time></trkpt><trkpt lat="41.47450833" lon="2.30682"><ele>-13.0</ele><time>2025-11-15T10:21:13.725Z</time></trkpt><trkpt lat="41.47450667" lon="2.30680833"><ele>-13.0</ele><time>2025-11-15T10:21:14.724Z</time></trkpt><trkpt lat="41.47451" lon="2.306805"><ele>-13.0</ele><time>2025-11-15T10:21:15.725Z</time></trkpt><trkpt lat="41.47450667" lon="2.30679"><ele>-13.0</ele><time>2025-11-15T10:21:16.724Z</time></trkpt><trkpt lat="41.47449833" lon="2.30679"><ele>-14.0</ele><time>2025-11-15T10:21:17.725Z</time></trkpt><trkpt lat="41.47449167" lon="2.30678333"><ele>-12.0</ele><time>2025-11-15T10:21:18.724Z</time></trkpt><trkpt lat="41.47448" lon="2.30677"><ele>-12.0</ele><time>2025-11-15T10:21:19.725Z</time></trkpt><trkpt lat="41.47447167" lon="2.30677333"><ele>-12.0</ele><time>2025-11-15T10:21:20.724Z</time></trkpt><trkpt lat="41.47446333" lon="2.30678167"><ele>-12.0</ele><time>2025-11-15T10:21:21.725Z</time></trkpt><trkpt lat="41.47445" lon="2.30678"><ele>-12.0</ele><time>2025-11-15T10:21:22.724Z</time></trkpt><trkpt lat="41.47444333" lon="2.30677333"><ele>-10.0</ele><time>2025-11-15T10:21:23.725Z</time></trkpt><trkpt lat="41.47444" lon="2.30677333"><ele>-9.0</ele><time>2025-11-15T10:21:24.724Z</time></trkpt><trkpt lat="41.47443167" lon="2.30676833"><ele>-8.0</ele><time>2025-11-15T10:21:25.725Z</time></trkpt><trkpt lat="41.47442167" lon="2.30676"><ele>-7.0</ele><time>2025-11-15T10:21:26.724Z</time></trkpt><trkpt lat="41.47441667" lon="2.30675333"><ele>-6.0</ele><time>2025-11-15T10:21:27.724Z</time></trkpt><trkpt lat="41.47442" lon="2.30676833"><ele>-5.0</ele><time>2025-11-15T10:21:28.724Z</time></trkpt><trkpt lat="41.47441333" lon="2.30676667"><ele>-5.0</ele><time>2025-11-15T10:21:29.724Z</time></trkpt><trkpt lat="41.47440833" lon="2.30677667"><ele>-5.0</ele><time>2025-11-15T10:21:30.724Z</time></trkpt><trkpt lat="41.47440333" lon="2.306775"><ele>-6.0</ele><time>2025-11-15T10:21:31.725Z</time></trkpt><trkpt lat="41.47439667" lon="2.306775"><ele>-4.0</ele><time>2025-11-15T10:21:32.724Z</time></trkpt><trkpt lat="41.47439167" lon="2.306775"><ele>-4.0</ele><time>2025-11-15T10:21:33.725Z</time></trkpt><trkpt lat="41.47438" lon="2.306785"><ele>-4.0</ele><time>2025-11-15T10:21:34.724Z</time></trkpt><trkpt lat="41.474365" lon="2.30679333"><ele>-6.0</ele><time>2025-11-15T10:21:35.725Z</time></trkpt><trkpt lat="41.47435" lon="2.30680167"><ele>-11.0</ele><time>2025-11-15T10:21:36.724Z</time></trkpt><trkpt lat="41.474465" lon="2.306575"><ele>-11.0</ele><time>2025-11-15T10:21:47.724Z</time></trkpt><trkpt lat="41.47447" lon="2.306585"><ele>-8.0</ele><time>2025-11-15T10:21:48.724Z</time></trkpt><trkpt lat="41.47438333" lon="2.30659"><ele>-5.0</ele><time>2025-11-15T10:21:49.725Z</time></trkpt><trkpt lat="41.474385" lon="2.30661333"><ele>-3.0</ele><time>2025-11-15T10:21:50.724Z</time></trkpt><trkpt lat="41.474385" lon="2.30663833"><ele>-3.0</ele><time>2025-11-15T10:21:51.724Z</time></trkpt><trkpt lat="41.47437833" lon="2.30668833"><ele>-2.0</ele><time>2025-11-15T10:21:52.725Z</time></trkpt><trkpt lat="41.47438167" lon="2.30668333"><ele>-1.0</ele><time>2025-11-15T10:21:53.725Z</time></trkpt><trkpt lat="41.47437833" lon="2.30670333"><ele>-1.0</ele><time>2025-11-15T10:21:54.724Z</time></trkpt><trkpt lat="41.47437167" lon="2.30669"><ele>-1.0</ele><time>2025-11-15T10:21:55.724Z</time></trkpt><trkpt lat="41.47436333" lon="2.30670667"><ele>-1.0</ele><time>2025-11-15T10:21:56.724Z</time></trkpt><trkpt lat="41.47435833" lon="2.306705"><ele>-1.0</ele><time>2025-11-15T10:21:57.724Z</time></trkpt><trkpt lat="41.47435333" lon="2.306705"><ele>-1.0</ele><time>2025-11-15T10:21:58.725Z</time></trkpt><trkpt lat="41.47434667" lon="2.30670667"><ele>-1.0</ele><time>2025-11-15T10:21:59.724Z</time></trkpt><trkpt lat="41.47433833" lon="2.306715"><ele>-1.0</ele><time>2025-11-15T10:22:00.725Z</time></trkpt><trkpt lat="41.474335" lon="2.30671333"><ele>-1.0</ele><time>2025-11-15T10:22:01.725Z</time></trkpt><trkpt lat="41.47432" lon="2.30672333"><ele>-3.0</ele><time>2025-11-15T10:22:02.724Z</time></trkpt><trkpt lat="41.47430833" lon="2.30672"><ele>-5.0</ele><time>2025-11-15T10:22:03.725Z</time></trkpt><trkpt lat="41.47430333" lon="2.30671667"><ele>-9.0</ele><time>2025-11-15T10:22:04.724Z</time></trkpt><trkpt lat="41.474305" lon="2.30671333"><ele>-12.0</ele><time>2025-11-15T10:22:05.725Z</time></trkpt><trkpt lat="41.47430333" lon="2.30670333"><ele>-13.0</ele><time>2025-11-15T10:22:06.725Z</time></trkpt><trkpt lat="41.4743" lon="2.30668833"><ele>-11.0</ele><time>2025-11-15T10:22:07.724Z</time></trkpt><trkpt lat="41.474305" lon="2.30669667"><ele>-11.0</ele><time>2025-11-15T10:22:08.725Z</time></trkpt><trkpt lat="41.47430333" lon="2.30669333"><ele>-10.0</ele><time>2025-11-15T10:22:09.724Z</time></trkpt><trkpt lat="41.47430667" lon="2.306695"><ele>-12.0</ele><time>2025-11-15T10:22:10.725Z</time></trkpt><trkpt lat="41.47430667" lon="2.30668667"><ele>-14.0</ele><time>2025-11-15T10:22:11.724Z</time></trkpt><trkpt lat="41.47431" lon="2.30668167"><ele>-13.0</ele><time>2025-11-15T10:22:12.724Z</time></trkpt><trkpt lat="41.47431167" lon="2.30668333"><ele>-13.0</ele><time>2025-11-15T10:22:13.725Z</time></trkpt><trkpt lat="41.474305" lon="2.30668167"><ele>-14.0</ele><time>2025-11-15T10:22:14.724Z</time></trkpt><trkpt lat="41.47429667" lon="2.30668667"><ele>-12.0</ele><time>2025-11-15T10:22:15.725Z</time></trkpt><trkpt lat="41.47428833" lon="2.30668167"><ele>-11.0</ele><time>2025-11-15T10:22:16.724Z</time></trkpt><trkpt lat="41.474285" lon="2.30667"><ele>-10.0</ele><time>2025-11-15T10:22:17.725Z</time></trkpt><trkpt lat="41.47428333" lon="2.30666333"><ele>-12.0</ele><time>2025-11-15T10:22:18.724Z</time></trkpt><trkpt lat="41.47427333" lon="2.30665167"><ele>-15.0</ele><time>2025-11-15T10:22:19.725Z</time></trkpt><trkpt lat="41.47426167" lon="2.30664167"><ele>-17.0</ele><time>2025-11-15T10:22:20.724Z</time></trkpt><trkpt lat="41.47425333" lon="2.30663"><ele>-19.0</ele><time>2025-11-15T10:22:21.725Z</time></trkpt><trkpt lat="41.47424333" lon="2.30662167"><ele>-15.0</ele><time>2025-11-15T10:22:22.725Z</time></trkpt><trkpt lat="41.474235" lon="2.30661"><ele>-13.0</ele><time>2025-11-15T10:22:23.724Z</time></trkpt><trkpt lat="41.47422667" lon="2.30658333"><ele>-12.0</ele><time>2025-11-15T10:22:24.724Z</time></trkpt><trkpt lat="41.474215" lon="2.30657333"><ele>-11.0</ele><time>2025-11-15T10:22:25.724Z</time></trkpt><trkpt lat="41.47403333" lon="2.30649"><ele>-9.0</ele><time>2025-11-15T10:22:27.724Z</time></trkpt><trkpt lat="41.473985" lon="2.30638333"><ele>-7.0</ele><time>2025-11-15T10:22:28.724Z</time></trkpt><trkpt lat="41.47405833" lon="2.30658"><ele>-4.0</ele><time>2025-11-15T10:22:29.725Z</time></trkpt><trkpt lat="41.4741" lon="2.30657167"><ele>-2.0</ele><time>2025-11-15T10:22:30.724Z</time></trkpt><trkpt lat="41.47411333" lon="2.30660333"><ele>-1.0</ele><time>2025-11-15T10:22:31.725Z</time></trkpt><trkpt lat="41.47412667" lon="2.30662667"><ele>-2.0</ele><time>2025-11-15T10:22:32.724Z</time></trkpt><trkpt lat="41.47412833" lon="2.30664167"><ele>0.0</ele><time>2025-11-15T10:22:33.725Z</time></trkpt><trkpt lat="41.47416333" lon="2.30666"><ele>0.0</ele><time>2025-11-15T10:22:34.725Z</time></trkpt><trkpt lat="41.47415833" lon="2.30665167"><ele>-1.0</ele><time>2025-11-15T10:22:35.725Z</time></trkpt><trkpt lat="41.47415167" lon="2.30664"><ele>-1.0</ele><time>2025-11-15T10:22:36.725Z</time></trkpt><trkpt lat="41.47415833" lon="2.30661333"><ele>-2.0</ele><time>2025-11-15T10:22:37.724Z</time></trkpt><trkpt lat="41.47415667" lon="2.30660833"><ele>-2.0</ele><time>2025-11-15T10:22:38.725Z</time></trkpt><trkpt lat="41.47415667" lon="2.30660333"><ele>-3.0</ele><time>2025-11-15T10:22:39.725Z</time></trkpt><trkpt lat="41.47415667" lon="2.30659833"><ele>-3.0</ele><time>2025-11-15T10:22:40.724Z</time></trkpt><trkpt lat="41.47417167" lon="2.30661"><ele>-3.0</ele><time>2025-11-15T10:22:41.724Z</time></trkpt><trkpt lat="41.47416833" lon="2.306605"><ele>-2.0</ele><time>2025-11-15T10:22:42.724Z</time></trkpt><trkpt lat="41.47416333" lon="2.30658833"><ele>-1.0</ele><time>2025-11-15T10:22:43.725Z</time></trkpt><trkpt lat="41.47415333" lon="2.30657333"><ele>0.0</ele><time>2025-11-15T10:22:44.725Z</time></trkpt><trkpt lat="41.47415333" lon="2.30657"><ele>1.0</ele><time>2025-11-15T10:22:45.725Z</time></trkpt><trkpt lat="41.47414667" lon="2.30655333"><ele>3.0</ele><time>2025-11-15T10:22:46.724Z</time></trkpt><trkpt lat="41.47415" lon="2.30654"><ele>3.0</ele><time>2025-11-15T10:22:47.724Z</time></trkpt><trkpt lat="41.47414" lon="2.306505"><ele>3.0</ele><time>2025-11-15T10:22:48.724Z</time></trkpt><trkpt lat="41.474135" lon="2.306495"><ele>3.0</ele><time>2025-11-15T10:22:49.724Z</time></trkpt><trkpt lat="41.47413" lon="2.30647167"><ele>1.0</ele><time>2025-11-15T10:22:50.725Z</time></trkpt><trkpt lat="41.47412833" lon="2.30645167"><ele>-3.0</ele><time>2025-11-15T10:22:51.725Z</time></trkpt><trkpt lat="41.47413667" lon="2.306445"><ele>-4.0</ele><time>2025-11-15T10:22:52.724Z</time></trkpt><trkpt lat="41.47413667" lon="2.30641"><ele>-6.0</ele><time>2025-11-15T10:22:53.724Z</time></trkpt><trkpt lat="41.47413833" lon="2.30640167"><ele>-7.0</ele><time>2025-11-15T10:22:54.725Z</time></trkpt><trkpt lat="41.47413667" lon="2.30637667"><ele>-9.0</ele><time>2025-11-15T10:22:55.724Z</time></trkpt><trkpt lat="41.47413" lon="2.30638"><ele>-8.0</ele><time>2025-11-15T10:22:56.724Z</time></trkpt><trkpt lat="41.47412167" lon="2.30636667"><ele>-9.0</ele><time>2025-11-15T10:22:57.724Z</time></trkpt><trkpt lat="41.474115" lon="2.30637"><ele>-9.0</ele><time>2025-11-15T10:22:58.725Z</time></trkpt><trkpt lat="41.474125" lon="2.306385"><ele>-9.0</ele><time>2025-11-15T10:22:59.724Z</time></trkpt><trkpt lat="41.47413" lon="2.30640333"><ele>-9.0</ele><time>2025-11-15T10:23:00.725Z</time></trkpt><trkpt lat="41.47413" lon="2.306395"><ele>-8.0</ele><time>2025-11-15T10:23:01.725Z</time></trkpt><trkpt lat="41.474135" lon="2.306385"><ele>-8.0</ele><time>2025-11-15T10:23:02.725Z</time></trkpt><trkpt lat="41.474135" lon="2.30637667"><ele>-7.0</ele><time>2025-11-15T10:23:03.725Z</time></trkpt><trkpt lat="41.47413167" lon="2.30637167"><ele>-7.0</ele><time>2025-11-15T10:23:04.725Z</time></trkpt><trkpt lat="41.47412667" lon="2.30636167"><ele>-7.0</ele><time>2025-11-15T10:23:05.725Z</time></trkpt><trkpt lat="41.47412167" lon="2.30635167"><ele>-6.0</ele><time>2025-11-15T10:23:06.725Z</time></trkpt><trkpt lat="41.47411333" lon="2.30634333"><ele>-6.0</ele><time>2025-11-15T10:23:07.724Z</time></trkpt><trkpt lat="41.47412" lon="2.30634667"><ele>-6.0</ele><time>2025-11-15T10:23:08.724Z</time></trkpt><trkpt lat="41.47411333" lon="2.30635167"><ele>-6.0</ele><time>2025-11-15T10:23:09.725Z</time></trkpt><trkpt lat="41.47411" lon="2.30633833"><ele>-6.0</ele><time>2025-11-15T10:23:10.725Z</time></trkpt><trkpt lat="41.474115" lon="2.30635333"><ele>-6.0</ele><time>2025-11-15T10:23:11.724Z</time></trkpt><trkpt lat="41.47411333" lon="2.306345"><ele>-7.0</ele><time>2025-11-15T10:23:12.724Z</time></trkpt><trkpt lat="41.47411333" lon="2.30633833"><ele>-5.0</ele><time>2025-11-15T10:23:13.724Z</time></trkpt><trkpt lat="41.47410833" lon="2.30634"><ele>-5.0</ele><time>2025-11-15T10:23:14.725Z</time></trkpt><trkpt lat="41.47409667" lon="2.30632667"><ele>-5.0</ele><time>2025-11-15T10:23:15.724Z</time></trkpt><trkpt lat="41.47409167" lon="2.30635333"><ele>-5.0</ele><time>2025-11-15T10:23:16.724Z</time></trkpt><trkpt lat="41.47408167" lon="2.30634833"><ele>-5.0</ele><time>2025-11-15T10:23:17.724Z</time></trkpt><trkpt lat="41.47407833" lon="2.30634333"><ele>-7.0</ele><time>2025-11-15T10:23:18.725Z</time></trkpt><trkpt lat="41.47407" lon="2.306325"><ele>-9.0</ele><time>2025-11-15T10:23:19.724Z</time></trkpt><trkpt lat="41.474085" lon="2.30632667"><ele>-11.0</ele><time>2025-11-15T10:23:20.724Z</time></trkpt><trkpt lat="41.47408833" lon="2.30631667"><ele>-13.0</ele><time>2025-11-15T10:23:21.724Z</time></trkpt><trkpt lat="41.474075" lon="2.30632833"><ele>-13.0</ele><time>2025-11-15T10:23:22.724Z</time></trkpt><trkpt lat="41.47406" lon="2.30633167"><ele>-13.0</ele><time>2025-11-15T10:23:23.725Z</time></trkpt><trkpt lat="41.47405" lon="2.30634167"><ele>-10.0</ele><time>2025-11-15T10:23:24.725Z</time></trkpt><trkpt lat="41.47403833" lon="2.306345"><ele>-8.0</ele><time>2025-11-15T10:23:25.725Z</time></trkpt><trkpt lat="41.47402667" lon="2.30635667"><ele>-6.0</ele><time>2025-11-15T10:23:26.725Z</time></trkpt><trkpt lat="41.474015" lon="2.30636"><ele>-4.0</ele><time>2025-11-15T10:23:27.725Z</time></trkpt><trkpt lat="41.47401833" lon="2.30635667"><ele>-4.0</ele><time>2025-11-15T10:23:28.724Z</time></trkpt><trkpt lat="41.47401333" lon="2.30635333"><ele>-3.0</ele><time>2025-11-15T10:23:29.724Z</time></trkpt><trkpt lat="41.47400667" lon="2.30635"><ele>-3.0</ele><time>2025-11-15T10:23:30.725Z</time></trkpt><trkpt lat="41.47399667" lon="2.30634167"><ele>-4.0</ele><time>2025-11-15T10:23:31.725Z</time></trkpt><trkpt lat="41.47400167" lon="2.306335"><ele>-5.0</ele><time>2025-11-15T10:23:32.724Z</time></trkpt><trkpt lat="41.47400333" lon="2.30632833"><ele>-6.0</ele><time>2025-11-15T10:23:33.725Z</time></trkpt><trkpt lat="41.47400333" lon="2.30632167"><ele>-7.0</ele><time>2025-11-15T10:23:34.724Z</time></trkpt><trkpt lat="41.47400167" lon="2.30632333"><ele>-8.0</ele><time>2025-11-15T10:23:35.724Z</time></trkpt><trkpt lat="41.47399667" lon="2.30632333"><ele>-8.0</ele><time>2025-11-15T10:23:36.724Z</time></trkpt><trkpt lat="41.47399" lon="2.30632"><ele>-9.0</ele><time>2025-11-15T10:23:37.725Z</time></trkpt><trkpt lat="41.47398333" lon="2.30631833"><ele>-10.0</ele><time>2025-11-15T10:23:38.724Z</time></trkpt><trkpt lat="41.47397833" lon="2.30631667"><ele>-10.0</ele><time>2025-11-15T10:23:39.725Z</time></trkpt><trkpt lat="41.47397" lon="2.30632167"><ele>-11.0</ele><time>2025-11-15T10:23:40.725Z</time></trkpt><trkpt lat="41.473965" lon="2.30632"><ele>-11.0</ele><time>2025-11-15T10:23:41.724Z</time></trkpt><trkpt lat="41.47395667" lon="2.30632"><ele>-11.0</ele><time>2025-11-15T10:23:42.724Z</time></trkpt><trkpt lat="41.47395167" lon="2.30631667"><ele>-12.0</ele><time>2025-11-15T10:23:43.725Z</time></trkpt><trkpt lat="41.473985" lon="2.30637"><ele>-12.0</ele><time>2025-11-15T10:23:44.725Z</time></trkpt><trkpt lat="41.47399" lon="2.30636833"><ele>-12.0</ele><time>2025-11-15T10:23:45.725Z</time></trkpt><trkpt lat="41.473985" lon="2.30635833"><ele>-12.0</ele><time>2025-11-15T10:23:46.725Z</time></trkpt><trkpt lat="41.47397833" lon="2.30635167"><ele>-12.0</ele><time>2025-11-15T10:23:47.724Z</time></trkpt><trkpt lat="41.47452167" lon="2.30659333"><ele>-9.0</ele><time>2025-11-15T10:24:57.724Z</time></trkpt><trkpt lat="41.47398667" lon="2.30556"><ele>-6.0</ele><time>2025-11-15T10:24:58.724Z</time></trkpt><trkpt lat="41.474165" lon="2.30636333"><ele>-4.0</ele><time>2025-11-15T10:24:59.724Z</time></trkpt><trkpt lat="41.47430833" lon="2.30648667"><ele>-4.0</ele><time>2025-11-15T10:25:00.724Z</time></trkpt><trkpt lat="41.47431833" lon="2.30657833"><ele>-3.0</ele><time>2025-11-15T10:25:01.725Z</time></trkpt><trkpt lat="41.47429667" lon="2.30659"><ele>-1.0</ele><time>2025-11-15T10:25:02.725Z</time></trkpt><trkpt lat="41.47425667" lon="2.30658333"><ele>0.0</ele><time>2025-11-15T10:25:03.724Z</time></trkpt><trkpt lat="41.47424833" lon="2.306585"><ele>0.0</ele><time>2025-11-15T10:25:04.725Z</time></trkpt><trkpt lat="41.47422333" lon="2.30658333"><ele>0.0</ele><time>2025-11-15T10:25:05.725Z</time></trkpt><trkpt lat="41.47421667" lon="2.30659"><ele>0.0</ele><time>2025-11-15T10:25:06.725Z</time></trkpt><trkpt lat="41.47421" lon="2.30658667"><ele>1.0</ele><time>2025-11-15T10:25:07.725Z</time></trkpt><trkpt lat="41.47421167" lon="2.306605"><ele>2.0</ele><time>2025-11-15T10:25:08.724Z</time></trkpt><trkpt lat="41.47420667" lon="2.306595"><ele>2.0</ele><time>2025-11-15T10:25:09.724Z</time></trkpt><trkpt lat="41.47419833" lon="2.30658667"><ele>3.0</ele><time>2025-11-15T10:25:10.724Z</time></trkpt><trkpt lat="41.47419333" lon="2.30658333"><ele>3.0</ele><time>2025-11-15T10:25:11.724Z</time></trkpt><trkpt lat="41.474185" lon="2.306585"><ele>4.0</ele><time>2025-11-15T10:25:12.725Z</time></trkpt><trkpt lat="41.474175" lon="2.30658833"><ele>4.0</ele><time>2025-11-15T10:25:13.725Z</time></trkpt><trkpt lat="41.47417833" lon="2.30664"><ele>4.0</ele><time>2025-11-15T10:25:38.725Z</time></trkpt><trkpt lat="41.47419" lon="2.30658333"><ele>4.0</ele><time>2025-11-15T10:25:39.724Z</time></trkpt><trkpt lat="41.47417333" lon="2.30649833"><ele>3.0</ele><time>2025-11-15T10:25:40.724Z</time></trkpt><trkpt lat="41.47416833" lon="2.30649333"><ele>3.0</ele><time>2025-11-15T10:25:41.724Z</time></trkpt><trkpt lat="41.47413333" lon="2.30651833"><ele>3.0</ele><time>2025-11-15T10:25:42.724Z</time></trkpt><trkpt lat="41.47412667" lon="2.30651833"><ele>2.0</ele><time>2025-11-15T10:25:43.724Z</time></trkpt><trkpt lat="41.47412333" lon="2.30649833"><ele>2.0</ele><time>2025-11-15T10:25:44.724Z</time></trkpt><trkpt lat="41.47411333" lon="2.30648833"><ele>1.0</ele><time>2025-11-15T10:25:45.724Z</time></trkpt><trkpt lat="41.47410167" lon="2.306465"><ele>1.0</ele><time>2025-11-15T10:25:46.725Z</time></trkpt><trkpt lat="41.47409" lon="2.30645667"><ele>1.0</ele><time>2025-11-15T10:25:47.725Z</time></trkpt><trkpt lat="41.47408" lon="2.30643167"><ele>0.0</ele><time>2025-11-15T10:25:48.725Z</time></trkpt><trkpt lat="41.47406333" lon="2.306425"><ele>0.0</ele><time>2025-11-15T10:25:49.725Z</time></trkpt><trkpt lat="41.47405167" lon="2.30640833"><ele>0.0</ele><time>2025-11-15T10:25:50.724Z</time></trkpt><trkpt lat="41.47405333" lon="2.30639167"><ele>0.0</ele><time>2025-11-15T10:25:51.725Z</time></trkpt><trkpt lat="41.47404667" lon="2.306375"><ele>0.0</ele><time>2025-11-15T10:25:52.725Z</time></trkpt><trkpt lat="41.47403833" lon="2.30638167"><ele>0.0</ele><time>2025-11-15T10:25:53.725Z</time></trkpt><trkpt lat="41.47403333" lon="2.30637333"><ele>0.0</ele><time>2025-11-15T10:25:54.724Z</time></trkpt><trkpt lat="41.474035" lon="2.30636833"><ele>0.0</ele><time>2025-11-15T10:25:55.724Z</time></trkpt><trkpt lat="41.47403333" lon="2.30635833"><ele>0.0</ele><time>2025-11-15T10:25:56.724Z</time></trkpt><trkpt lat="41.47403167" lon="2.30635"><ele>0.0</ele><time>2025-11-15T10:25:57.725Z</time></trkpt><trkpt lat="41.47402167" lon="2.30633333"><ele>0.0</ele><time>2025-11-15T10:25:59.724Z</time></trkpt><trkpt lat="41.47430333" lon="2.30490167"><ele>0.0</ele><time>2025-11-15T10:26:22.724Z</time></trkpt><trkpt lat="41.474865" lon="2.30378833"><ele>1.0</ele><time>2025-11-15T10:26:25.724Z</time></trkpt><trkpt lat="41.47446833" lon="2.30543333"><ele>1.0</ele><time>2025-11-15T10:26:26.724Z</time></trkpt><trkpt lat="41.47423333" lon="2.30636667"><ele>1.0</ele><time>2025-11-15T10:26:27.725Z</time></trkpt><trkpt lat="41.474235" lon="2.30636167"><ele>1.0</ele><time>2025-11-15T10:26:28.725Z</time></trkpt><trkpt lat="41.47413833" lon="2.30640167"><ele>1.0</ele><time>2025-11-15T10:26:29.725Z</time></trkpt><trkpt lat="41.474105" lon="2.306385"><ele>0.0</ele><time>2025-11-15T10:26:30.725Z</time></trkpt><trkpt lat="41.47410167" lon="2.306365"><ele>0.0</ele><time>2025-11-15T10:26:31.725Z</time></trkpt><trkpt lat="41.474095" lon="2.30634"><ele>0.0</ele><time>2025-11-15T10:26:32.725Z</time></trkpt><trkpt lat="41.47404667" lon="2.30629167"><ele>0.0</ele><time>2025-11-15T10:26:34.725Z</time></trkpt><trkpt lat="41.47397167" lon="2.30628167"><ele>0.0</ele><time>2025-11-15T10:27:03.725Z</time></trkpt><trkpt lat="41.474" lon="2.30632333"><ele>0.0</ele><time>2025-11-15T10:27:04.725Z</time></trkpt><trkpt lat="41.47401" lon="2.30633833"><ele>-1.0</ele><time>2025-11-15T10:27:05.725Z</time></trkpt><trkpt lat="41.47408167" lon="2.306355"><ele>0.0</ele><time>2025-11-15T10:27:06.725Z</time></trkpt><trkpt lat="41.47407333" lon="2.30634333"><ele>0.0</ele><time>2025-11-15T10:27:07.725Z</time></trkpt><trkpt lat="41.47405167" lon="2.30633667"><ele>0.0</ele><time>2025-11-15T10:27:08.725Z</time></trkpt><trkpt lat="41.47420333" lon="2.30625167"><ele>-1.0</ele><time>2025-11-15T10:29:03.724Z</time></trkpt><trkpt lat="41.47422" lon="2.30628667"><ele>-1.0</ele><time>2025-11-15T10:29:04.724Z</time></trkpt><trkpt lat="41.47416167" lon="2.30635"><ele>-2.0</ele><time>2025-11-15T10:29:05.724Z</time></trkpt><trkpt lat="41.47422167" lon="2.30646667"><ele>-3.0</ele><time>2025-11-15T10:29:06.725Z</time></trkpt><trkpt lat="41.47421333" lon="2.306465"><ele>-3.0</ele><time>2025-11-15T10:29:07.725Z</time></trkpt><trkpt lat="41.47417667" lon="2.30644"><ele>-4.0</ele><time>2025-11-15T10:29:08.725Z</time></trkpt><trkpt lat="41.47416167" lon="2.306435"><ele>-5.0</ele><time>2025-11-15T10:29:09.724Z</time></trkpt><trkpt lat="41.474145" lon="2.30643167"><ele>-5.0</ele><time>2025-11-15T10:29:10.725Z</time></trkpt><trkpt lat="41.47413333" lon="2.30643167"><ele>-6.0</ele><time>2025-11-15T10:29:11.724Z</time></trkpt><trkpt lat="41.47412167" lon="2.30643667"><ele>-6.0</ele><time>2025-11-15T10:29:12.725Z</time></trkpt><trkpt lat="41.47411" lon="2.30644"><ele>-6.0</ele><time>2025-11-15T10:29:13.724Z</time></trkpt><trkpt lat="41.474095" lon="2.306445"><ele>-6.0</ele><time>2025-11-15T10:29:14.724Z</time></trkpt><trkpt lat="41.47407167" lon="2.30644167"><ele>-6.0</ele><time>2025-11-15T10:29:15.725Z</time></trkpt><trkpt lat="41.47406" lon="2.30644333"><ele>-8.0</ele><time>2025-11-15T10:29:16.724Z</time></trkpt><trkpt lat="41.47405167" lon="2.30644167"><ele>-8.0</ele><time>2025-11-15T10:29:17.725Z</time></trkpt><trkpt lat="41.47405333" lon="2.30643667"><ele>-7.0</ele><time>2025-11-15T10:29:18.725Z</time></trkpt><trkpt lat="41.47406167" lon="2.30643"><ele>-7.0</ele><time>2025-11-15T10:29:19.724Z</time></trkpt><trkpt lat="41.47406333" lon="2.306425"><ele>-7.0</ele><time>2025-11-15T10:29:20.725Z</time></trkpt><trkpt lat="41.47407" lon="2.30638667"><ele>-7.0</ele><time>2025-11-15T10:29:26.724Z</time></trkpt><trkpt lat="41.47407667" lon="2.30642833"><ele>-8.0</ele><time>2025-11-15T10:29:27.725Z</time></trkpt><trkpt lat="41.474075" lon="2.30643167"><ele>-8.0</ele><time>2025-11-15T10:29:28.724Z</time></trkpt><trkpt lat="41.47407833" lon="2.30643"><ele>-10.0</ele><time>2025-11-15T10:29:29.724Z</time></trkpt><trkpt lat="41.47408833" lon="2.30643667"><ele>-9.0</ele><time>2025-11-15T10:29:30.724Z</time></trkpt><trkpt lat="41.47408833" lon="2.30643"><ele>-9.0</ele><time>2025-11-15T10:29:31.725Z</time></trkpt><trkpt lat="41.47409167" lon="2.30642667"><ele>-10.0</ele><time>2025-11-15T10:29:32.724Z</time></trkpt><trkpt lat="41.47409667" lon="2.30642167"><ele>-10.0</ele><time>2025-11-15T10:29:33.724Z</time></trkpt><trkpt lat="41.47412167" lon="2.306435"><ele>-10.0</ele><time>2025-11-15T10:29:34.724Z</time></trkpt><trkpt lat="41.47414" lon="2.306445"><ele>-11.0</ele><time>2025-11-15T10:29:35.725Z</time></trkpt><trkpt lat="41.47415167" lon="2.30644667"><ele>-11.0</ele><time>2025-11-15T10:29:36.724Z</time></trkpt><trkpt lat="41.47416333" lon="2.30645"><ele>-11.0</ele><time>2025-11-15T10:29:37.724Z</time></trkpt><trkpt lat="41.47417833" lon="2.30645333"><ele>-13.0</ele><time>2025-11-15T10:29:38.724Z</time></trkpt><trkpt lat="41.474195" lon="2.30645333"><ele>-12.0</ele><time>2025-11-15T10:29:39.724Z</time></trkpt><trkpt lat="41.47420667" lon="2.30645667"><ele>-12.0</ele><time>2025-11-15T10:29:40.725Z</time></trkpt><trkpt lat="41.47427" lon="2.306345"><ele>-12.0</ele><time>2025-11-15T10:29:44.725Z</time></trkpt><trkpt lat="41.47429" lon="2.30627"><ele>-12.0</ele><time>2025-11-15T10:29:45.724Z</time></trkpt><trkpt lat="41.47431333" lon="2.30619833"><ele>-13.0</ele><time>2025-11-15T10:29:46.725Z</time></trkpt><trkpt lat="41.47432" lon="2.30611667"><ele>-13.0</ele><time>2025-11-15T10:29:47.725Z</time></trkpt><trkpt lat="41.47440667" lon="2.30595167"><ele>-13.0</ele><time>2025-11-15T10:29:49.725Z</time></trkpt><trkpt lat="41.47431667" lon="2.30650833"><ele>-15.0</ele><time>2025-11-15T10:32:27.725Z</time></trkpt><trkpt lat="41.47431667" lon="2.30646833"><ele>-14.0</ele><time>2025-11-15T10:32:28.724Z</time></trkpt><trkpt lat="41.47433" lon="2.30649333"><ele>-16.0</ele><time>2025-11-15T10:32:29.724Z</time></trkpt><trkpt lat="41.474345" lon="2.3065"><ele>-15.0</ele><time>2025-11-15T10:32:30.725Z</time></trkpt><trkpt lat="41.47434" lon="2.30648833"><ele>-15.0</ele><time>2025-11-15T10:32:31.724Z</time></trkpt><trkpt lat="41.474345" lon="2.30648667"><ele>-15.0</ele><time>2025-11-15T10:32:32.725Z</time></trkpt><trkpt lat="41.474335" lon="2.30649333"><ele>-15.0</ele><time>2025-11-15T10:32:33.724Z</time></trkpt><trkpt lat="41.47433" lon="2.306495"><ele>-15.0</ele><time>2025-11-15T10:32:34.724Z</time></trkpt><trkpt lat="41.47432667" lon="2.30649833"><ele>-15.0</ele><time>2025-11-15T10:32:35.725Z</time></trkpt><trkpt lat="41.47432" lon="2.306505"><ele>-14.0</ele><time>2025-11-15T10:32:36.725Z</time></trkpt><trkpt lat="41.47431333" lon="2.30650667"><ele>-14.0</ele><time>2025-11-15T10:32:37.724Z</time></trkpt><trkpt lat="41.47431667" lon="2.30650833"><ele>-13.0</ele><time>2025-11-15T10:32:38.725Z</time></trkpt><trkpt lat="41.47432167" lon="2.30651"><ele>-14.0</ele><time>2025-11-15T10:32:39.725Z</time></trkpt><trkpt lat="41.47432667" lon="2.30651167"><ele>-12.0</ele><time>2025-11-15T10:32:40.725Z</time></trkpt><trkpt lat="41.47432333" lon="2.30651167"><ele>-11.0</ele><time>2025-11-15T10:32:41.725Z</time></trkpt><trkpt lat="41.47431833" lon="2.30651"><ele>-12.0</ele><time>2025-11-15T10:32:42.724Z</time></trkpt><trkpt lat="41.47431833" lon="2.3065"><ele>-10.0</ele><time>2025-11-15T10:32:43.724Z</time></trkpt><trkpt lat="41.47432333" lon="2.306495"><ele>-11.0</ele><time>2025-11-15T10:32:44.724Z</time></trkpt><trkpt lat="41.47432333" lon="2.306495"><ele>-9.0</ele><time>2025-11-15T10:32:45.724Z</time></trkpt><trkpt lat="41.474325" lon="2.30649167"><ele>-9.0</ele><time>2025-11-15T10:32:46.724Z</time></trkpt><trkpt lat="41.47432167" lon="2.306495"><ele>-9.0</ele><time>2025-11-15T10:32:47.725Z</time></trkpt><trkpt lat="41.47432" lon="2.30649667"><ele>-9.0</ele><time>2025-11-15T10:32:48.724Z</time></trkpt><trkpt lat="41.47431833" lon="2.30649667"><ele>-9.0</ele><time>2025-11-15T10:32:49.725Z</time></trkpt><trkpt lat="41.47431667" lon="2.30649833"><ele>-9.0</ele><time>2025-11-15T10:32:50.724Z</time></trkpt><trkpt lat="41.47432" lon="2.30649833"><ele>-9.0</ele><time>2025-11-15T10:32:51.725Z</time></trkpt><trkpt lat="41.47432167" lon="2.30649667"><ele>-11.0</ele><time>2025-11-15T10:32:52.724Z</time></trkpt><trkpt lat="41.47435667" lon="2.30647667"><ele>-9.0</ele><time>2025-11-15T10:32:57.725Z</time></trkpt><trkpt lat="41.47436167" lon="2.30646667"><ele>-8.0</ele><time>2025-11-15T10:32:58.725Z</time></trkpt><trkpt lat="41.474325" lon="2.30639167"><ele>-8.0</ele><time>2025-11-15T10:33:41.724Z</time></trkpt><trkpt lat="41.47424167" lon="2.30639333"><ele>-8.0</ele><time>2025-11-15T10:33:42.725Z</time></trkpt><trkpt lat="41.47416833" lon="2.30631667"><ele>-8.0</ele><time>2025-11-15T10:33:43.724Z</time></trkpt><trkpt lat="41.47416333" lon="2.30631"><ele>-8.0</ele><time>2025-11-15T10:33:44.724Z</time></trkpt><trkpt lat="41.474175" lon="2.30633833"><ele>-8.0</ele><time>2025-11-15T10:33:45.724Z</time></trkpt><trkpt lat="41.47416" lon="2.30633833"><ele>-7.0</ele><time>2025-11-15T10:33:46.724Z</time></trkpt><trkpt lat="41.47415333" lon="2.30632667"><ele>-7.0</ele><time>2025-11-15T10:33:47.725Z</time></trkpt><trkpt lat="41.47422667" lon="2.306375"><ele>-7.0</ele><time>2025-11-15T10:34:30.725Z</time></trkpt><trkpt lat="41.474205" lon="2.30636"><ele>-8.0</ele><time>2025-11-15T10:34:31.724Z</time></trkpt><trkpt lat="41.47419167" lon="2.306325"><ele>-8.0</ele><time>2025-11-15T10:34:32.725Z</time></trkpt><trkpt lat="41.47417833" lon="2.30629"><ele>-8.0</ele><time>2025-11-15T10:34:33.724Z</time></trkpt><trkpt lat="41.47420667" lon="2.30636667"><ele>-8.0</ele><time>2025-11-15T10:34:34.725Z</time></trkpt><trkpt lat="41.47418833" lon="2.30638167"><ele>-8.0</ele><time>2025-11-15T10:34:35.724Z</time></trkpt><trkpt lat="41.474195" lon="2.30636333"><ele>-8.0</ele><time>2025-11-15T10:34:36.725Z</time></trkpt><trkpt lat="41.474215" lon="2.30632167"><ele>-9.0</ele><time>2025-11-15T10:34:37.725Z</time></trkpt><trkpt lat="41.47420667" lon="2.30631333"><ele>-9.0</ele><time>2025-11-15T10:34:38.725Z</time></trkpt><trkpt lat="41.47424167" lon="2.30631"><ele>-9.0</ele><time>2025-11-15T10:34:39.724Z</time></trkpt><trkpt lat="41.474235" lon="2.3063"><ele>-11.0</ele><time>2025-11-15T10:34:40.725Z</time></trkpt><trkpt lat="41.47425167" lon="2.306355"><ele>-10.0</ele><time>2025-11-15T10:34:41.724Z</time></trkpt><trkpt lat="41.47424833" lon="2.30635167"><ele>-10.0</ele><time>2025-11-15T10:34:42.725Z</time></trkpt><trkpt lat="41.47426333" lon="2.30634667"><ele>-10.0</ele><time>2025-11-15T10:34:43.724Z</time></trkpt><trkpt lat="41.47426" lon="2.30634333"><ele>-10.0</ele><time>2025-11-15T10:34:44.724Z</time></trkpt><trkpt lat="41.47425" lon="2.30633"><ele>-10.0</ele><time>2025-11-15T10:34:45.725Z</time></trkpt><trkpt lat="41.47424333" lon="2.30632333"><ele>-10.0</ele><time>2025-11-15T10:34:46.724Z</time></trkpt><trkpt lat="41.47423333" lon="2.30631333"><ele>-12.0</ele><time>2025-11-15T10:34:47.725Z</time></trkpt><trkpt lat="41.47424667" lon="2.30630667"><ele>-12.0</ele><time>2025-11-15T10:34:48.724Z</time></trkpt><trkpt lat="41.47424667" lon="2.30629667"><ele>-12.0</ele><time>2025-11-15T10:34:49.724Z</time></trkpt><trkpt lat="41.47424833" lon="2.30629833"><ele>-10.0</ele><time>2025-11-15T10:34:50.725Z</time></trkpt><trkpt lat="41.47424833" lon="2.30629167"><ele>-10.0</ele><time>2025-11-15T10:34:51.725Z</time></trkpt><trkpt lat="41.47426333" lon="2.30628667"><ele>-10.0</ele><time>2025-11-15T10:34:53.725Z</time></trkpt><trkpt lat="41.474265" lon="2.306285"><ele>-10.0</ele><time>2025-11-15T10:34:54.724Z</time></trkpt><trkpt lat="41.47427167" lon="2.30629"><ele>-10.0</ele><time>2025-11-15T10:34:55.724Z</time></trkpt><trkpt lat="41.47427" lon="2.30628167"><ele>-10.0</ele><time>2025-11-15T10:34:56.724Z</time></trkpt><trkpt lat="41.47427333" lon="2.30628833"><ele>-10.0</ele><time>2025-11-15T10:34:57.725Z</time></trkpt><trkpt lat="41.47426667" lon="2.30628667"><ele>-10.0</ele><time>2025-11-15T10:34:58.725Z</time></trkpt><trkpt lat="41.47426333" lon="2.30628667"><ele>-9.0</ele><time>2025-11-15T10:34:59.724Z</time></trkpt><trkpt lat="41.474255" lon="2.306285"><ele>-9.0</ele><time>2025-11-15T10:35:00.724Z</time></trkpt><trkpt lat="41.47425" lon="2.30629333"><ele>-9.0</ele><time>2025-11-15T10:35:01.725Z</time></trkpt><trkpt lat="41.47424333" lon="2.30629333"><ele>-9.0</ele><time>2025-11-15T10:35:02.724Z</time></trkpt><trkpt lat="41.47424167" lon="2.30629"><ele>-9.0</ele><time>2025-11-15T10:35:03.724Z</time></trkpt><trkpt lat="41.47427333" lon="2.306275"><ele>-9.0</ele><time>2025-11-15T10:35:05.724Z</time></trkpt><trkpt lat="41.47428167" lon="2.30627833"><ele>-9.0</ele><time>2025-11-15T10:35:06.724Z</time></trkpt><trkpt lat="41.47429167" lon="2.30629333"><ele>-9.0</ele><time>2025-11-15T10:35:07.724Z</time></trkpt><trkpt lat="41.47429667" lon="2.30632333"><ele>-8.0</ele><time>2025-11-15T10:35:08.724Z</time></trkpt><trkpt lat="41.47429667" lon="2.30632333"><ele>-9.0</ele><time>2025-11-15T10:35:09.724Z</time></trkpt><trkpt lat="41.4743" lon="2.30631833"><ele>-7.0</ele><time>2025-11-15T10:35:10.725Z</time></trkpt><trkpt lat="41.47429667" lon="2.30631167"><ele>-7.0</ele><time>2025-11-15T10:35:11.724Z</time></trkpt><trkpt lat="41.47429" lon="2.306305"><ele>-6.0</ele><time>2025-11-15T10:35:12.724Z</time></trkpt><trkpt lat="41.47428333" lon="2.30630167"><ele>-6.0</ele><time>2025-11-15T10:35:13.724Z</time></trkpt><trkpt lat="41.47427333" lon="2.30629667"><ele>-6.0</ele><time>2025-11-15T10:35:14.725Z</time></trkpt><trkpt lat="41.47424333" lon="2.30626333"><ele>-7.0</ele><time>2025-11-15T10:35:19.724Z</time></trkpt><trkpt lat="41.474235" lon="2.30626667"><ele>-5.0</ele><time>2025-11-15T10:35:21.724Z</time></trkpt><trkpt lat="41.47423167" lon="2.30626833"><ele>-5.0</ele><time>2025-11-15T10:35:22.725Z</time></trkpt><trkpt lat="41.47418167" lon="2.30626167"><ele>-5.0</ele><time>2025-11-15T10:35:28.725Z</time></trkpt><trkpt lat="41.47423167" lon="2.30633667"><ele>-5.0</ele><time>2025-11-15T10:35:29.724Z</time></trkpt><trkpt lat="41.47426167" lon="2.30636667"><ele>-6.0</ele><time>2025-11-15T10:35:30.724Z</time></trkpt><trkpt lat="41.47426667" lon="2.306355"><ele>-4.0</ele><time>2025-11-15T10:35:31.725Z</time></trkpt><trkpt lat="41.47426667" lon="2.306325"><ele>-4.0</ele><time>2025-11-15T10:35:32.724Z</time></trkpt><trkpt lat="41.47434" lon="2.30631667"><ele>-4.0</ele><time>2025-11-15T10:35:33.724Z</time></trkpt><trkpt lat="41.47441833" lon="2.30631333"><ele>-4.0</ele><time>2025-11-15T10:35:34.724Z</time></trkpt><trkpt lat="41.47449667" lon="2.30627667"><ele>-4.0</ele><time>2025-11-15T10:35:35.724Z</time></trkpt><trkpt lat="41.47454833" lon="2.30624667"><ele>-4.0</ele><time>2025-11-15T10:35:36.724Z</time></trkpt><trkpt lat="41.47451" lon="2.306335"><ele>-4.0</ele><time>2025-11-15T10:35:54.725Z</time></trkpt><trkpt lat="41.474495" lon="2.30633833"><ele>-4.0</ele><time>2025-11-15T10:35:55.724Z</time></trkpt><trkpt lat="41.47448833" lon="2.30628833"><ele>-4.0</ele><time>2025-11-15T10:35:56.725Z</time></trkpt><trkpt lat="41.474565" lon="2.30643167"><ele>-5.0</ele><time>2025-11-15T10:36:19.724Z</time></trkpt><trkpt lat="41.474545" lon="2.30644167"><ele>-6.0</ele><time>2025-11-15T10:36:20.725Z</time></trkpt><trkpt lat="41.47454333" lon="2.30635167"><ele>-7.0</ele><time>2025-11-15T10:36:21.724Z</time></trkpt><trkpt lat="41.47452333" lon="2.30635667"><ele>-8.0</ele><time>2025-11-15T10:36:22.724Z</time></trkpt><trkpt lat="41.474515" lon="2.30636333"><ele>-8.0</ele><time>2025-11-15T10:36:23.725Z</time></trkpt><trkpt lat="41.47450167" lon="2.30636167"><ele>-9.0</ele><time>2025-11-15T10:36:24.724Z</time></trkpt><trkpt lat="41.47449667" lon="2.306365"><ele>-9.0</ele><time>2025-11-15T10:36:25.725Z</time></trkpt><trkpt lat="41.47448667" lon="2.30636333"><ele>-9.0</ele><time>2025-11-15T10:36:26.724Z</time></trkpt><trkpt lat="41.47448333" lon="2.30636167"><ele>-11.0</ele><time>2025-11-15T10:36:27.724Z</time></trkpt><trkpt lat="41.47448167" lon="2.30636333"><ele>-10.0</ele><time>2025-11-15T10:36:28.725Z</time></trkpt><trkpt lat="41.47448667" lon="2.30635667"><ele>-10.0</ele><time>2025-11-15T10:36:29.724Z</time></trkpt><trkpt lat="41.47449" lon="2.306355"><ele>-10.0</ele><time>2025-11-15T10:36:30.724Z</time></trkpt><trkpt lat="41.47449667" lon="2.30634833"><ele>-10.0</ele><time>2025-11-15T10:36:31.724Z</time></trkpt><trkpt lat="41.47411333" lon="2.3063"><ele>-11.0</ele><time>2025-11-15T10:38:29.725Z</time></trkpt><trkpt lat="41.47405833" lon="2.30629333"><ele>-9.0</ele><time>2025-11-15T10:38:30.724Z</time></trkpt><trkpt lat="41.47406167" lon="2.30625333"><ele>-8.0</ele><time>2025-11-15T10:38:31.724Z</time></trkpt><trkpt lat="41.47404" lon="2.30626833"><ele>-8.0</ele><time>2025-11-15T10:38:32.724Z</time></trkpt><trkpt lat="41.47404833" lon="2.30627833"><ele>-7.0</ele><time>2025-11-15T10:38:33.724Z</time></trkpt><trkpt lat="41.47406167" lon="2.30622833"><ele>-7.0</ele><time>2025-11-15T10:38:34.724Z</time></trkpt><trkpt lat="41.47404833" lon="2.30622833"><ele>-6.0</ele><time>2025-11-15T10:38:35.725Z</time></trkpt><trkpt lat="41.47405833" lon="2.30626833"><ele>-6.0</ele><time>2025-11-15T10:38:36.724Z</time></trkpt><trkpt lat="41.47405833" lon="2.30629167"><ele>-7.0</ele><time>2025-11-15T10:38:37.724Z</time></trkpt><trkpt lat="41.47405" lon="2.30628333"><ele>-5.0</ele><time>2025-11-15T10:38:38.724Z</time></trkpt><trkpt lat="41.47404167" lon="2.30628333"><ele>-5.0</ele><time>2025-11-15T10:38:39.724Z</time></trkpt><trkpt lat="41.47403167" lon="2.306285"><ele>-6.0</ele><time>2025-11-15T10:38:40.725Z</time></trkpt><trkpt lat="41.47401833" lon="2.30628333"><ele>-4.0</ele><time>2025-11-15T10:38:41.725Z</time></trkpt><trkpt lat="41.47401667" lon="2.30629333"><ele>-4.0</ele><time>2025-11-15T10:38:42.725Z</time></trkpt><trkpt lat="41.47401167" lon="2.30629833"><ele>-4.0</ele><time>2025-11-15T10:38:43.725Z</time></trkpt><trkpt lat="41.47400833" lon="2.30630167"><ele>-4.0</ele><time>2025-11-15T10:38:44.725Z</time></trkpt><trkpt lat="41.47399333" lon="2.30631167"><ele>-3.0</ele><time>2025-11-15T10:38:45.725Z</time></trkpt><trkpt lat="41.47398167" lon="2.30630833"><ele>-3.0</ele><time>2025-11-15T10:38:46.724Z</time></trkpt><trkpt lat="41.47393667" lon="2.30634167"><ele>-3.0</ele><time>2025-11-15T10:38:52.724Z</time></trkpt><trkpt lat="41.47394167" lon="2.30632833"><ele>-3.0</ele><time>2025-11-15T10:38:53.725Z</time></trkpt><trkpt lat="41.47395667" lon="2.30633667"><ele>-3.0</ele><time>2025-11-15T10:38:54.725Z</time></trkpt><trkpt lat="41.473965" lon="2.30633833"><ele>-3.0</ele><time>2025-11-15T10:38:55.725Z</time></trkpt><trkpt lat="41.47398333" lon="2.30635833"><ele>-3.0</ele><time>2025-11-15T10:38:56.724Z</time></trkpt><trkpt lat="41.47403667" lon="2.306385"><ele>-3.0</ele><time>2025-11-15T10:39:01.724Z</time></trkpt><trkpt lat="41.474035" lon="2.30638667"><ele>-4.0</ele><time>2025-11-15T10:39:02.724Z</time></trkpt><trkpt lat="41.474045" lon="2.306325"><ele>-3.0</ele><time>2025-11-15T10:40:02.725Z</time></trkpt><trkpt lat="41.47417667" lon="2.30615167"><ele>-3.0</ele><time>2025-11-15T10:40:04.725Z</time></trkpt><trkpt lat="41.47416667" lon="2.30613167"><ele>-4.0</ele><time>2025-11-15T10:40:05.724Z</time></trkpt><trkpt lat="41.47415833" lon="2.30624"><ele>-4.0</ele><time>2025-11-15T10:40:06.725Z</time></trkpt><trkpt lat="41.47414667" lon="2.30623167"><ele>-4.0</ele><time>2025-11-15T10:40:07.725Z</time></trkpt><trkpt lat="41.47415" lon="2.30625333"><ele>-4.0</ele><time>2025-11-15T10:40:08.724Z</time></trkpt><trkpt lat="41.47419" lon="2.30625"><ele>-4.0</ele><time>2025-11-15T10:40:09.725Z</time></trkpt><trkpt lat="41.47421667" lon="2.30624833"><ele>-6.0</ele><time>2025-11-15T10:40:10.724Z</time></trkpt><trkpt lat="41.47422" lon="2.30625167"><ele>-6.0</ele><time>2025-11-15T10:40:11.725Z</time></trkpt><trkpt lat="41.47421167" lon="2.30624667"><ele>-5.0</ele><time>2025-11-15T10:40:12.724Z</time></trkpt><trkpt lat="41.47421" lon="2.306235"><ele>-5.0</ele><time>2025-11-15T10:40:13.725Z</time></trkpt><trkpt lat="41.47420833" lon="2.30621"><ele>-5.0</ele><time>2025-11-15T10:40:14.724Z</time></trkpt><trkpt lat="41.474205" lon="2.30619667"><ele>-5.0</ele><time>2025-11-15T10:40:15.725Z</time></trkpt><trkpt lat="41.47420333" lon="2.30618"><ele>-5.0</ele><time>2025-11-15T10:40:16.725Z</time></trkpt><trkpt lat="41.47407167" lon="2.30640833"><ele>-5.0</ele><time>2025-11-15T10:41:50.724Z</time></trkpt><trkpt lat="41.47405667" lon="2.30641667"><ele>-4.0</ele><time>2025-11-15T10:41:51.725Z</time></trkpt><trkpt lat="41.474085" lon="2.30641167"><ele>-4.0</ele><time>2025-11-15T10:41:52.724Z</time></trkpt><trkpt lat="41.47400667" lon="2.30627833"><ele>-4.0</ele><time>2025-11-15T10:41:53.725Z</time></trkpt><trkpt lat="41.47401" lon="2.30638333"><ele>-4.0</ele><time>2025-11-15T10:41:54.724Z</time></trkpt><trkpt lat="41.474005" lon="2.30643167"><ele>-3.0</ele><time>2025-11-15T10:41:55.725Z</time></trkpt><trkpt lat="41.47425" lon="2.30647"><ele>-3.0</ele><time>2025-11-15T10:42:21.724Z</time></trkpt><trkpt lat="41.474235" lon="2.30644833"><ele>-3.0</ele><time>2025-11-15T10:42:22.724Z</time></trkpt><trkpt lat="41.47373667" lon="2.30687833"><ele>-3.0</ele><time>2025-11-15T10:43:37.725Z</time></trkpt><trkpt lat="41.47382833" lon="2.306245"><ele>-4.0</ele><time>2025-11-15T10:43:38.725Z</time></trkpt><trkpt lat="41.47402" lon="2.30628333"><ele>-2.0</ele><time>2025-11-15T10:43:39.724Z</time></trkpt><trkpt lat="41.47401" lon="2.30628167"><ele>-1.0</ele><time>2025-11-15T10:43:40.725Z</time></trkpt><trkpt lat="41.47429" lon="2.30638833"><ele>-2.0</ele><time>2025-11-15T10:46:01.724Z</time></trkpt><trkpt lat="41.47425833" lon="2.306525"><ele>-3.0</ele><time>2025-11-15T10:46:02.725Z</time></trkpt><trkpt lat="41.47426667" lon="2.306565"><ele>-3.0</ele><time>2025-11-15T10:46:03.725Z</time></trkpt><trkpt lat="41.47438167" lon="2.30658"><ele>-3.0</ele><time>2025-11-15T10:46:04.724Z</time></trkpt><trkpt lat="41.474245" lon="2.30666667"><ele>-4.0</ele><time>2025-11-15T10:46:05.725Z</time></trkpt><trkpt lat="41.47422833" lon="2.30666333"><ele>-5.0</ele><time>2025-11-15T10:46:06.725Z</time></trkpt><trkpt lat="41.47425333" lon="2.306575"><ele>-6.0</ele><time>2025-11-15T10:46:07.725Z</time></trkpt><trkpt lat="41.47424" lon="2.30656167"><ele>-7.0</ele><time>2025-11-15T10:46:08.724Z</time></trkpt><trkpt lat="41.47421667" lon="2.30655833"><ele>-8.0</ele><time>2025-11-15T10:46:09.725Z</time></trkpt><trkpt lat="41.47421167" lon="2.30656333"><ele>-9.0</ele><time>2025-11-15T10:46:10.725Z</time></trkpt><trkpt lat="41.474195" lon="2.30657833"><ele>-10.0</ele><time>2025-11-15T10:46:11.725Z</time></trkpt><trkpt lat="41.47419333" lon="2.30658"><ele>-10.0</ele><time>2025-11-15T10:46:12.725Z</time></trkpt><trkpt lat="41.474185" lon="2.30657833"><ele>-11.0</ele><time>2025-11-15T10:46:13.724Z</time></trkpt><trkpt lat="41.474185" lon="2.30657833"><ele>-11.0</ele><time>2025-11-15T10:46:14.725Z</time></trkpt><trkpt lat="41.47418" lon="2.30658333"><ele>-12.0</ele><time>2025-11-15T10:46:15.724Z</time></trkpt><trkpt lat="41.47417667" lon="2.30657167"><ele>-12.0</ele><time>2025-11-15T10:46:16.725Z</time></trkpt><trkpt lat="41.47417667" lon="2.30656333"><ele>-14.0</ele><time>2025-11-15T10:46:17.725Z</time></trkpt><trkpt lat="41.47417" lon="2.30656333"><ele>-13.0</ele><time>2025-11-15T10:46:18.724Z</time></trkpt><trkpt lat="41.474165" lon="2.30657"><ele>-13.0</ele><time>2025-11-15T10:46:19.725Z</time></trkpt><trkpt lat="41.47415833" lon="2.30655"><ele>-13.0</ele><time>2025-11-15T10:46:20.724Z</time></trkpt><trkpt lat="41.47415833" lon="2.30654167"><ele>-13.0</ele><time>2025-11-15T10:46:21.725Z</time></trkpt><trkpt lat="41.47420333" lon="2.30650833"><ele>-13.0</ele><time>2025-11-15T10:46:22.725Z</time></trkpt><trkpt lat="41.47419667" lon="2.30650833"><ele>-13.0</ele><time>2025-11-15T10:46:23.724Z</time></trkpt><trkpt lat="41.47418333" lon="2.30650833"><ele>-12.0</ele><time>2025-11-15T10:46:24.725Z</time></trkpt><trkpt lat="41.47417" lon="2.30650833"><ele>-12.0</ele><time>2025-11-15T10:46:25.724Z</time></trkpt><trkpt lat="41.47415667" lon="2.30651667"><ele>-11.0</ele><time>2025-11-15T10:46:26.725Z</time></trkpt><trkpt lat="41.47414833" lon="2.306515"><ele>-11.0</ele><time>2025-11-15T10:46:27.724Z</time></trkpt><trkpt lat="41.47413833" lon="2.30651333"><ele>-11.0</ele><time>2025-11-15T10:46:28.725Z</time></trkpt><trkpt lat="41.47413167" lon="2.30651333"><ele>-11.0</ele><time>2025-11-15T10:46:29.724Z</time></trkpt><trkpt lat="41.47412167" lon="2.30651667"><ele>-11.0</ele><time>2025-11-15T10:46:30.724Z</time></trkpt><trkpt lat="41.474115" lon="2.306515"><ele>-11.0</ele><time>2025-11-15T10:46:31.725Z</time></trkpt><trkpt lat="41.47411" lon="2.30651167"><ele>-11.0</ele><time>2025-11-15T10:46:32.724Z</time></trkpt><trkpt lat="41.47410167" lon="2.306505"><ele>-11.0</ele><time>2025-11-15T10:46:33.725Z</time></trkpt><trkpt lat="41.47409333" lon="2.3065"><ele>-11.0</ele><time>2025-11-15T10:46:34.725Z</time></trkpt><trkpt lat="41.474095" lon="2.30650167"><ele>-11.0</ele><time>2025-11-15T10:46:35.725Z</time></trkpt><trkpt lat="41.474085" lon="2.306495"><ele>-11.0</ele><time>2025-11-15T10:46:36.724Z</time></trkpt><trkpt lat="41.47408333" lon="2.306495"><ele>-13.0</ele><time>2025-11-15T10:46:37.725Z</time></trkpt><trkpt lat="41.47407333" lon="2.306495"><ele>-12.0</ele><time>2025-11-15T10:46:38.724Z</time></trkpt><trkpt lat="41.47407" lon="2.30648667"><ele>-13.0</ele><time>2025-11-15T10:46:39.724Z</time></trkpt><trkpt lat="41.47406333" lon="2.30648"><ele>-13.0</ele><time>2025-11-15T10:46:40.725Z</time></trkpt><trkpt lat="41.47405833" lon="2.30647167"><ele>-11.0</ele><time>2025-11-15T10:46:41.724Z</time></trkpt><trkpt lat="41.47405333" lon="2.30646"><ele>-11.0</ele><time>2025-11-15T10:46:42.725Z</time></trkpt><trkpt lat="41.47405333" lon="2.30646"><ele>-11.0</ele><time>2025-11-15T10:46:43.725Z</time></trkpt><trkpt lat="41.47405333" lon="2.30646333"><ele>-11.0</ele><time>2025-11-15T10:46:44.724Z</time></trkpt><trkpt lat="41.47405833" lon="2.30647"><ele>-11.0</ele><time>2025-11-15T10:46:45.724Z</time></trkpt><trkpt lat="41.47405833" lon="2.30647333"><ele>-11.0</ele><time>2025-11-15T10:46:46.724Z</time></trkpt><trkpt lat="41.474055" lon="2.30647"><ele>-11.0</ele><time>2025-11-15T10:46:47.724Z</time></trkpt><trkpt lat="41.47405167" lon="2.306465"><ele>-11.0</ele><time>2025-11-15T10:46:48.724Z</time></trkpt><trkpt lat="41.47406" lon="2.306445"><ele>-12.0</ele><time>2025-11-15T10:46:51.725Z</time></trkpt><trkpt lat="41.47406333" lon="2.30643667"><ele>-10.0</ele><time>2025-11-15T10:46:52.724Z</time></trkpt><trkpt lat="41.47407" lon="2.306435"><ele>-10.0</ele><time>2025-11-15T10:46:53.724Z</time></trkpt><trkpt lat="41.47409333" lon="2.30640167"><ele>-11.0</ele><time>2025-11-15T10:47:03.724Z</time></trkpt><trkpt lat="41.47407167" lon="2.30644667"><ele>-11.0</ele><time>2025-11-15T10:47:13.725Z</time></trkpt><trkpt lat="41.474065" lon="2.30645167"><ele>-10.0</ele><time>2025-11-15T10:47:14.724Z</time></trkpt><trkpt lat="41.47404167" lon="2.30649667"><ele>-10.0</ele><time>2025-11-15T10:47:15.724Z</time></trkpt><trkpt lat="41.474035" lon="2.30649833"><ele>-10.0</ele><time>2025-11-15T10:47:16.724Z</time></trkpt><trkpt lat="41.47399333" lon="2.30649333"><ele>-11.0</ele><time>2025-11-15T10:47:17.724Z</time></trkpt><trkpt lat="41.47398667" lon="2.30649667"><ele>-9.0</ele><time>2025-11-15T10:47:18.724Z</time></trkpt><trkpt lat="41.47397333" lon="2.3065"><ele>-9.0</ele><time>2025-11-15T10:47:19.725Z</time></trkpt><trkpt lat="41.47396833" lon="2.30649667"><ele>-8.0</ele><time>2025-11-15T10:47:20.725Z</time></trkpt><trkpt lat="41.47397167" lon="2.30645833"><ele>-8.0</ele><time>2025-11-15T10:47:21.724Z</time></trkpt><trkpt lat="41.47396333" lon="2.30645833"><ele>-8.0</ele><time>2025-11-15T10:47:22.724Z</time></trkpt><trkpt lat="41.473955" lon="2.30645833"><ele>-8.0</ele><time>2025-11-15T10:47:23.724Z</time></trkpt><trkpt lat="41.47394667" lon="2.30645667"><ele>-8.0</ele><time>2025-11-15T10:47:24.724Z</time></trkpt><trkpt lat="41.47393" lon="2.306435"><ele>-8.0</ele><time>2025-11-15T10:47:25.725Z</time></trkpt><trkpt lat="41.473925" lon="2.30643"><ele>-9.0</ele><time>2025-11-15T10:47:26.725Z</time></trkpt><trkpt lat="41.47392167" lon="2.30643167"><ele>-7.0</ele><time>2025-11-15T10:47:27.725Z</time></trkpt><trkpt lat="41.47391833" lon="2.30642833"><ele>-7.0</ele><time>2025-11-15T10:47:28.725Z</time></trkpt><trkpt lat="41.47391" lon="2.306425"><ele>-7.0</ele><time>2025-11-15T10:47:29.725Z</time></trkpt><trkpt lat="41.473905" lon="2.30642667"><ele>-7.0</ele><time>2025-11-15T10:47:30.724Z</time></trkpt><trkpt lat="41.4739" lon="2.30642333"><ele>-7.0</ele><time>2025-11-15T10:47:31.724Z</time></trkpt><trkpt lat="41.47396833" lon="2.30606"><ele>-7.0</ele><time>2025-11-15T10:48:38.724Z</time></trkpt><trkpt lat="41.47398167" lon="2.30644333"><ele>-8.0</ele><time>2025-11-15T10:48:39.724Z</time></trkpt><trkpt lat="41.47392833" lon="2.30623"><ele>-8.0</ele><time>2025-11-15T10:48:40.725Z</time></trkpt><trkpt lat="41.473935" lon="2.30624667"><ele>-9.0</ele><time>2025-11-15T10:48:41.724Z</time></trkpt><trkpt lat="41.47397667" lon="2.30636667"><ele>-10.0</ele><time>2025-11-15T10:48:42.724Z</time></trkpt><trkpt lat="41.473985" lon="2.306365"><ele>-11.0</ele><time>2025-11-15T10:48:43.724Z</time></trkpt><trkpt lat="41.47396833" lon="2.30640167"><ele>-11.0</ele><time>2025-11-15T10:48:56.725Z</time></trkpt><trkpt lat="41.47399667" lon="2.306375"><ele>-12.0</ele><time>2025-11-15T10:48:57.725Z</time></trkpt><trkpt lat="41.47405833" lon="2.30629333"><ele>-12.0</ele><time>2025-11-15T10:48:58.725Z</time></trkpt><trkpt lat="41.47407667" lon="2.30630833"><ele>-13.0</ele><time>2025-11-15T10:48:59.724Z</time></trkpt><trkpt lat="41.47405833" lon="2.306295"><ele>-13.0</ele><time>2025-11-15T10:49:04.724Z</time></trkpt><trkpt lat="41.47405333" lon="2.30630333"><ele>-13.0</ele><time>2025-11-15T10:49:05.725Z</time></trkpt><trkpt lat="41.47405833" lon="2.30630667"><ele>-15.0</ele><time>2025-11-15T10:49:06.724Z</time></trkpt><trkpt lat="41.47405833" lon="2.306305"><ele>-14.0</ele><time>2025-11-15T10:49:07.724Z</time></trkpt><trkpt lat="41.47400833" lon="2.30668"><ele>-14.0</ele><time>2025-11-15T10:50:45.724Z</time></trkpt><trkpt lat="41.47424167" lon="2.30607167"><ele>-11.0</ele><time>2025-11-15T10:50:46.724Z</time></trkpt><trkpt lat="41.47416667" lon="2.30638167"><ele>-11.0</ele><time>2025-11-15T10:50:47.724Z</time></trkpt><trkpt lat="41.47413333" lon="2.30634667"><ele>-10.0</ele><time>2025-11-15T10:50:48.724Z</time></trkpt><trkpt lat="41.47410167" lon="2.30635"><ele>-10.0</ele><time>2025-11-15T10:50:49.724Z</time></trkpt><trkpt lat="41.47409" lon="2.30638667"><ele>-9.0</ele><time>2025-11-15T10:50:50.724Z</time></trkpt><trkpt lat="41.47409667" lon="2.30637667"><ele>-9.0</ele><time>2025-11-15T10:50:51.724Z</time></trkpt><trkpt lat="41.47411667" lon="2.30651333"><ele>-8.0</ele><time>2025-11-15T10:51:14.725Z</time></trkpt><trkpt lat="41.474085" lon="2.30646333"><ele>-7.0</ele><time>2025-11-15T10:51:15.725Z</time></trkpt><trkpt lat="41.47409833" lon="2.30645833"><ele>-7.0</ele><time>2025-11-15T10:51:16.725Z</time></trkpt><trkpt lat="41.47408833" lon="2.306445"><ele>-7.0</ele><time>2025-11-15T10:51:17.724Z</time></trkpt><trkpt lat="41.474075" lon="2.306465"><ele>-8.0</ele><time>2025-11-15T10:51:18.724Z</time></trkpt><trkpt lat="41.47408" lon="2.30646833"><ele>-6.0</ele><time>2025-11-15T10:51:19.724Z</time></trkpt><trkpt lat="41.47408167" lon="2.30647667"><ele>-6.0</ele><time>2025-11-15T10:51:20.724Z</time></trkpt><trkpt lat="41.47408167" lon="2.30646333"><ele>-6.0</ele><time>2025-11-15T10:51:21.724Z</time></trkpt><trkpt lat="41.47408167" lon="2.30645833"><ele>-6.0</ele><time>2025-11-15T10:51:22.724Z</time></trkpt><trkpt lat="41.474085" lon="2.30645667"><ele>-6.0</ele><time>2025-11-15T10:51:23.724Z</time></trkpt><trkpt lat="41.47408333" lon="2.30645333"><ele>-6.0</ele><time>2025-11-15T10:51:24.724Z</time></trkpt><trkpt lat="41.47408167" lon="2.30645667"><ele>-6.0</ele><time>2025-11-15T10:51:25.725Z</time></trkpt><trkpt lat="41.47407667" lon="2.30646167"><ele>-6.0</ele><time>2025-11-15T10:51:26.725Z</time></trkpt><trkpt lat="41.47407333" lon="2.30646"><ele>-6.0</ele><time>2025-11-15T10:51:27.725Z</time></trkpt><trkpt lat="41.47407333" lon="2.306465"><ele>-6.0</ele><time>2025-11-15T10:51:28.725Z</time></trkpt><trkpt lat="41.47407667" lon="2.306465"><ele>-6.0</ele><time>2025-11-15T10:51:29.725Z</time></trkpt><trkpt lat="41.47407333" lon="2.30646667"><ele>-6.0</ele><time>2025-11-15T10:51:30.725Z</time></trkpt><trkpt lat="41.47400667" lon="2.30631833"><ele>-3.0</ele><time>2025-11-15T10:52:49.725Z</time></trkpt><trkpt lat="41.47406" lon="2.30645167"><ele>-1.0</ele><time>2025-11-15T10:52:50.724Z</time></trkpt><trkpt lat="41.47408167" lon="2.30652167"><ele>0.0</ele><time>2025-11-15T10:52:51.724Z</time></trkpt><trkpt lat="41.47411167" lon="2.30656833"><ele>0.0</ele><time>2025-11-15T10:52:52.724Z</time></trkpt><trkpt lat="41.47409333" lon="2.30658"><ele>0.0</ele><time>2025-11-15T10:52:53.724Z</time></trkpt><trkpt lat="41.47408667" lon="2.30657"><ele>0.0</ele><time>2025-11-15T10:52:54.725Z</time></trkpt><trkpt lat="41.47408167" lon="2.30655667"><ele>0.0</ele><time>2025-11-15T10:52:55.724Z</time></trkpt><trkpt lat="41.47408333" lon="2.30653833"><ele>0.0</ele><time>2025-11-15T10:52:59.725Z</time></trkpt><trkpt lat="41.47409667" lon="2.30655667"><ele>-1.0</ele><time>2025-11-15T10:53:00.724Z</time></trkpt><trkpt lat="41.47409" lon="2.30654"><ele>-3.0</ele><time>2025-11-15T10:53:01.725Z</time></trkpt><trkpt lat="41.47409" lon="2.30653333"><ele>-4.0</ele><time>2025-11-15T10:53:02.724Z</time></trkpt><trkpt lat="41.47409667" lon="2.30652833"><ele>-5.0</ele><time>2025-11-15T10:53:03.725Z</time></trkpt><trkpt lat="41.47409667" lon="2.30652167"><ele>-6.0</ele><time>2025-11-15T10:53:04.724Z</time></trkpt><trkpt lat="41.47410833" lon="2.30651"><ele>-8.0</ele><time>2025-11-15T10:53:05.725Z</time></trkpt><trkpt lat="41.47411" lon="2.30650667"><ele>-9.0</ele><time>2025-11-15T10:53:06.724Z</time></trkpt><trkpt lat="41.47410833" lon="2.30650333"><ele>-7.0</ele><time>2025-11-15T10:53:07.725Z</time></trkpt><trkpt lat="41.47411" lon="2.30648833"><ele>-5.0</ele><time>2025-11-15T10:53:08.724Z</time></trkpt><trkpt lat="41.47410833" lon="2.30648"><ele>-4.0</ele><time>2025-11-15T10:53:09.724Z</time></trkpt><trkpt lat="41.474105" lon="2.30646833"><ele>-3.0</ele><time>2025-11-15T10:53:10.725Z</time></trkpt><trkpt lat="41.47409833" lon="2.30646167"><ele>-2.0</ele><time>2025-11-15T10:53:11.724Z</time></trkpt><trkpt lat="41.474095" lon="2.30645833"><ele>-1.0</ele><time>2025-11-15T10:53:12.725Z</time></trkpt><trkpt lat="41.474095" lon="2.30646"><ele>-1.0</ele><time>2025-11-15T10:53:13.724Z</time></trkpt><trkpt lat="41.474095" lon="2.306455"><ele>-2.0</ele><time>2025-11-15T10:53:14.724Z</time></trkpt><trkpt lat="41.47409667" lon="2.306455"><ele>-2.0</ele><time>2025-11-15T10:53:15.725Z</time></trkpt><trkpt lat="41.47408167" lon="2.306435"><ele>-3.0</ele><time>2025-11-15T10:53:16.724Z</time></trkpt><trkpt lat="41.47407833" lon="2.30643"><ele>-3.0</ele><time>2025-11-15T10:53:17.725Z</time></trkpt><trkpt lat="41.47407833" lon="2.306435"><ele>-3.0</ele><time>2025-11-15T10:53:18.724Z</time></trkpt><trkpt lat="41.47408833" lon="2.30644333"><ele>-3.0</ele><time>2025-11-15T10:53:19.724Z</time></trkpt><trkpt lat="41.47409333" lon="2.30644333"><ele>-3.0</ele><time>2025-11-15T10:53:20.724Z</time></trkpt><trkpt lat="41.47410333" lon="2.30644833"><ele>-3.0</ele><time>2025-11-15T10:53:21.725Z</time></trkpt><trkpt lat="41.47411333" lon="2.30644667"><ele>-3.0</ele><time>2025-11-15T10:53:22.724Z</time></trkpt><trkpt lat="41.47412" lon="2.30644167"><ele>-3.0</ele><time>2025-11-15T10:53:23.725Z</time></trkpt><trkpt lat="41.474125" lon="2.30644333"><ele>-4.0</ele><time>2025-11-15T10:53:24.725Z</time></trkpt><trkpt lat="41.474125" lon="2.306445"><ele>-4.0</ele><time>2025-11-15T10:53:25.724Z</time></trkpt><trkpt lat="41.474125" lon="2.30645167"><ele>-4.0</ele><time>2025-11-15T10:53:26.724Z</time></trkpt><trkpt lat="41.47412333" lon="2.30646333"><ele>-4.0</ele><time>2025-11-15T10:53:27.724Z</time></trkpt><trkpt lat="41.47412" lon="2.30647167"><ele>-4.0</ele><time>2025-11-15T10:53:28.724Z</time></trkpt><trkpt lat="41.47412" lon="2.30647333"><ele>-5.0</ele><time>2025-11-15T10:53:29.724Z</time></trkpt><trkpt lat="41.47412" lon="2.306475"><ele>-5.0</ele><time>2025-11-15T10:53:30.724Z</time></trkpt><trkpt lat="41.47412" lon="2.306475"><ele>-5.0</ele><time>2025-11-15T10:53:31.725Z</time></trkpt><trkpt lat="41.47411667" lon="2.30646833"><ele>-5.0</ele><time>2025-11-15T10:53:32.724Z</time></trkpt><trkpt lat="41.47411333" lon="2.30646667"><ele>-5.0</ele><time>2025-11-15T10:53:33.725Z</time></trkpt><trkpt lat="41.47410833" lon="2.30646"><ele>-5.0</ele><time>2025-11-15T10:53:34.725Z</time></trkpt><trkpt lat="41.47410333" lon="2.306455"><ele>-5.0</ele><time>2025-11-15T10:53:35.724Z</time></trkpt><trkpt lat="41.4741" lon="2.30645167"><ele>-5.0</ele><time>2025-11-15T10:53:36.725Z</time></trkpt><trkpt lat="41.47409667" lon="2.306445"><ele>-5.0</ele><time>2025-11-15T10:53:37.725Z</time></trkpt><trkpt lat="41.4741" lon="2.30644167"><ele>-5.0</ele><time>2025-11-15T10:53:38.725Z</time></trkpt><trkpt lat="41.4741" lon="2.30644167"><ele>-6.0</ele><time>2025-11-15T10:53:39.725Z</time></trkpt><trkpt lat="41.4741" lon="2.30644167"><ele>-4.0</ele><time>2025-11-15T10:53:40.725Z</time></trkpt><trkpt lat="41.47409833" lon="2.30644333"><ele>-4.0</ele><time>2025-11-15T10:53:41.724Z</time></trkpt><trkpt lat="41.47409833" lon="2.30644"><ele>-4.0</ele><time>2025-11-15T10:53:42.725Z</time></trkpt><trkpt lat="41.47409667" lon="2.30643667"><ele>-4.0</ele><time>2025-11-15T10:53:43.725Z</time></trkpt><trkpt lat="41.47409" lon="2.306435"><ele>-4.0</ele><time>2025-11-15T10:53:44.724Z</time></trkpt><trkpt lat="41.47408667" lon="2.306435"><ele>-4.0</ele><time>2025-11-15T10:53:45.725Z</time></trkpt><trkpt lat="41.474085" lon="2.306435"><ele>-4.0</ele><time>2025-11-15T10:53:46.725Z</time></trkpt><trkpt lat="41.474085" lon="2.30643333"><ele>-4.0</ele><time>2025-11-15T10:53:47.725Z</time></trkpt><trkpt lat="41.47408333" lon="2.30643333"><ele>-4.0</ele><time>2025-11-15T10:53:48.724Z</time></trkpt><trkpt lat="41.47408167" lon="2.30643333"><ele>-4.0</ele><time>2025-11-15T10:53:49.725Z</time></trkpt><trkpt lat="41.474085" lon="2.306445"><ele>-4.0</ele><time>2025-11-15T10:53:50.724Z</time></trkpt><trkpt lat="41.47408" lon="2.30644167"><ele>-4.0</ele><time>2025-11-15T10:53:51.725Z</time></trkpt><trkpt lat="41.47407333" lon="2.306435"><ele>-4.0</ele><time>2025-11-15T10:53:52.724Z</time></trkpt><trkpt lat="41.47406167" lon="2.30644667"><ele>-5.0</ele><time>2025-11-15T10:53:53.725Z</time></trkpt><trkpt lat="41.474055" lon="2.30645"><ele>-3.0</ele><time>2025-11-15T10:53:54.724Z</time></trkpt><trkpt lat="41.47419667" lon="2.306365"><ele>-4.0</ele><time>2025-11-15T10:54:04.725Z</time></trkpt><trkpt lat="41.47416" lon="2.30638333"><ele>-5.0</ele><time>2025-11-15T10:54:05.724Z</time></trkpt><trkpt lat="41.47412833" lon="2.30638333"><ele>-5.0</ele><time>2025-11-15T10:54:06.724Z</time></trkpt><trkpt lat="41.47412333" lon="2.30638333"><ele>-6.0</ele><time>2025-11-15T10:54:07.725Z</time></trkpt><trkpt lat="41.47411167" lon="2.30638833"><ele>-6.0</ele><time>2025-11-15T10:54:08.724Z</time></trkpt><trkpt lat="41.47440333" lon="2.30624167"><ele>-8.0</ele><time>2025-11-15T10:56:40.725Z</time></trkpt><trkpt lat="41.47429833" lon="2.30636"><ele>-9.0</ele><time>2025-11-15T10:56:41.725Z</time></trkpt><trkpt lat="41.47431167" lon="2.30633833"><ele>-10.0</ele><time>2025-11-15T10:56:42.724Z</time></trkpt><trkpt lat="41.47432333" lon="2.30628"><ele>-12.0</ele><time>2025-11-15T10:56:43.725Z</time></trkpt><trkpt lat="41.47431667" lon="2.306275"><ele>-14.0</ele><time>2025-11-15T10:56:44.725Z</time></trkpt><trkpt lat="41.4743" lon="2.30630833"><ele>-13.0</ele><time>2025-11-15T10:56:45.724Z</time></trkpt><trkpt lat="41.47429333" lon="2.30630333"><ele>-14.0</ele><time>2025-11-15T10:56:46.724Z</time></trkpt><trkpt lat="41.474315" lon="2.30637"><ele>-14.0</ele><time>2025-11-15T10:56:47.725Z</time></trkpt><trkpt lat="41.474315" lon="2.30636"><ele>-14.0</ele><time>2025-11-15T10:56:48.724Z</time></trkpt><trkpt lat="41.47432667" lon="2.30637833"><ele>-16.0</ele><time>2025-11-15T10:56:49.725Z</time></trkpt><trkpt lat="41.474355" lon="2.30633833"><ele>-17.0</ele><time>2025-11-15T10:56:50.724Z</time></trkpt><trkpt lat="41.47435833" lon="2.30633"><ele>-19.0</ele><time>2025-11-15T10:56:51.725Z</time></trkpt><trkpt lat="41.47435333" lon="2.30633833"><ele>-18.0</ele><time>2025-11-15T10:56:52.725Z</time></trkpt><trkpt lat="41.47434333" lon="2.30633"><ele>-19.0</ele><time>2025-11-15T10:56:53.724Z</time></trkpt><trkpt lat="41.47433" lon="2.30635333"><ele>-19.0</ele><time>2025-11-15T10:56:54.725Z</time></trkpt><trkpt lat="41.47432167" lon="2.30634667"><ele>-19.0</ele><time>2025-11-15T10:56:55.724Z</time></trkpt><trkpt lat="41.474315" lon="2.306345"><ele>-19.0</ele><time>2025-11-15T10:56:56.724Z</time></trkpt><trkpt lat="41.47431667" lon="2.30634"><ele>-19.0</ele><time>2025-11-15T10:56:57.724Z</time></trkpt><trkpt lat="41.47430667" lon="2.30632"><ele>-19.0</ele><time>2025-11-15T10:56:58.725Z</time></trkpt><trkpt lat="41.47430333" lon="2.30631333"><ele>-19.0</ele><time>2025-11-15T10:56:59.724Z</time></trkpt><trkpt lat="41.47430333" lon="2.306315"><ele>-20.0</ele><time>2025-11-15T10:57:00.724Z</time></trkpt><trkpt lat="41.47429667" lon="2.30632"><ele>-20.0</ele><time>2025-11-15T10:57:01.724Z</time></trkpt><trkpt lat="41.47427667" lon="2.30634667"><ele>-17.0</ele><time>2025-11-15T10:57:05.725Z</time></trkpt><trkpt lat="41.47426667" lon="2.30633833"><ele>-16.0</ele><time>2025-11-15T10:57:06.724Z</time></trkpt><trkpt lat="41.47426667" lon="2.306325"><ele>-13.0</ele><time>2025-11-15T10:57:07.725Z</time></trkpt><trkpt lat="41.47426333" lon="2.30632"><ele>-11.0</ele><time>2025-11-15T10:57:08.725Z</time></trkpt><trkpt lat="41.47426" lon="2.30631833"><ele>-9.0</ele><time>2025-11-15T10:57:09.724Z</time></trkpt><trkpt lat="41.47425833" lon="2.30631167"><ele>-7.0</ele><time>2025-11-15T10:57:10.724Z</time></trkpt><trkpt lat="41.47425667" lon="2.30630833"><ele>-8.0</ele><time>2025-11-15T10:57:11.725Z</time></trkpt><trkpt lat="41.47425833" lon="2.30632"><ele>-8.0</ele><time>2025-11-15T10:57:12.725Z</time></trkpt><trkpt lat="41.474255" lon="2.30631833"><ele>-9.0</ele><time>2025-11-15T10:57:13.725Z</time></trkpt><trkpt lat="41.47426333" lon="2.30633333"><ele>-9.0</ele><time>2025-11-15T10:57:14.724Z</time></trkpt><trkpt lat="41.47426167" lon="2.30634333"><ele>-10.0</ele><time>2025-11-15T10:57:15.724Z</time></trkpt><trkpt lat="41.47425" lon="2.30635167"><ele>-9.0</ele><time>2025-11-15T10:57:16.724Z</time></trkpt><trkpt lat="41.474245" lon="2.30636167"><ele>-8.0</ele><time>2025-11-15T10:57:17.725Z</time></trkpt><trkpt lat="41.47423" lon="2.30636"><ele>-8.0</ele><time>2025-11-15T10:57:18.724Z</time></trkpt><trkpt lat="41.47420833" lon="2.30635833"><ele>-5.0</ele><time>2025-11-15T10:57:19.724Z</time></trkpt><trkpt lat="41.47419833" lon="2.306355"><ele>-4.0</ele><time>2025-11-15T10:57:20.724Z</time></trkpt><trkpt lat="41.47418333" lon="2.30637333"><ele>-5.0</ele><time>2025-11-15T10:57:21.725Z</time></trkpt><trkpt lat="41.47416833" lon="2.30637333"><ele>-5.0</ele><time>2025-11-15T10:57:22.724Z</time></trkpt><trkpt lat="41.47415833" lon="2.30637167"><ele>-6.0</ele><time>2025-11-15T10:57:23.725Z</time></trkpt><trkpt lat="41.47414" lon="2.30638"><ele>-6.0</ele><time>2025-11-15T10:57:24.724Z</time></trkpt><trkpt lat="41.47412333" lon="2.306385"><ele>-6.0</ele><time>2025-11-15T10:57:25.724Z</time></trkpt><trkpt lat="41.47411" lon="2.30639167"><ele>-7.0</ele><time>2025-11-15T10:57:26.724Z</time></trkpt><trkpt lat="41.4741" lon="2.30642"><ele>-8.0</ele><time>2025-11-15T10:57:27.725Z</time></trkpt><trkpt lat="41.47410333" lon="2.30643"><ele>-9.0</ele><time>2025-11-15T10:57:28.724Z</time></trkpt><trkpt lat="41.47409333" lon="2.306445"><ele>-9.0</ele><time>2025-11-15T10:57:29.724Z</time></trkpt><trkpt lat="41.47408833" lon="2.30645667"><ele>-13.0</ele><time>2025-11-15T10:57:30.725Z</time></trkpt><trkpt lat="41.47408167" lon="2.30646167"><ele>-14.0</ele><time>2025-11-15T10:57:31.725Z</time></trkpt><trkpt lat="41.47406833" lon="2.30647333"><ele>-13.0</ele><time>2025-11-15T10:57:32.724Z</time></trkpt><trkpt lat="41.47427333" lon="2.30659833"><ele>-14.0</ele><time>2025-11-15T10:57:39.725Z</time></trkpt><trkpt lat="41.474205" lon="2.30651833"><ele>-15.0</ele><time>2025-11-15T10:57:40.725Z</time></trkpt><trkpt lat="41.47420833" lon="2.306535"><ele>-16.0</ele><time>2025-11-15T10:57:41.725Z</time></trkpt><trkpt lat="41.47420333" lon="2.306495"><ele>-16.0</ele><time>2025-11-15T10:57:42.725Z</time></trkpt><trkpt lat="41.47419333" lon="2.30644333"><ele>-17.0</ele><time>2025-11-15T10:57:43.724Z</time></trkpt><trkpt lat="41.47418167" lon="2.30639333"><ele>-17.0</ele><time>2025-11-15T10:57:44.725Z</time></trkpt><trkpt lat="41.47417333" lon="2.306375"><ele>-18.0</ele><time>2025-11-15T10:57:45.724Z</time></trkpt><trkpt lat="41.474155" lon="2.30636333"><ele>-18.0</ele><time>2025-11-15T10:57:46.725Z</time></trkpt><trkpt lat="41.47415" lon="2.30635833"><ele>-18.0</ele><time>2025-11-15T10:57:47.724Z</time></trkpt><trkpt lat="41.474135" lon="2.30635833"><ele>-18.0</ele><time>2025-11-15T10:57:48.724Z</time></trkpt><trkpt lat="41.47413167" lon="2.30634667"><ele>-18.0</ele><time>2025-11-15T10:57:49.724Z</time></trkpt><trkpt lat="41.47423333" lon="2.306045"><ele>-18.0</ele><time>2025-11-15T11:00:29.724Z</time></trkpt><trkpt lat="41.47441333" lon="2.30627833"><ele>-18.0</ele><time>2025-11-15T11:00:30.724Z</time></trkpt><trkpt lat="41.47445167" lon="2.30591667"><ele>-19.0</ele><time>2025-11-15T11:00:31.725Z</time></trkpt><trkpt lat="41.47445667" lon="2.305915"><ele>-19.0</ele><time>2025-11-15T11:00:32.725Z</time></trkpt><trkpt lat="41.47441333" lon="2.30588667"><ele>-21.0</ele><time>2025-11-15T11:00:33.724Z</time></trkpt><trkpt lat="41.47438333" lon="2.3059"><ele>-20.0</ele><time>2025-11-15T11:00:34.724Z</time></trkpt><trkpt lat="41.47435667" lon="2.30593833"><ele>-20.0</ele><time>2025-11-15T11:00:35.724Z</time></trkpt><trkpt lat="41.47434333" lon="2.30594"><ele>-22.0</ele><time>2025-11-15T11:00:36.725Z</time></trkpt><trkpt lat="41.47432667" lon="2.30596333"><ele>-21.0</ele><time>2025-11-15T11:00:37.724Z</time></trkpt><trkpt lat="41.47432167" lon="2.30594833"><ele>-21.0</ele><time>2025-11-15T11:00:38.724Z</time></trkpt><trkpt lat="41.47431833" lon="2.30595333"><ele>-21.0</ele><time>2025-11-15T11:00:39.724Z</time></trkpt><trkpt lat="41.47431333" lon="2.305945"><ele>-21.0</ele><time>2025-11-15T11:00:40.725Z</time></trkpt><trkpt lat="41.47430667" lon="2.30592833"><ele>-21.0</ele><time>2025-11-15T11:00:41.725Z</time></trkpt><trkpt lat="41.47426167" lon="2.30583333"><ele>-21.0</ele><time>2025-11-15T11:00:46.725Z</time></trkpt><trkpt lat="41.47423333" lon="2.305805"><ele>-21.0</ele><time>2025-11-15T11:00:47.725Z</time></trkpt><trkpt lat="41.47445167" lon="2.30650833"><ele>-23.0</ele><time>2025-11-15T11:01:53.724Z</time></trkpt><trkpt lat="41.47412" lon="2.30678167"><ele>-23.0</ele><time>2025-11-15T11:01:54.725Z</time></trkpt><trkpt lat="41.474245" lon="2.30618667"><ele>-22.0</ele><time>2025-11-15T11:01:55.725Z</time></trkpt><trkpt lat="41.47418" lon="2.30632"><ele>-21.0</ele><time>2025-11-15T11:01:56.725Z</time></trkpt><trkpt lat="41.47419333" lon="2.30613"><ele>-20.0</ele><time>2025-11-15T11:01:57.724Z</time></trkpt><trkpt lat="41.47421333" lon="2.30610667"><ele>-19.0</ele><time>2025-11-15T11:01:58.724Z</time></trkpt><trkpt lat="41.47444667" lon="2.30624833"><ele>-19.0</ele><time>2025-11-15T11:02:26.724Z</time></trkpt><trkpt lat="41.47442333" lon="2.30615667"><ele>-19.0</ele><time>2025-11-15T11:02:27.724Z</time></trkpt><trkpt lat="41.47440833" lon="2.30614167"><ele>-19.0</ele><time>2025-11-15T11:02:28.724Z</time></trkpt><trkpt lat="41.474445" lon="2.30624"><ele>-19.0</ele><time>2025-11-15T11:02:29.724Z</time></trkpt><trkpt lat="41.474455" lon="2.30619667"><ele>-21.0</ele><time>2025-11-15T11:02:30.724Z</time></trkpt><trkpt lat="41.47444667" lon="2.30616833"><ele>-20.0</ele><time>2025-11-15T11:02:31.724Z</time></trkpt><trkpt lat="41.47444333" lon="2.30614167"><ele>-20.0</ele><time>2025-11-15T11:02:32.724Z</time></trkpt><trkpt lat="41.47443333" lon="2.30611667"><ele>-20.0</ele><time>2025-11-15T11:02:33.724Z</time></trkpt><trkpt lat="41.47440167" lon="2.30613667"><ele>-20.0</ele><time>2025-11-15T11:02:34.724Z</time></trkpt><trkpt lat="41.47438333" lon="2.30614167"><ele>-20.0</ele><time>2025-11-15T11:02:35.725Z</time></trkpt><trkpt lat="41.47436167" lon="2.306155"><ele>-20.0</ele><time>2025-11-15T11:02:36.724Z</time></trkpt><trkpt lat="41.47434667" lon="2.30614167"><ele>-20.0</ele><time>2025-11-15T11:02:37.724Z</time></trkpt><trkpt lat="41.47433167" lon="2.30614333"><ele>-20.0</ele><time>2025-11-15T11:02:38.725Z</time></trkpt><trkpt lat="41.47431833" lon="2.306145"><ele>-20.0</ele><time>2025-11-15T11:02:39.725Z</time></trkpt><trkpt lat="41.47431" lon="2.30614"><ele>-20.0</ele><time>2025-11-15T11:02:41.725Z</time></trkpt><trkpt lat="41.47430167" lon="2.30612167"><ele>-20.0</ele><time>2025-11-15T11:02:42.724Z</time></trkpt><trkpt lat="41.47432333" lon="2.30616833"><ele>-20.0</ele><time>2025-11-15T11:02:43.724Z</time></trkpt><trkpt lat="41.47432333" lon="2.30616667"><ele>-20.0</ele><time>2025-11-15T11:02:44.725Z</time></trkpt><trkpt lat="41.47433667" lon="2.3062"><ele>-20.0</ele><time>2025-11-15T11:02:45.724Z</time></trkpt><trkpt lat="41.47433333" lon="2.30620167"><ele>-20.0</ele><time>2025-11-15T11:02:46.724Z</time></trkpt><trkpt lat="41.47431667" lon="2.30622"><ele>-22.0</ele><time>2025-11-15T11:02:47.724Z</time></trkpt><trkpt lat="41.47431333" lon="2.30621167"><ele>-21.0</ele><time>2025-11-15T11:02:48.724Z</time></trkpt><trkpt lat="41.47431167" lon="2.30620167"><ele>-21.0</ele><time>2025-11-15T11:02:49.724Z</time></trkpt><trkpt lat="41.47430833" lon="2.30619833"><ele>-21.0</ele><time>2025-11-15T11:02:50.724Z</time></trkpt><trkpt lat="41.47430833" lon="2.30619833"><ele>-21.0</ele><time>2025-11-15T11:02:51.724Z</time></trkpt><trkpt lat="41.47430833" lon="2.30620167"><ele>-21.0</ele><time>2025-11-15T11:02:52.724Z</time></trkpt><trkpt lat="41.47430333" lon="2.30619833"><ele>-21.0</ele><time>2025-11-15T11:02:53.725Z</time></trkpt><trkpt lat="41.47429167" lon="2.30620333"><ele>-21.0</ele><time>2025-11-15T11:02:54.725Z</time></trkpt><trkpt lat="41.47428667" lon="2.30620333"><ele>-21.0</ele><time>2025-11-15T11:02:55.725Z</time></trkpt><trkpt lat="41.47428667" lon="2.30620667"><ele>-20.0</ele><time>2025-11-15T11:02:56.725Z</time></trkpt><trkpt lat="41.47428333" lon="2.30620333"><ele>-20.0</ele><time>2025-11-15T11:02:57.724Z</time></trkpt><trkpt lat="41.47426333" lon="2.30619333"><ele>-20.0</ele><time>2025-11-15T11:03:01.725Z</time></trkpt><trkpt lat="41.47426333" lon="2.30618333"><ele>-19.0</ele><time>2025-11-15T11:03:02.725Z</time></trkpt><trkpt lat="41.474255" lon="2.30617167"><ele>-19.0</ele><time>2025-11-15T11:03:03.725Z</time></trkpt><trkpt lat="41.47424" lon="2.306175"><ele>-19.0</ele><time>2025-11-15T11:03:04.725Z</time></trkpt><trkpt lat="41.47423167" lon="2.30617667"><ele>-19.0</ele><time>2025-11-15T11:03:05.725Z</time></trkpt><trkpt lat="41.47422" lon="2.30617833"><ele>-18.0</ele><time>2025-11-15T11:03:06.725Z</time></trkpt><trkpt lat="41.47422" lon="2.30618167"><ele>-18.0</ele><time>2025-11-15T11:03:07.724Z</time></trkpt><trkpt lat="41.47422167" lon="2.30618167"><ele>-18.0</ele><time>2025-11-15T11:03:08.724Z</time></trkpt><trkpt lat="41.47422" lon="2.30617667"><ele>-18.0</ele><time>2025-11-15T11:03:09.724Z</time></trkpt><trkpt lat="41.47421667" lon="2.30617167"><ele>-18.0</ele><time>2025-11-15T11:03:10.724Z</time></trkpt><trkpt lat="41.47421167" lon="2.30616667"><ele>-18.0</ele><time>2025-11-15T11:03:11.724Z</time></trkpt><trkpt lat="41.47421" lon="2.30616833"><ele>-18.0</ele><time>2025-11-15T11:03:12.724Z</time></trkpt><trkpt lat="41.47420667" lon="2.30616667"><ele>-17.0</ele><time>2025-11-15T11:03:13.724Z</time></trkpt><trkpt lat="41.47419667" lon="2.30616333"><ele>-17.0</ele><time>2025-11-15T11:03:14.724Z</time></trkpt><trkpt lat="41.47418833" lon="2.30615833"><ele>-17.0</ele><time>2025-11-15T11:03:15.725Z</time></trkpt><trkpt lat="41.47418833" lon="2.30615333"><ele>-17.0</ele><time>2025-11-15T11:03:16.725Z</time></trkpt><trkpt lat="41.474185" lon="2.30615"><ele>-18.0</ele><time>2025-11-15T11:03:17.725Z</time></trkpt><trkpt lat="41.47416833" lon="2.30614"><ele>-16.0</ele><time>2025-11-15T11:03:18.725Z</time></trkpt><trkpt lat="41.47415333" lon="2.30613167"><ele>-16.0</ele><time>2025-11-15T11:03:19.725Z</time></trkpt><trkpt lat="41.47414167" lon="2.306125"><ele>-16.0</ele><time>2025-11-15T11:03:20.725Z</time></trkpt><trkpt lat="41.47401333" lon="2.30603667"><ele>-16.0</ele><time>2025-11-15T11:03:30.725Z</time></trkpt><trkpt lat="41.474015" lon="2.306025"><ele>-16.0</ele><time>2025-11-15T11:03:31.724Z</time></trkpt><trkpt lat="41.47400667" lon="2.30601333"><ele>-16.0</ele><time>2025-11-15T11:03:32.724Z</time></trkpt><trkpt lat="41.47419167" lon="2.306255"><ele>-15.0</ele><time>2025-11-15T11:04:51.724Z</time></trkpt><trkpt lat="41.47421" lon="2.30628333"><ele>-14.0</ele><time>2025-11-15T11:04:52.725Z</time></trkpt><trkpt lat="41.47424167" lon="2.30631833"><ele>-14.0</ele><time>2025-11-15T11:04:53.724Z</time></trkpt><trkpt lat="41.47482833" lon="2.30650833"><ele>-13.0</ele><time>2025-11-15T11:05:25.725Z</time></trkpt><trkpt lat="41.474645" lon="2.30623167"><ele>-13.0</ele><time>2025-11-15T11:05:26.724Z</time></trkpt><trkpt lat="41.47444" lon="2.30628667"><ele>-10.0</ele><time>2025-11-15T11:05:27.725Z</time></trkpt><trkpt lat="41.47441167" lon="2.30627667"><ele>-8.0</ele><time>2025-11-15T11:05:28.725Z</time></trkpt><trkpt lat="41.47444667" lon="2.306215"><ele>-6.0</ele><time>2025-11-15T11:05:29.724Z</time></trkpt><trkpt lat="41.47444333" lon="2.30619"><ele>-5.0</ele><time>2025-11-15T11:05:30.725Z</time></trkpt><trkpt lat="41.47444333" lon="2.306225"><ele>-3.0</ele><time>2025-11-15T11:05:31.724Z</time></trkpt><trkpt lat="41.47443167" lon="2.30623333"><ele>-1.0</ele><time>2025-11-15T11:05:32.725Z</time></trkpt><trkpt lat="41.47442333" lon="2.30621667"><ele>0.0</ele><time>2025-11-15T11:05:33.724Z</time></trkpt><trkpt lat="41.47440333" lon="2.306215"><ele>0.0</ele><time>2025-11-15T11:05:34.725Z</time></trkpt><trkpt lat="41.47439667" lon="2.30619667"><ele>0.0</ele><time>2025-11-15T11:05:35.724Z</time></trkpt><trkpt lat="41.47439167" lon="2.30616333"><ele>1.0</ele><time>2025-11-15T11:05:36.725Z</time></trkpt><trkpt lat="41.4744" lon="2.30612667"><ele>2.0</ele><time>2025-11-15T11:05:37.725Z</time></trkpt><trkpt lat="41.47437833" lon="2.30610333"><ele>3.0</ele><time>2025-11-15T11:05:38.724Z</time></trkpt><trkpt lat="41.47437667" lon="2.30607167"><ele>4.0</ele><time>2025-11-15T11:05:39.725Z</time></trkpt><trkpt lat="41.47436833" lon="2.30606667"><ele>4.0</ele><time>2025-11-15T11:05:40.724Z</time></trkpt><trkpt lat="41.47437167" lon="2.30605167"><ele>4.0</ele><time>2025-11-15T11:05:41.725Z</time></trkpt><trkpt lat="41.474375" lon="2.30603"><ele>5.0</ele><time>2025-11-15T11:05:42.724Z</time></trkpt><trkpt lat="41.47438333" lon="2.30599167"><ele>5.0</ele><time>2025-11-15T11:05:44.724Z</time></trkpt><trkpt lat="41.47439" lon="2.30596"><ele>5.0</ele><time>2025-11-15T11:05:45.724Z</time></trkpt><trkpt lat="41.47439667" lon="2.30591833"><ele>5.0</ele><time>2025-11-15T11:05:46.724Z</time></trkpt><trkpt lat="41.4744" lon="2.30592"><ele>5.0</ele><time>2025-11-15T11:05:47.724Z</time></trkpt><trkpt lat="41.47439667" lon="2.30591"><ele>6.0</ele><time>2025-11-15T11:05:48.724Z</time></trkpt><trkpt lat="41.474385" lon="2.30591333"><ele>6.0</ele><time>2025-11-15T11:05:49.724Z</time></trkpt><trkpt lat="41.47437667" lon="2.30591167"><ele>6.0</ele><time>2025-11-15T11:05:50.725Z</time></trkpt><trkpt lat="41.47437167" lon="2.30590833"><ele>6.0</ele><time>2025-11-15T11:05:51.724Z</time></trkpt><trkpt lat="41.47435" lon="2.30594833"><ele>6.0</ele><time>2025-11-15T11:05:52.725Z</time></trkpt><trkpt lat="41.47434" lon="2.30595333"><ele>6.0</ele><time>2025-11-15T11:05:53.724Z</time></trkpt><trkpt lat="41.47432" lon="2.30598667"><ele>5.0</ele><time>2025-11-15T11:05:54.725Z</time></trkpt><trkpt lat="41.47431" lon="2.30599167"><ele>5.0</ele><time>2025-11-15T11:05:55.724Z</time></trkpt><trkpt lat="41.47429333" lon="2.30603333"><ele>5.0</ele><time>2025-11-15T11:05:56.725Z</time></trkpt><trkpt lat="41.47428167" lon="2.30603833"><ele>4.0</ele><time>2025-11-15T11:05:57.725Z</time></trkpt><trkpt lat="41.47426333" lon="2.30605333"><ele>4.0</ele><time>2025-11-15T11:05:58.724Z</time></trkpt><trkpt lat="41.47424833" lon="2.30605833"><ele>4.0</ele><time>2025-11-15T11:05:59.725Z</time></trkpt><trkpt lat="41.47424833" lon="2.30606333"><ele>3.0</ele><time>2025-11-15T11:06:00.724Z</time></trkpt><trkpt lat="41.47424167" lon="2.30605667"><ele>3.0</ele><time>2025-11-15T11:06:01.725Z</time></trkpt><trkpt lat="41.47423333" lon="2.30604833"><ele>3.0</ele><time>2025-11-15T11:06:02.724Z</time></trkpt><trkpt lat="41.47424" lon="2.30605167"><ele>3.0</ele><time>2025-11-15T11:06:03.725Z</time></trkpt><trkpt lat="41.474235" lon="2.306045"><ele>2.0</ele><time>2025-11-15T11:06:04.724Z</time></trkpt><trkpt lat="41.47423" lon="2.30608"><ele>2.0</ele><time>2025-11-15T11:06:05.725Z</time></trkpt><trkpt lat="41.47422167" lon="2.30607667"><ele>1.0</ele><time>2025-11-15T11:06:06.724Z</time></trkpt><trkpt lat="41.47422333" lon="2.30609167"><ele>1.0</ele><time>2025-11-15T11:06:07.725Z</time></trkpt><trkpt lat="41.47421667" lon="2.30608333"><ele>1.0</ele><time>2025-11-15T11:06:08.724Z</time></trkpt><trkpt lat="41.47421833" lon="2.30610667"><ele>0.0</ele><time>2025-11-15T11:06:09.725Z</time></trkpt><trkpt lat="41.47420667" lon="2.30610667"><ele>0.0</ele><time>2025-11-15T11:06:10.725Z</time></trkpt><trkpt lat="41.47419833" lon="2.30606667"><ele>0.0</ele><time>2025-11-15T11:06:11.724Z</time></trkpt><trkpt lat="41.47419" lon="2.30605833"><ele>0.0</ele><time>2025-11-15T11:06:12.725Z</time></trkpt><trkpt lat="41.474185" lon="2.30606167"><ele>0.0</ele><time>2025-11-15T11:06:13.724Z</time></trkpt><trkpt lat="41.474175" lon="2.30605667"><ele>0.0</ele><time>2025-11-15T11:06:14.724Z</time></trkpt><trkpt lat="41.47419833" lon="2.30606167"><ele>-2.0</ele><time>2025-11-15T11:06:15.724Z</time></trkpt><trkpt lat="41.47419833" lon="2.30606"><ele>-1.0</ele><time>2025-11-15T11:06:16.725Z</time></trkpt><trkpt lat="41.474195" lon="2.30605167"><ele>-1.0</ele><time>2025-11-15T11:06:17.724Z</time></trkpt><trkpt lat="41.47418667" lon="2.30603667"><ele>-3.0</ele><time>2025-11-15T11:06:18.725Z</time></trkpt><trkpt lat="41.474205" lon="2.30606167"><ele>-2.0</ele><time>2025-11-15T11:06:19.725Z</time></trkpt><trkpt lat="41.47421667" lon="2.306075"><ele>-2.0</ele><time>2025-11-15T11:06:20.725Z</time></trkpt><trkpt lat="41.47423167" lon="2.30608667"><ele>-2.0</ele><time>2025-11-15T11:06:21.725Z</time></trkpt><trkpt lat="41.47423833" lon="2.30610667"><ele>-3.0</ele><time>2025-11-15T11:06:22.724Z</time></trkpt><trkpt lat="41.47423333" lon="2.30614333"><ele>-3.0</ele><time>2025-11-15T11:06:23.724Z</time></trkpt><trkpt lat="41.47423667" lon="2.30615167"><ele>-3.0</ele><time>2025-11-15T11:06:24.724Z</time></trkpt><trkpt lat="41.47423833" lon="2.306165"><ele>-3.0</ele><time>2025-11-15T11:06:25.725Z</time></trkpt><trkpt lat="41.47424333" lon="2.30616833"><ele>-3.0</ele><time>2025-11-15T11:06:26.724Z</time></trkpt><trkpt lat="41.47425" lon="2.30617333"><ele>-3.0</ele><time>2025-11-15T11:06:27.725Z</time></trkpt><trkpt lat="41.474255" lon="2.30617667"><ele>-4.0</ele><time>2025-11-15T11:06:28.724Z</time></trkpt><trkpt lat="41.47425333" lon="2.30619"><ele>-4.0</ele><time>2025-11-15T11:06:29.724Z</time></trkpt><trkpt lat="41.47425833" lon="2.3062"><ele>-4.0</ele><time>2025-11-15T11:06:30.725Z</time></trkpt><trkpt lat="41.47425833" lon="2.3062"><ele>-5.0</ele><time>2025-11-15T11:06:31.725Z</time></trkpt><trkpt lat="41.47425667" lon="2.306205"><ele>-5.0</ele><time>2025-11-15T11:06:32.724Z</time></trkpt><trkpt lat="41.474255" lon="2.30621"><ele>-5.0</ele><time>2025-11-15T11:06:33.725Z</time></trkpt><trkpt lat="41.47425167" lon="2.30622167"><ele>-5.0</ele><time>2025-11-15T11:06:34.724Z</time></trkpt><trkpt lat="41.474175" lon="2.30633333"><ele>-6.0</ele><time>2025-11-15T11:06:56.725Z</time></trkpt><trkpt lat="41.4742" lon="2.30640833"><ele>-6.0</ele><time>2025-11-15T11:06:57.724Z</time></trkpt><trkpt lat="41.47420167" lon="2.30635833"><ele>-7.0</ele><time>2025-11-15T11:06:58.724Z</time></trkpt><trkpt lat="41.47421833" lon="2.30633"><ele>-7.0</ele><time>2025-11-15T11:06:59.724Z</time></trkpt><trkpt lat="41.47423667" lon="2.306315"><ele>-7.0</ele><time>2025-11-15T11:07:00.724Z</time></trkpt><trkpt lat="41.47423167" lon="2.30632167"><ele>-7.0</ele><time>2025-11-15T11:07:01.724Z</time></trkpt><trkpt lat="41.47422167" lon="2.30633667"><ele>-7.0</ele><time>2025-11-15T11:07:02.725Z</time></trkpt><trkpt lat="41.47422167" lon="2.30633667"><ele>-7.0</ele><time>2025-11-15T11:07:03.725Z</time></trkpt><trkpt lat="41.47422167" lon="2.306335"><ele>-7.0</ele><time>2025-11-15T11:07:04.724Z</time></trkpt><trkpt lat="41.47422167" lon="2.30633167"><ele>-9.0</ele><time>2025-11-15T11:07:05.725Z</time></trkpt><trkpt lat="41.47423167" lon="2.306345"><ele>-9.0</ele><time>2025-11-15T11:07:06.724Z</time></trkpt><trkpt lat="41.47423167" lon="2.306355"><ele>-9.0</ele><time>2025-11-15T11:07:07.725Z</time></trkpt><trkpt lat="41.47423833" lon="2.306365"><ele>-9.0</ele><time>2025-11-15T11:07:08.724Z</time></trkpt><trkpt lat="41.47424" lon="2.30637"><ele>-7.0</ele><time>2025-11-15T11:07:09.725Z</time></trkpt><trkpt lat="41.47424167" lon="2.30637167"><ele>-7.0</ele><time>2025-11-15T11:07:10.724Z</time></trkpt><trkpt lat="41.47425" lon="2.30637167"><ele>-7.0</ele><time>2025-11-15T11:07:11.725Z</time></trkpt><trkpt lat="41.47425333" lon="2.30637667"><ele>-7.0</ele><time>2025-11-15T11:07:12.724Z</time></trkpt><trkpt lat="41.47425333" lon="2.30638"><ele>-7.0</ele><time>2025-11-15T11:07:13.724Z</time></trkpt><trkpt lat="41.47425333" lon="2.30634833"><ele>-7.0</ele><time>2025-11-15T11:07:14.725Z</time></trkpt><trkpt lat="41.47425833" lon="2.30633833"><ele>-7.0</ele><time>2025-11-15T11:07:15.724Z</time></trkpt><trkpt lat="41.47426667" lon="2.30633167"><ele>-7.0</ele><time>2025-11-15T11:07:16.724Z</time></trkpt><trkpt lat="41.47427" lon="2.30633"><ele>-7.0</ele><time>2025-11-15T11:07:17.724Z</time></trkpt><trkpt lat="41.474275" lon="2.30633"><ele>-7.0</ele><time>2025-11-15T11:07:18.725Z</time></trkpt><trkpt lat="41.47427833" lon="2.30632667"><ele>-7.0</ele><time>2025-11-15T11:07:19.724Z</time></trkpt><trkpt lat="41.47428333" lon="2.30632333"><ele>-7.0</ele><time>2025-11-15T11:07:20.724Z</time></trkpt><trkpt lat="41.474285" lon="2.30631667"><ele>-7.0</ele><time>2025-11-15T11:07:21.724Z</time></trkpt><trkpt lat="41.47428833" lon="2.306315"><ele>-7.0</ele><time>2025-11-15T11:07:22.725Z</time></trkpt><trkpt lat="41.47428667" lon="2.30630833"><ele>-7.0</ele><time>2025-11-15T11:07:23.725Z</time></trkpt><trkpt lat="41.47427833" lon="2.30629"><ele>-7.0</ele><time>2025-11-15T11:07:24.724Z</time></trkpt><trkpt lat="41.47428" lon="2.30628"><ele>-7.0</ele><time>2025-11-15T11:07:25.725Z</time></trkpt><trkpt lat="41.47428833" lon="2.30626833"><ele>-7.0</ele><time>2025-11-15T11:07:26.724Z</time></trkpt><trkpt lat="41.474295" lon="2.306265"><ele>-7.0</ele><time>2025-11-15T11:07:27.725Z</time></trkpt><trkpt lat="41.47429667" lon="2.30626833"><ele>-7.0</ele><time>2025-11-15T11:07:28.725Z</time></trkpt><trkpt lat="41.47429333" lon="2.306275"><ele>-7.0</ele><time>2025-11-15T11:07:29.724Z</time></trkpt><trkpt lat="41.474295" lon="2.30629333"><ele>-7.0</ele><time>2025-11-15T11:07:30.725Z</time></trkpt><trkpt lat="41.47429167" lon="2.30628667"><ele>-9.0</ele><time>2025-11-15T11:07:31.724Z</time></trkpt><trkpt lat="41.474295" lon="2.30629167"><ele>-7.0</ele><time>2025-11-15T11:07:32.725Z</time></trkpt><trkpt lat="41.474295" lon="2.30629333"><ele>-7.0</ele><time>2025-11-15T11:07:33.724Z</time></trkpt><trkpt lat="41.47429333" lon="2.30629333"><ele>-7.0</ele><time>2025-11-15T11:07:34.724Z</time></trkpt><trkpt lat="41.4743" lon="2.30629167"><ele>-7.0</ele><time>2025-11-15T11:07:35.724Z</time></trkpt><trkpt lat="41.474295" lon="2.30629"><ele>-7.0</ele><time>2025-11-15T11:07:36.724Z</time></trkpt><trkpt lat="41.47429" lon="2.30629167"><ele>-8.0</ele><time>2025-11-15T11:07:37.725Z</time></trkpt><trkpt lat="41.47432333" lon="2.306245"><ele>-6.0</ele><time>2025-11-15T11:07:41.725Z</time></trkpt><trkpt lat="41.47433833" lon="2.30622333"><ele>-6.0</ele><time>2025-11-15T11:07:42.724Z</time></trkpt><trkpt lat="41.47435167" lon="2.30620333"><ele>-5.0</ele><time>2025-11-15T11:07:43.725Z</time></trkpt><trkpt lat="41.474375" lon="2.30617667"><ele>-5.0</ele><time>2025-11-15T11:07:44.724Z</time></trkpt><trkpt lat="41.474395" lon="2.306155"><ele>-5.0</ele><time>2025-11-15T11:07:45.724Z</time></trkpt><trkpt lat="41.47440333" lon="2.30615"><ele>-5.0</ele><time>2025-11-15T11:07:46.724Z</time></trkpt><trkpt lat="41.47440667" lon="2.30614833"><ele>-5.0</ele><time>2025-11-15T11:07:47.724Z</time></trkpt><trkpt lat="41.47441667" lon="2.30616333"><ele>-4.0</ele><time>2025-11-15T11:07:48.725Z</time></trkpt><trkpt lat="41.47441667" lon="2.30618"><ele>-4.0</ele><time>2025-11-15T11:07:49.724Z</time></trkpt><trkpt lat="41.47441833" lon="2.30619333"><ele>-4.0</ele><time>2025-11-15T11:07:50.724Z</time></trkpt><trkpt lat="41.474415" lon="2.30621333"><ele>-4.0</ele><time>2025-11-15T11:07:51.725Z</time></trkpt><trkpt lat="41.47439667" lon="2.30620167"><ele>-3.0</ele><time>2025-11-15T11:07:52.725Z</time></trkpt><trkpt lat="41.47436833" lon="2.306175"><ele>-3.0</ele><time>2025-11-15T11:07:53.724Z</time></trkpt><trkpt lat="41.47435833" lon="2.30616667"><ele>-3.0</ele><time>2025-11-15T11:07:54.725Z</time></trkpt><trkpt lat="41.47435" lon="2.30615667"><ele>-3.0</ele><time>2025-11-15T11:07:55.725Z</time></trkpt><trkpt lat="41.47433" lon="2.306095"><ele>-3.0</ele><time>2025-11-15T11:07:56.725Z</time></trkpt><trkpt lat="41.47429667" lon="2.30603333"><ele>-3.0</ele><time>2025-11-15T11:07:57.724Z</time></trkpt><trkpt lat="41.474265" lon="2.30598"><ele>-3.0</ele><time>2025-11-15T11:07:58.725Z</time></trkpt><trkpt lat="41.47442667" lon="2.30621667"><ele>-5.0</ele><time>2025-11-15T11:08:13.725Z</time></trkpt><trkpt lat="41.474415" lon="2.306285"><ele>-4.0</ele><time>2025-11-15T11:08:14.725Z</time></trkpt><trkpt lat="41.47437" lon="2.30624667"><ele>-4.0</ele><time>2025-11-15T11:08:15.724Z</time></trkpt><trkpt lat="41.474355" lon="2.30630333"><ele>-4.0</ele><time>2025-11-15T11:08:16.725Z</time></trkpt><trkpt lat="41.47433667" lon="2.30631333"><ele>-4.0</ele><time>2025-11-15T11:08:17.724Z</time></trkpt><trkpt lat="41.474325" lon="2.30635333"><ele>-6.0</ele><time>2025-11-15T11:08:18.724Z</time></trkpt><trkpt lat="41.47431333" lon="2.30627"><ele>-5.0</ele><time>2025-11-15T11:08:19.724Z</time></trkpt><trkpt lat="41.47429667" lon="2.30626833"><ele>-5.0</ele><time>2025-11-15T11:08:20.725Z</time></trkpt><trkpt lat="41.47428167" lon="2.30625833"><ele>-6.0</ele><time>2025-11-15T11:08:21.725Z</time></trkpt><trkpt lat="41.47426333" lon="2.30624667"><ele>-6.0</ele><time>2025-11-15T11:08:22.724Z</time></trkpt><trkpt lat="41.47425333" lon="2.30623"><ele>-6.0</ele><time>2025-11-15T11:08:23.725Z</time></trkpt><trkpt lat="41.47426167" lon="2.306175"><ele>-6.0</ele><time>2025-11-15T11:08:24.724Z</time></trkpt><trkpt lat="41.47425667" lon="2.30614667"><ele>-7.0</ele><time>2025-11-15T11:08:25.725Z</time></trkpt><trkpt lat="41.47428333" lon="2.30612833"><ele>-7.0</ele><time>2025-11-15T11:08:26.724Z</time></trkpt><trkpt lat="41.47429" lon="2.30611"><ele>-7.0</ele><time>2025-11-15T11:08:27.725Z</time></trkpt><trkpt lat="41.47429167" lon="2.30609"><ele>-7.0</ele><time>2025-11-15T11:08:28.724Z</time></trkpt><trkpt lat="41.47429667" lon="2.30606833"><ele>-7.0</ele><time>2025-11-15T11:08:29.725Z</time></trkpt><trkpt lat="41.47430167" lon="2.306035"><ele>-8.0</ele><time>2025-11-15T11:08:30.724Z</time></trkpt><trkpt lat="41.47432" lon="2.30601667"><ele>-8.0</ele><time>2025-11-15T11:08:31.725Z</time></trkpt><trkpt lat="41.47434167" lon="2.30603"><ele>-8.0</ele><time>2025-11-15T11:08:32.725Z</time></trkpt><trkpt lat="41.474345" lon="2.306025"><ele>-8.0</ele><time>2025-11-15T11:08:33.725Z</time></trkpt><trkpt lat="41.47434667" lon="2.30602667"><ele>-8.0</ele><time>2025-11-15T11:08:34.724Z</time></trkpt><trkpt lat="41.47424" lon="2.30637667"><ele>-8.0</ele><time>2025-11-15T11:08:47.724Z</time></trkpt><trkpt lat="41.47423333" lon="2.3063"><ele>-10.0</ele><time>2025-11-15T11:08:48.725Z</time></trkpt><trkpt lat="41.47428833" lon="2.306235"><ele>-8.0</ele><time>2025-11-15T11:08:49.724Z</time></trkpt><trkpt lat="41.47427" lon="2.30622833"><ele>-8.0</ele><time>2025-11-15T11:08:50.725Z</time></trkpt><trkpt lat="41.47427333" lon="2.30621833"><ele>-8.0</ele><time>2025-11-15T11:08:51.725Z</time></trkpt><trkpt lat="41.47426" lon="2.3062"><ele>-8.0</ele><time>2025-11-15T11:08:52.724Z</time></trkpt><trkpt lat="41.47425667" lon="2.30619833"><ele>-8.0</ele><time>2025-11-15T11:08:53.725Z</time></trkpt><trkpt lat="41.47424667" lon="2.30619"><ele>-8.0</ele><time>2025-11-15T11:08:54.724Z</time></trkpt><trkpt lat="41.47423333" lon="2.306185"><ele>-8.0</ele><time>2025-11-15T11:08:55.725Z</time></trkpt><trkpt lat="41.47414" lon="2.30623167"><ele>-8.0</ele><time>2025-11-15T11:09:03.725Z</time></trkpt><trkpt lat="41.474175" lon="2.30625667"><ele>-8.0</ele><time>2025-11-15T11:09:04.724Z</time></trkpt><trkpt lat="41.47417333" lon="2.30625833"><ele>-8.0</ele><time>2025-11-15T11:09:05.724Z</time></trkpt><trkpt lat="41.47432667" lon="2.30646"><ele>-8.0</ele><time>2025-11-15T11:11:35.724Z</time></trkpt><trkpt lat="41.47421333" lon="2.30649667"><ele>-10.0</ele><time>2025-11-15T11:11:36.725Z</time></trkpt><trkpt lat="41.47430667" lon="2.30652"><ele>-9.0</ele><time>2025-11-15T11:11:37.724Z</time></trkpt><trkpt lat="41.47429667" lon="2.30648333"><ele>-9.0</ele><time>2025-11-15T11:11:38.725Z</time></trkpt><trkpt lat="41.47426833" lon="2.30674333"><ele>-9.0</ele><time>2025-11-15T11:11:39.725Z</time></trkpt><trkpt lat="41.474275" lon="2.306695"><ele>-9.0</ele><time>2025-11-15T11:11:40.725Z</time></trkpt><trkpt lat="41.47427833" lon="2.30668167"><ele>-9.0</ele><time>2025-11-15T11:11:41.724Z</time></trkpt><trkpt lat="41.47428333" lon="2.30667667"><ele>-11.0</ele><time>2025-11-15T11:11:42.724Z</time></trkpt><trkpt lat="41.47428" lon="2.30666167"><ele>-10.0</ele><time>2025-11-15T11:11:43.724Z</time></trkpt><trkpt lat="41.47429167" lon="2.30666167"><ele>-10.0</ele><time>2025-11-15T11:11:44.724Z</time></trkpt><trkpt lat="41.47454667" lon="2.30649167"><ele>-10.0</ele><time>2025-11-15T11:12:44.724Z</time></trkpt><trkpt lat="41.47467167" lon="2.306555"><ele>-10.0</ele><time>2025-11-15T11:12:45.725Z</time></trkpt><trkpt lat="41.47471" lon="2.30656833"><ele>-10.0</ele><time>2025-11-15T11:12:46.724Z</time></trkpt><trkpt lat="41.47475333" lon="2.30657333"><ele>-10.0</ele><time>2025-11-15T11:12:47.724Z</time></trkpt><trkpt lat="41.47479167" lon="2.30657833"><ele>-9.0</ele><time>2025-11-15T11:12:48.724Z</time></trkpt><trkpt lat="41.47497" lon="2.30647667"><ele>-9.0</ele><time>2025-11-15T11:13:25.724Z</time></trkpt><trkpt lat="41.47499667" lon="2.306495"><ele>-9.0</ele><time>2025-11-15T11:13:26.724Z</time></trkpt><trkpt lat="41.47503333" lon="2.30654"><ele>-9.0</ele><time>2025-11-15T11:13:27.724Z</time></trkpt><trkpt lat="41.47504333" lon="2.30654167"><ele>-9.0</ele><time>2025-11-15T11:13:28.724Z</time></trkpt><trkpt lat="41.475075" lon="2.30658667"><ele>-8.0</ele><time>2025-11-15T11:13:29.724Z</time></trkpt><trkpt lat="41.47509167" lon="2.30658667"><ele>-8.0</ele><time>2025-11-15T11:13:30.725Z</time></trkpt><trkpt lat="41.47527333" lon="2.30662"><ele>-7.0</ele><time>2025-11-15T11:13:49.724Z</time></trkpt><trkpt lat="41.475275" lon="2.30662167"><ele>-7.0</ele><time>2025-11-15T11:13:50.725Z</time></trkpt><trkpt lat="41.475265" lon="2.30664333"><ele>-7.0</ele><time>2025-11-15T11:13:51.725Z</time></trkpt><trkpt lat="41.47528167" lon="2.306655"><ele>-7.0</ele><time>2025-11-15T11:13:52.724Z</time></trkpt><trkpt lat="41.47528167" lon="2.30666167"><ele>-6.0</ele><time>2025-11-15T11:13:53.724Z</time></trkpt><trkpt lat="41.47529833" lon="2.30667"><ele>-6.0</ele><time>2025-11-15T11:13:54.725Z</time></trkpt><trkpt lat="41.47530333" lon="2.30667167"><ele>-6.0</ele><time>2025-11-15T11:13:55.725Z</time></trkpt><trkpt lat="41.47531333" lon="2.30667667"><ele>-6.0</ele><time>2025-11-15T11:13:56.725Z</time></trkpt><trkpt lat="41.47532667" lon="2.30667833"><ele>-6.0</ele><time>2025-11-15T11:13:57.725Z</time></trkpt><trkpt lat="41.47533667" lon="2.30668333"><ele>-5.0</ele><time>2025-11-15T11:13:58.725Z</time></trkpt><trkpt lat="41.475335" lon="2.30669167"><ele>-5.0</ele><time>2025-11-15T11:13:59.725Z</time></trkpt><trkpt lat="41.47533833" lon="2.30669667"><ele>-5.0</ele><time>2025-11-15T11:14:00.725Z</time></trkpt><trkpt lat="41.47531833" lon="2.30672"><ele>-4.0</ele><time>2025-11-15T11:14:01.725Z</time></trkpt><trkpt lat="41.47531833" lon="2.30673167"><ele>-4.0</ele><time>2025-11-15T11:14:02.725Z</time></trkpt><trkpt lat="41.475325" lon="2.30674167"><ele>-4.0</ele><time>2025-11-15T11:14:03.724Z</time></trkpt><trkpt lat="41.47533167" lon="2.30675"><ele>-4.0</ele><time>2025-11-15T11:14:04.724Z</time></trkpt><trkpt lat="41.47534167" lon="2.30675667"><ele>-5.0</ele><time>2025-11-15T11:14:05.725Z</time></trkpt><trkpt lat="41.475345" lon="2.30676167"><ele>-3.0</ele><time>2025-11-15T11:14:06.725Z</time></trkpt><trkpt lat="41.47535333" lon="2.30677833"><ele>-3.0</ele><time>2025-11-15T11:14:07.724Z</time></trkpt><trkpt lat="41.47536" lon="2.30679"><ele>-2.0</ele><time>2025-11-15T11:14:08.725Z</time></trkpt><trkpt lat="41.47536833" lon="2.30681167"><ele>-2.0</ele><time>2025-11-15T11:14:09.725Z</time></trkpt><trkpt lat="41.47538167" lon="2.30682333"><ele>-2.0</ele><time>2025-11-15T11:14:10.724Z</time></trkpt><trkpt lat="41.47538667" lon="2.306825"><ele>-2.0</ele><time>2025-11-15T11:14:11.724Z</time></trkpt><trkpt lat="41.47539667" lon="2.306835"><ele>-1.0</ele><time>2025-11-15T11:14:12.724Z</time></trkpt><trkpt lat="41.47538333" lon="2.30683833"><ele>-1.0</ele><time>2025-11-15T11:14:13.724Z</time></trkpt><trkpt lat="41.47539167" lon="2.30684667"><ele>-1.0</ele><time>2025-11-15T11:14:14.724Z</time></trkpt><trkpt lat="41.47539667" lon="2.30684333"><ele>-1.0</ele><time>2025-11-15T11:14:15.724Z</time></trkpt><trkpt lat="41.4754" lon="2.30684833"><ele>-2.0</ele><time>2025-11-15T11:14:16.725Z</time></trkpt><trkpt lat="41.475405" lon="2.30684833"><ele>0.0</ele><time>2025-11-15T11:14:17.724Z</time></trkpt><trkpt lat="41.47541167" lon="2.30684833"><ele>0.0</ele><time>2025-11-15T11:14:18.724Z</time></trkpt><trkpt lat="41.47541333" lon="2.306845"><ele>0.0</ele><time>2025-11-15T11:14:19.724Z</time></trkpt><trkpt lat="41.47541333" lon="2.306835"><ele>0.0</ele><time>2025-11-15T11:14:20.724Z</time></trkpt><trkpt lat="41.47541667" lon="2.30682333"><ele>0.0</ele><time>2025-11-15T11:14:21.724Z</time></trkpt><trkpt lat="41.475415" lon="2.30682333"><ele>0.0</ele><time>2025-11-15T11:14:22.724Z</time></trkpt><trkpt lat="41.47542" lon="2.30682833"><ele>0.0</ele><time>2025-11-15T11:14:23.724Z</time></trkpt><trkpt lat="41.47543167" lon="2.30683"><ele>0.0</ele><time>2025-11-15T11:14:24.725Z</time></trkpt><trkpt lat="41.47543667" lon="2.30682833"><ele>0.0</ele><time>2025-11-15T11:14:25.724Z</time></trkpt><trkpt lat="41.47544167" lon="2.30682833"><ele>0.0</ele><time>2025-11-15T11:14:26.724Z</time></trkpt><trkpt lat="41.47544" lon="2.30682167"><ele>0.0</ele><time>2025-11-15T11:14:27.724Z</time></trkpt><trkpt lat="41.47544" lon="2.30682667"><ele>0.0</ele><time>2025-11-15T11:14:28.725Z</time></trkpt><trkpt lat="41.47544333" lon="2.30683167"><ele>-1.0</ele><time>2025-11-15T11:14:29.725Z</time></trkpt><trkpt lat="41.475445" lon="2.30685167"><ele>0.0</ele><time>2025-11-15T11:14:30.724Z</time></trkpt><trkpt lat="41.475455" lon="2.306855"><ele>0.0</ele><time>2025-11-15T11:14:31.725Z</time></trkpt><trkpt lat="41.47545833" lon="2.30686167"><ele>0.0</ele><time>2025-11-15T11:14:32.724Z</time></trkpt><trkpt lat="41.47545833" lon="2.30686667"><ele>0.0</ele><time>2025-11-15T11:14:33.724Z</time></trkpt><trkpt lat="41.47546167" lon="2.30687"><ele>0.0</ele><time>2025-11-15T11:14:34.724Z</time></trkpt><trkpt lat="41.47546167" lon="2.30687"><ele>0.0</ele><time>2025-11-15T11:14:35.725Z</time></trkpt><trkpt lat="41.47546833" lon="2.30686833"><ele>0.0</ele><time>2025-11-15T11:14:36.725Z</time></trkpt><trkpt lat="41.475475" lon="2.30686833"><ele>0.0</ele><time>2025-11-15T11:14:37.725Z</time></trkpt><trkpt lat="41.47548667" lon="2.30687"><ele>0.0</ele><time>2025-11-15T11:14:38.725Z</time></trkpt><trkpt lat="41.475495" lon="2.306865"><ele>0.0</ele><time>2025-11-15T11:14:39.725Z</time></trkpt><trkpt lat="41.47550167" lon="2.30686"><ele>0.0</ele><time>2025-11-15T11:14:40.725Z</time></trkpt><trkpt lat="41.47550667" lon="2.30685667"><ele>0.0</ele><time>2025-11-15T11:14:41.724Z</time></trkpt><trkpt lat="41.47551333" lon="2.30685833"><ele>0.0</ele><time>2025-11-15T11:14:42.724Z</time></trkpt><trkpt lat="41.47552167" lon="2.30686667"><ele>0.0</ele><time>2025-11-15T11:14:43.725Z</time></trkpt><trkpt lat="41.47553" lon="2.30687167"><ele>0.0</ele><time>2025-11-15T11:14:44.724Z</time></trkpt><trkpt lat="41.47554" lon="2.306875"><ele>0.0</ele><time>2025-11-15T11:14:45.725Z</time></trkpt><trkpt lat="41.47555167" lon="2.30688167"><ele>0.0</ele><time>2025-11-15T11:14:46.724Z</time></trkpt><trkpt lat="41.47556333" lon="2.30689333"><ele>0.0</ele><time>2025-11-15T11:14:47.724Z</time></trkpt><trkpt lat="41.47557333" lon="2.30690333"><ele>0.0</ele><time>2025-11-15T11:14:48.724Z</time></trkpt><trkpt lat="41.47557333" lon="2.30691167"><ele>0.0</ele><time>2025-11-15T11:14:49.725Z</time></trkpt><trkpt lat="41.475575" lon="2.306915"><ele>-1.0</ele><time>2025-11-15T11:14:50.725Z</time></trkpt><trkpt lat="41.47558" lon="2.306925"><ele>-1.0</ele><time>2025-11-15T11:14:51.724Z</time></trkpt><trkpt lat="41.47558667" lon="2.30693167"><ele>-1.0</ele><time>2025-11-15T11:14:52.725Z</time></trkpt><trkpt lat="41.47559" lon="2.306945"><ele>-1.0</ele><time>2025-11-15T11:14:53.725Z</time></trkpt><trkpt lat="41.47559667" lon="2.30695167"><ele>-1.0</ele><time>2025-11-15T11:14:54.725Z</time></trkpt><trkpt lat="41.47560333" lon="2.30695167"><ele>-1.0</ele><time>2025-11-15T11:14:55.725Z</time></trkpt><trkpt lat="41.47561333" lon="2.30696667"><ele>-2.0</ele><time>2025-11-15T11:14:56.725Z</time></trkpt><trkpt lat="41.47562333" lon="2.306985"><ele>0.0</ele><time>2025-11-15T11:14:57.725Z</time></trkpt><trkpt lat="41.47563" lon="2.30700833"><ele>0.0</ele><time>2025-11-15T11:14:58.724Z</time></trkpt><trkpt lat="41.47563833" lon="2.30701833"><ele>0.0</ele><time>2025-11-15T11:14:59.724Z</time></trkpt><trkpt lat="41.47563667" lon="2.30703333"><ele>0.0</ele><time>2025-11-15T11:15:00.724Z</time></trkpt><trkpt lat="41.47562833" lon="2.30705333"><ele>-1.0</ele><time>2025-11-15T11:15:01.724Z</time></trkpt><trkpt lat="41.47563" lon="2.307065"><ele>-1.0</ele><time>2025-11-15T11:15:02.724Z</time></trkpt><trkpt lat="41.47563333" lon="2.30707333"><ele>-1.0</ele><time>2025-11-15T11:15:03.724Z</time></trkpt><trkpt lat="41.47563667" lon="2.30708667"><ele>-1.0</ele><time>2025-11-15T11:15:04.724Z</time></trkpt><trkpt lat="41.47564167" lon="2.30708833"><ele>-1.0</ele><time>2025-11-15T11:15:05.725Z</time></trkpt><trkpt lat="41.47564667" lon="2.30710333"><ele>-1.0</ele><time>2025-11-15T11:15:06.725Z</time></trkpt><trkpt lat="41.47565333" lon="2.30711333"><ele>0.0</ele><time>2025-11-15T11:15:07.725Z</time></trkpt><trkpt lat="41.47565" lon="2.30713167"><ele>0.0</ele><time>2025-11-15T11:15:08.725Z</time></trkpt></trkseg></trk></gpx>