<?xml version="1.0" encoding="UTF-8"?><gpx xmlns="http://www.topografix.com/GPX/1/1" xmlns:xsi="http://www.w3.org/2001/XMLSchema-instance" version="1.1" creator="Polar Vantage M2" xsi:schemaLocation="http://www.topografix.com/GPX/1/1 http://www.topografix.com/GPX/1/1/gpx.xsd"><metadata><author><name>Polar</name></author><time>2025-11-16T17:07:10.399Z</time><bounds minlat="41.39120833" minlon="2.20456167" maxlat="41.39314167" maxlon="2.20930167"></bounds></metadata><trk><trkseg><trkpt lat="41.39229167" lon="2.205835"><ele>-7.0</ele><time>2025-11-14T11:41:09.472Z</time></trkpt><trkpt lat="41.392285" lon="2.20584"><ele>-7.0</ele><time>2025-11-14T11:41:10.471Z</time></trkpt><trkpt lat="41.39228" lon="2.20584333"><ele>-7.0</ele><time>2025-11-14T11:41:11.471Z</time></trkpt><trkpt lat="41.39227333" lon="2.20584333"><ele>-9.0</ele><time>2025-11-14T11:41:12.471Z</time></trkpt><trkpt lat="41.392265" lon="2.20583833"><ele>-8.0</ele><time>2025-11-14T11:41:13.471Z</time></trkpt><trkpt lat="41.392255" lon="2.205845"><ele>-8.0</ele><time>2025-11-14T11:41:14.471Z</time></trkpt><trkpt lat="41.39224667" lon="2.20585167"><ele>-8.0</ele><time>2025-11-14T11:41:15.471Z</time></trkpt><trkpt lat="41.39191833" lon="2.20586"><ele>-9.0</ele><time>2025-11-14T11:42:03.472Z</time></trkpt><trkpt lat="41.39206833" lon="2.20599833"><ele>-9.0</ele><time>2025-11-14T11:42:04.471Z</time></trkpt><trkpt lat="41.39197833" lon="2.20596833"><ele>-9.0</ele><time>2025-11-14T11:42:05.471Z</time></trkpt><trkpt lat="41.39197167" lon="2.20598"><ele>-9.0</ele><time>2025-11-14T11:42:06.471Z</time></trkpt><trkpt lat="41.39197833" lon="2.20600333"><ele>-9.0</ele><time>2025-11-14T11:42:07.471Z</time></trkpt><trkpt lat="41.39197333" lon="2.20603333"><ele>-9.0</ele><time>2025-11-14T11:42:08.471Z</time></trkpt><trkpt lat="41.391965" lon="2.20606"><ele>-9.0</ele><time>2025-11-14T11:42:09.471Z</time></trkpt><trkpt lat="41.391975" lon="2.20608333"><ele>-11.0</ele><time>2025-11-14T11:42:10.472Z</time></trkpt><trkpt lat="41.39199" lon="2.20611167"><ele>-10.0</ele><time>2025-11-14T11:42:11.472Z</time></trkpt><trkpt lat="41.39199333" lon="2.206125"><ele>-10.0</ele><time>2025-11-14T11:42:12.471Z</time></trkpt><trkpt lat="41.39201167" lon="2.20613667"><ele>-11.0</ele><time>2025-11-14T11:42:13.471Z</time></trkpt><trkpt lat="41.39202833" lon="2.206145"><ele>-11.0</ele><time>2025-11-14T11:42:14.471Z</time></trkpt><trkpt lat="41.39203" lon="2.206155"><ele>-11.0</ele><time>2025-11-14T11:42:15.471Z</time></trkpt><trkpt lat="41.39203833" lon="2.206175"><ele>-11.0</ele><time>2025-11-14T11:42:16.471Z</time></trkpt><trkpt lat="41.39204333" lon="2.20618"><ele>-10.0</ele><time>2025-11-14T11:42:17.471Z</time></trkpt><trkpt lat="41.39205667" lon="2.206195"><ele>-10.0</ele><time>2025-11-14T11:42:18.472Z</time></trkpt><trkpt lat="41.39206833" lon="2.20620333"><ele>-10.0</ele><time>2025-11-14T11:42:19.471Z</time></trkpt><trkpt lat="41.39208" lon="2.20620333"><ele>-10.0</ele><time>2025-11-14T11:42:20.471Z</time></trkpt><trkpt lat="41.392095" lon="2.20621333"><ele>-11.0</ele><time>2025-11-14T11:42:21.471Z</time></trkpt><trkpt lat="41.39201333" lon="2.206175"><ele>-10.0</ele><time>2025-11-14T11:42:44.471Z</time></trkpt><trkpt lat="41.39200333" lon="2.20613833"><ele>-10.0</ele><time>2025-11-14T11:42:45.472Z</time></trkpt><trkpt lat="41.39201167" lon="2.20614333"><ele>-10.0</ele><time>2025-11-14T11:42:46.472Z</time></trkpt><trkpt lat="41.39200333" lon="2.206165"><ele>-9.0</ele><time>2025-11-14T11:42:47.471Z</time></trkpt><trkpt lat="41.39198333" lon="2.20618"><ele>-9.0</ele><time>2025-11-14T11:42:48.472Z</time></trkpt><trkpt lat="41.39195667" lon="2.20621"><ele>-9.0</ele><time>2025-11-14T11:42:49.471Z</time></trkpt><trkpt lat="41.39193167" lon="2.20628333"><ele>-9.0</ele><time>2025-11-14T11:42:51.471Z</time></trkpt><trkpt lat="41.39194667" lon="2.20635833"><ele>-9.0</ele><time>2025-11-14T11:42:52.472Z</time></trkpt><trkpt lat="41.392065" lon="2.20637"><ele>-9.0</ele><time>2025-11-14T11:43:13.472Z</time></trkpt><trkpt lat="41.39204833" lon="2.20635667"><ele>-9.0</ele><time>2025-11-14T11:43:14.472Z</time></trkpt><trkpt lat="41.39205333" lon="2.206345"><ele>-9.0</ele><time>2025-11-14T11:43:15.472Z</time></trkpt><trkpt lat="41.39205833" lon="2.20633167"><ele>-9.0</ele><time>2025-11-14T11:43:16.472Z</time></trkpt><trkpt lat="41.392125" lon="2.20625167"><ele>-9.0</ele><time>2025-11-14T11:43:17.472Z</time></trkpt><trkpt lat="41.39214167" lon="2.20621833"><ele>-9.0</ele><time>2025-11-14T11:43:18.472Z</time></trkpt><trkpt lat="41.39216167" lon="2.20618667"><ele>-9.0</ele><time>2025-11-14T11:43:19.471Z</time></trkpt><trkpt lat="41.39199" lon="2.20621833"><ele>-9.0</ele><time>2025-11-14T11:43:20.472Z</time></trkpt><trkpt lat="41.39193667" lon="2.20624"><ele>-9.0</ele><time>2025-11-14T11:43:21.471Z</time></trkpt><trkpt lat="41.39190667" lon="2.20626167"><ele>-9.0</ele><time>2025-11-14T11:43:22.472Z</time></trkpt><trkpt lat="41.39192167" lon="2.20625667"><ele>-9.0</ele><time>2025-11-14T11:43:23.472Z</time></trkpt><trkpt lat="41.39190833" lon="2.20625167"><ele>-9.0</ele><time>2025-11-14T11:43:24.472Z</time></trkpt><trkpt lat="41.39189333" lon="2.20624833"><ele>-11.0</ele><time>2025-11-14T11:43:25.471Z</time></trkpt><trkpt lat="41.39190333" lon="2.20623667"><ele>-11.0</ele><time>2025-11-14T11:43:26.472Z</time></trkpt><trkpt lat="41.391925" lon="2.20623667"><ele>-10.0</ele><time>2025-11-14T11:43:27.471Z</time></trkpt><trkpt lat="41.391945" lon="2.20624667"><ele>-10.0</ele><time>2025-11-14T11:43:28.472Z</time></trkpt><trkpt lat="41.39195333" lon="2.20623667"><ele>-10.0</ele><time>2025-11-14T11:43:29.472Z</time></trkpt><trkpt lat="41.39196833" lon="2.206225"><ele>-10.0</ele><time>2025-11-14T11:43:30.471Z</time></trkpt><trkpt lat="41.39200333" lon="2.20621667"><ele>-10.0</ele><time>2025-11-14T11:43:31.472Z</time></trkpt><trkpt lat="41.39203167" lon="2.20620667"><ele>-10.0</ele><time>2025-11-14T11:43:32.471Z</time></trkpt><trkpt lat="41.392035" lon="2.20619667"><ele>-10.0</ele><time>2025-11-14T11:43:33.472Z</time></trkpt><trkpt lat="41.39205333" lon="2.20618667"><ele>-10.0</ele><time>2025-11-14T11:43:34.471Z</time></trkpt><trkpt lat="41.392085" lon="2.20618"><ele>-10.0</ele><time>2025-11-14T11:43:36.471Z</time></trkpt><trkpt lat="41.39209" lon="2.20618167"><ele>-10.0</ele><time>2025-11-14T11:43:37.472Z</time></trkpt><trkpt lat="41.39209333" lon="2.206185"><ele>-10.0</ele><time>2025-11-14T11:43:38.471Z</time></trkpt><trkpt lat="41.39210167" lon="2.20618333"><ele>-10.0</ele><time>2025-11-14T11:43:39.472Z</time></trkpt><trkpt lat="41.39188833" lon="2.20631833"><ele>-10.0</ele><time>2025-11-14T11:43:44.472Z</time></trkpt><trkpt lat="41.39187833" lon="2.20633167"><ele>-10.0</ele><time>2025-11-14T11:43:45.471Z</time></trkpt><trkpt lat="41.39120833" lon="2.20725"><ele>-10.0</ele><time>2025-11-14T11:44:20.472Z</time></trkpt><trkpt lat="41.39185" lon="2.20659333"><ele>-10.0</ele><time>2025-11-14T11:44:21.471Z</time></trkpt><trkpt lat="41.39202167" lon="2.20637167"><ele>-10.0</ele><time>2025-11-14T11:44:22.472Z</time></trkpt><trkpt lat="41.39213333" lon="2.20627"><ele>-10.0</ele><time>2025-11-14T11:44:23.472Z</time></trkpt><trkpt lat="41.392155" lon="2.20624"><ele>-10.0</ele><time>2025-11-14T11:44:24.472Z</time></trkpt><trkpt lat="41.39217833" lon="2.20621"><ele>-10.0</ele><time>2025-11-14T11:44:25.472Z</time></trkpt><trkpt lat="41.39217" lon="2.20621"><ele>-10.0</ele><time>2025-11-14T11:44:26.471Z</time></trkpt><trkpt lat="41.39219833" lon="2.20618167"><ele>-10.0</ele><time>2025-11-14T11:44:27.472Z</time></trkpt><trkpt lat="41.39220167" lon="2.20617167"><ele>-10.0</ele><time>2025-11-14T11:44:28.471Z</time></trkpt><trkpt lat="41.392215" lon="2.20613833"><ele>-12.0</ele><time>2025-11-14T11:44:29.472Z</time></trkpt><trkpt lat="41.39221167" lon="2.20611167"><ele>-11.0</ele><time>2025-11-14T11:44:30.471Z</time></trkpt><trkpt lat="41.39221" lon="2.20608167"><ele>-11.0</ele><time>2025-11-14T11:44:31.472Z</time></trkpt><trkpt lat="41.39220833" lon="2.20605667"><ele>-11.0</ele><time>2025-11-14T11:44:32.471Z</time></trkpt><trkpt lat="41.392185" lon="2.20604667"><ele>-11.0</ele><time>2025-11-14T11:44:33.472Z</time></trkpt><trkpt lat="41.39224167" lon="2.205965"><ele>-10.0</ele><time>2025-11-14T11:44:58.471Z</time></trkpt><trkpt lat="41.39224333" lon="2.20597833"><ele>-10.0</ele><time>2025-11-14T11:44:59.472Z</time></trkpt><trkpt lat="41.39226833" lon="2.20597333"><ele>-10.0</ele><time>2025-11-14T11:45:00.472Z</time></trkpt><trkpt lat="41.39228333" lon="2.20598"><ele>-10.0</ele><time>2025-11-14T11:45:01.472Z</time></trkpt><trkpt lat="41.39227" lon="2.20600167"><ele>-10.0</ele><time>2025-11-14T11:45:02.472Z</time></trkpt><trkpt lat="41.39226333" lon="2.20600833"><ele>-10.0</ele><time>2025-11-14T11:45:03.471Z</time></trkpt><trkpt lat="41.392265" lon="2.20601"><ele>-10.0</ele><time>2025-11-14T11:45:04.471Z</time></trkpt><trkpt lat="41.39225667" lon="2.206005"><ele>-10.0</ele><time>2025-11-14T11:45:05.472Z</time></trkpt><trkpt lat="41.39224667" lon="2.206005"><ele>-10.0</ele><time>2025-11-14T11:45:06.472Z</time></trkpt><trkpt lat="41.39224167" lon="2.20601833"><ele>-10.0</ele><time>2025-11-14T11:45:07.472Z</time></trkpt><trkpt lat="41.392235" lon="2.20602667"><ele>-10.0</ele><time>2025-11-14T11:45:08.472Z</time></trkpt><trkpt lat="41.39222667" lon="2.20602833"><ele>-10.0</ele><time>2025-11-14T11:45:09.471Z</time></trkpt><trkpt lat="41.3922" lon="2.20601"><ele>-10.0</ele><time>2025-11-14T11:45:13.471Z</time></trkpt><trkpt lat="41.39219833" lon="2.20600833"><ele>-10.0</ele><time>2025-11-14T11:45:14.472Z</time></trkpt><trkpt lat="41.39219667" lon="2.206005"><ele>-10.0</ele><time>2025-11-14T11:45:15.472Z</time></trkpt><trkpt lat="41.392195" lon="2.20600833"><ele>-10.0</ele><time>2025-11-14T11:45:16.471Z</time></trkpt><trkpt lat="41.39219167" lon="2.20601"><ele>-10.0</ele><time>2025-11-14T11:45:17.472Z</time></trkpt><trkpt lat="41.39219" lon="2.20601333"><ele>-10.0</ele><time>2025-11-14T11:45:18.472Z</time></trkpt><trkpt lat="41.39219" lon="2.20601333"><ele>-10.0</ele><time>2025-11-14T11:45:19.472Z</time></trkpt><trkpt lat="41.392195" lon="2.20602333"><ele>-10.0</ele><time>2025-11-14T11:45:20.471Z</time></trkpt><trkpt lat="41.39220167" lon="2.20601833"><ele>-10.0</ele><time>2025-11-14T11:45:21.472Z</time></trkpt><trkpt lat="41.39219167" lon="2.206025"><ele>-11.0</ele><time>2025-11-14T11:45:22.471Z</time></trkpt><trkpt lat="41.39224833" lon="2.20578667"><ele>-11.0</ele><time>2025-11-14T11:45:47.472Z</time></trkpt><trkpt lat="41.39224667" lon="2.20580833"><ele>-11.0</ele><time>2025-11-14T11:45:48.471Z</time></trkpt><trkpt lat="41.39227667" lon="2.20579167"><ele>-11.0</ele><time>2025-11-14T11:45:49.472Z</time></trkpt><trkpt lat="41.39224333" lon="2.2058"><ele>-11.0</ele><time>2025-11-14T11:45:50.471Z</time></trkpt><trkpt lat="41.39223333" lon="2.20579667"><ele>-11.0</ele><time>2025-11-14T11:45:51.472Z</time></trkpt><trkpt lat="41.392225" lon="2.20579667"><ele>-11.0</ele><time>2025-11-14T11:45:52.472Z</time></trkpt><trkpt lat="41.39221833" lon="2.20579667"><ele>-12.0</ele><time>2025-11-14T11:45:53.471Z</time></trkpt><trkpt lat="41.39221" lon="2.20580333"><ele>-12.0</ele><time>2025-11-14T11:45:54.472Z</time></trkpt><trkpt lat="41.39219667" lon="2.20583167"><ele>-10.0</ele><time>2025-11-14T11:45:55.471Z</time></trkpt><trkpt lat="41.39219667" lon="2.20582833"><ele>-12.0</ele><time>2025-11-14T11:45:56.472Z</time></trkpt><trkpt lat="41.39220333" lon="2.20581667"><ele>-11.0</ele><time>2025-11-14T11:45:57.471Z</time></trkpt><trkpt lat="41.39220833" lon="2.20580667"><ele>-11.0</ele><time>2025-11-14T11:45:58.471Z</time></trkpt><trkpt lat="41.39221" lon="2.20580167"><ele>-11.0</ele><time>2025-11-14T11:45:59.472Z</time></trkpt><trkpt lat="41.392215" lon="2.205795"><ele>-11.0</ele><time>2025-11-14T11:46:01.471Z</time></trkpt><trkpt lat="41.39221667" lon="2.2058"><ele>-11.0</ele><time>2025-11-14T11:46:02.471Z</time></trkpt><trkpt lat="41.39221667" lon="2.2058"><ele>-11.0</ele><time>2025-11-14T11:46:03.472Z</time></trkpt><trkpt lat="41.39219333" lon="2.20584667"><ele>-11.0</ele><time>2025-11-14T11:46:04.472Z</time></trkpt><trkpt lat="41.39219333" lon="2.20585833"><ele>-11.0</ele><time>2025-11-14T11:46:05.471Z</time></trkpt><trkpt lat="41.39211667" lon="2.20586833"><ele>-11.0</ele><time>2025-11-14T11:46:15.471Z</time></trkpt><trkpt lat="41.39212" lon="2.205865"><ele>-10.0</ele><time>2025-11-14T11:46:16.472Z</time></trkpt><trkpt lat="41.39207167" lon="2.205945"><ele>-10.0</ele><time>2025-11-14T11:46:17.472Z</time></trkpt><trkpt lat="41.39207833" lon="2.20594167"><ele>-10.0</ele><time>2025-11-14T11:46:18.472Z</time></trkpt><trkpt lat="41.39212" lon="2.20587667"><ele>-10.0</ele><time>2025-11-14T11:46:19.472Z</time></trkpt><trkpt lat="41.39212667" lon="2.20584333"><ele>-10.0</ele><time>2025-11-14T11:46:20.471Z</time></trkpt><trkpt lat="41.39213167" lon="2.20582833"><ele>-10.0</ele><time>2025-11-14T11:46:21.472Z</time></trkpt><trkpt lat="41.39212667" lon="2.20582333"><ele>-10.0</ele><time>2025-11-14T11:46:22.471Z</time></trkpt><trkpt lat="41.39212" lon="2.20581667"><ele>-10.0</ele><time>2025-11-14T11:46:23.471Z</time></trkpt><trkpt lat="41.39212667" lon="2.20582167"><ele>-10.0</ele><time>2025-11-14T11:46:24.472Z</time></trkpt><trkpt lat="41.39204" lon="2.20579167"><ele>-10.0</ele><time>2025-11-14T11:46:28.471Z</time></trkpt><trkpt lat="41.391995" lon="2.205785"><ele>-10.0</ele><time>2025-11-14T11:46:29.472Z</time></trkpt><trkpt lat="41.39202667" lon="2.20581167"><ele>-10.0</ele><time>2025-11-14T11:46:30.471Z</time></trkpt><trkpt lat="41.39202333" lon="2.20581833"><ele>-10.0</ele><time>2025-11-14T11:46:31.471Z</time></trkpt><trkpt lat="41.392015" lon="2.20582333"><ele>-10.0</ele><time>2025-11-14T11:46:32.471Z</time></trkpt><trkpt lat="41.39200667" lon="2.20582333"><ele>-10.0</ele><time>2025-11-14T11:46:33.472Z</time></trkpt><trkpt lat="41.39198833" lon="2.20583"><ele>-10.0</ele><time>2025-11-14T11:46:34.471Z</time></trkpt><trkpt lat="41.39197333" lon="2.20584667"><ele>-10.0</ele><time>2025-11-14T11:46:35.472Z</time></trkpt><trkpt lat="41.39196667" lon="2.20586"><ele>-10.0</ele><time>2025-11-14T11:46:36.471Z</time></trkpt><trkpt lat="41.39195" lon="2.20588167"><ele>-10.0</ele><time>2025-11-14T11:46:37.472Z</time></trkpt><trkpt lat="41.39197667" lon="2.20589833"><ele>-10.0</ele><time>2025-11-14T11:46:38.471Z</time></trkpt><trkpt lat="41.39198" lon="2.20591333"><ele>-10.0</ele><time>2025-11-14T11:46:39.472Z</time></trkpt><trkpt lat="41.39197333" lon="2.20593"><ele>-10.0</ele><time>2025-11-14T11:46:40.471Z</time></trkpt><trkpt lat="41.39191" lon="2.20590333"><ele>-10.0</ele><time>2025-11-14T11:47:04.471Z</time></trkpt><trkpt lat="41.39191167" lon="2.20592"><ele>-10.0</ele><time>2025-11-14T11:47:05.471Z</time></trkpt><trkpt lat="41.39193833" lon="2.20593333"><ele>-11.0</ele><time>2025-11-14T11:47:06.472Z</time></trkpt><trkpt lat="41.391925" lon="2.20594"><ele>-9.0</ele><time>2025-11-14T11:47:07.472Z</time></trkpt><trkpt lat="41.39195833" lon="2.20595833"><ele>-9.0</ele><time>2025-11-14T11:47:08.472Z</time></trkpt><trkpt lat="41.39197167" lon="2.20596667"><ele>-9.0</ele><time>2025-11-14T11:47:09.471Z</time></trkpt><trkpt lat="41.39195833" lon="2.20597167"><ele>-9.0</ele><time>2025-11-14T11:47:10.472Z</time></trkpt><trkpt lat="41.39193" lon="2.20602167"><ele>-9.0</ele><time>2025-11-14T11:47:11.471Z</time></trkpt><trkpt lat="41.39190333" lon="2.20605667"><ele>-9.0</ele><time>2025-11-14T11:47:12.472Z</time></trkpt><trkpt lat="41.39194167" lon="2.20607833"><ele>-9.0</ele><time>2025-11-14T11:47:13.471Z</time></trkpt><trkpt lat="41.39192167" lon="2.20611667"><ele>-9.0</ele><time>2025-11-14T11:47:14.472Z</time></trkpt><trkpt lat="41.39191667" lon="2.20612667"><ele>-9.0</ele><time>2025-11-14T11:47:15.472Z</time></trkpt><trkpt lat="41.391905" lon="2.20613667"><ele>-9.0</ele><time>2025-11-14T11:47:16.471Z</time></trkpt><trkpt lat="41.39190333" lon="2.20615"><ele>-9.0</ele><time>2025-11-14T11:47:17.472Z</time></trkpt><trkpt lat="41.391905" lon="2.206165"><ele>-9.0</ele><time>2025-11-14T11:47:18.471Z</time></trkpt><trkpt lat="41.39189833" lon="2.20618"><ele>-9.0</ele><time>2025-11-14T11:47:19.472Z</time></trkpt><trkpt lat="41.39190167" lon="2.20619167"><ele>-9.0</ele><time>2025-11-14T11:47:20.472Z</time></trkpt><trkpt lat="41.39190167" lon="2.206205"><ele>-9.0</ele><time>2025-11-14T11:47:21.471Z</time></trkpt><trkpt lat="41.3919" lon="2.20622"><ele>-9.0</ele><time>2025-11-14T11:47:22.472Z</time></trkpt><trkpt lat="41.39189" lon="2.206225"><ele>-9.0</ele><time>2025-11-14T11:47:23.471Z</time></trkpt><trkpt lat="41.391875" lon="2.20623333"><ele>-9.0</ele><time>2025-11-14T11:47:24.472Z</time></trkpt><trkpt lat="41.39186167" lon="2.20624167"><ele>-9.0</ele><time>2025-11-14T11:47:25.472Z</time></trkpt><trkpt lat="41.391845" lon="2.20623833"><ele>-9.0</ele><time>2025-11-14T11:47:26.471Z</time></trkpt><trkpt lat="41.39182833" lon="2.20624167"><ele>-9.0</ele><time>2025-11-14T11:47:27.472Z</time></trkpt><trkpt lat="41.39182167" lon="2.20624333"><ele>-9.0</ele><time>2025-11-14T11:47:28.471Z</time></trkpt><trkpt lat="41.39181333" lon="2.206245"><ele>-10.0</ele><time>2025-11-14T11:47:29.472Z</time></trkpt><trkpt lat="41.39183167" lon="2.20627667"><ele>-10.0</ele><time>2025-11-14T11:47:30.471Z</time></trkpt><trkpt lat="41.39183333" lon="2.20629833"><ele>-10.0</ele><time>2025-11-14T11:47:31.471Z</time></trkpt><trkpt lat="41.39183167" lon="2.20631333"><ele>-10.0</ele><time>2025-11-14T11:47:32.472Z</time></trkpt><trkpt lat="41.39182333" lon="2.206325"><ele>-10.0</ele><time>2025-11-14T11:47:33.471Z</time></trkpt><trkpt lat="41.39180833" lon="2.20634167"><ele>-9.0</ele><time>2025-11-14T11:47:34.472Z</time></trkpt><trkpt lat="41.39180333" lon="2.206355"><ele>-9.0</ele><time>2025-11-14T11:47:35.472Z</time></trkpt><trkpt lat="41.39180667" lon="2.20636"><ele>-9.0</ele><time>2025-11-14T11:47:36.471Z</time></trkpt><trkpt lat="41.39181" lon="2.20635833"><ele>-9.0</ele><time>2025-11-14T11:47:37.472Z</time></trkpt><trkpt lat="41.39180833" lon="2.20637333"><ele>-9.0</ele><time>2025-11-14T11:47:38.471Z</time></trkpt><trkpt lat="41.39180333" lon="2.20635333"><ele>-9.0</ele><time>2025-11-14T11:47:39.472Z</time></trkpt><trkpt lat="41.391795" lon="2.20635"><ele>-9.0</ele><time>2025-11-14T11:47:40.471Z</time></trkpt><trkpt lat="41.391785" lon="2.20635667"><ele>-9.0</ele><time>2025-11-14T11:47:41.472Z</time></trkpt><trkpt lat="41.39177333" lon="2.20636667"><ele>-9.0</ele><time>2025-11-14T11:47:42.471Z</time></trkpt><trkpt lat="41.39176667" lon="2.20637333"><ele>-9.0</ele><time>2025-11-14T11:47:43.472Z</time></trkpt><trkpt lat="41.39175" lon="2.20638833"><ele>-8.0</ele><time>2025-11-14T11:47:44.472Z</time></trkpt><trkpt lat="41.39176" lon="2.206425"><ele>-8.0</ele><time>2025-11-14T11:47:45.471Z</time></trkpt><trkpt lat="41.391775" lon="2.206445"><ele>-8.0</ele><time>2025-11-14T11:47:46.472Z</time></trkpt><trkpt lat="41.39186667" lon="2.20637167"><ele>-8.0</ele><time>2025-11-14T11:48:33.471Z</time></trkpt><trkpt lat="41.39188667" lon="2.206345"><ele>-8.0</ele><time>2025-11-14T11:48:34.472Z</time></trkpt><trkpt lat="41.39188333" lon="2.20639"><ele>-8.0</ele><time>2025-11-14T11:50:05.472Z</time></trkpt><trkpt lat="41.39194" lon="2.206375"><ele>-8.0</ele><time>2025-11-14T11:50:46.472Z</time></trkpt><trkpt lat="41.39193833" lon="2.20638333"><ele>-7.0</ele><time>2025-11-14T11:50:47.471Z</time></trkpt><trkpt lat="41.39193" lon="2.20639"><ele>-7.0</ele><time>2025-11-14T11:50:48.471Z</time></trkpt><trkpt lat="41.39192833" lon="2.206395"><ele>-7.0</ele><time>2025-11-14T11:50:49.471Z</time></trkpt><trkpt lat="41.391925" lon="2.20638667"><ele>-7.0</ele><time>2025-11-14T11:50:50.472Z</time></trkpt><trkpt lat="41.39192333" lon="2.20638167"><ele>-7.0</ele><time>2025-11-14T11:50:51.472Z</time></trkpt><trkpt lat="41.39191833" lon="2.20638"><ele>-8.0</ele><time>2025-11-14T11:50:52.471Z</time></trkpt><trkpt lat="41.39207333" lon="2.20582667"><ele>-7.0</ele><time>2025-11-14T11:51:18.471Z</time></trkpt><trkpt lat="41.39206" lon="2.20584833"><ele>-7.0</ele><time>2025-11-14T11:51:19.472Z</time></trkpt><trkpt lat="41.39209833" lon="2.20593833"><ele>-8.0</ele><time>2025-11-14T11:51:20.471Z</time></trkpt><trkpt lat="41.39205167" lon="2.20598833"><ele>-8.0</ele><time>2025-11-14T11:51:21.472Z</time></trkpt><trkpt lat="41.39208" lon="2.20597333"><ele>-8.0</ele><time>2025-11-14T11:51:22.472Z</time></trkpt><trkpt lat="41.39202667" lon="2.20602833"><ele>-8.0</ele><time>2025-11-14T11:51:23.471Z</time></trkpt><trkpt lat="41.39201833" lon="2.20603667"><ele>-10.0</ele><time>2025-11-14T11:51:24.472Z</time></trkpt><trkpt lat="41.39201333" lon="2.20605333"><ele>-9.0</ele><time>2025-11-14T11:51:25.471Z</time></trkpt><trkpt lat="41.39202667" lon="2.20606"><ele>-9.0</ele><time>2025-11-14T11:51:26.471Z</time></trkpt><trkpt lat="41.39201333" lon="2.20606667"><ele>-9.0</ele><time>2025-11-14T11:51:27.471Z</time></trkpt><trkpt lat="41.39200667" lon="2.20608"><ele>-9.0</ele><time>2025-11-14T11:51:28.471Z</time></trkpt><trkpt lat="41.392" lon="2.20608833"><ele>-10.0</ele><time>2025-11-14T11:51:29.472Z</time></trkpt><trkpt lat="41.39198833" lon="2.20611"><ele>-10.0</ele><time>2025-11-14T11:51:30.471Z</time></trkpt><trkpt lat="41.39197833" lon="2.20613333"><ele>-10.0</ele><time>2025-11-14T11:51:31.472Z</time></trkpt><trkpt lat="41.39197" lon="2.20615167"><ele>-11.0</ele><time>2025-11-14T11:51:32.471Z</time></trkpt><trkpt lat="41.39196167" lon="2.20616833"><ele>-11.0</ele><time>2025-11-14T11:51:33.472Z</time></trkpt><trkpt lat="41.39196167" lon="2.20618167"><ele>-11.0</ele><time>2025-11-14T11:51:34.472Z</time></trkpt><trkpt lat="41.391955" lon="2.20619667"><ele>-12.0</ele><time>2025-11-14T11:51:35.471Z</time></trkpt><trkpt lat="41.39193667" lon="2.20623"><ele>-12.0</ele><time>2025-11-14T11:51:36.472Z</time></trkpt><trkpt lat="41.39192167" lon="2.20625333"><ele>-14.0</ele><time>2025-11-14T11:51:37.472Z</time></trkpt><trkpt lat="41.39192667" lon="2.20627333"><ele>-13.0</ele><time>2025-11-14T11:51:38.471Z</time></trkpt><trkpt lat="41.39192667" lon="2.20629667"><ele>-13.0</ele><time>2025-11-14T11:51:39.472Z</time></trkpt><trkpt lat="41.391925" lon="2.20632167"><ele>-13.0</ele><time>2025-11-14T11:51:40.471Z</time></trkpt><trkpt lat="41.39192" lon="2.206315"><ele>-14.0</ele><time>2025-11-14T11:51:41.471Z</time></trkpt><trkpt lat="41.39190667" lon="2.20630833"><ele>-14.0</ele><time>2025-11-14T11:51:42.472Z</time></trkpt><trkpt lat="41.39189833" lon="2.20630833"><ele>-14.0</ele><time>2025-11-14T11:51:43.472Z</time></trkpt><trkpt lat="41.39188" lon="2.20632333"><ele>-14.0</ele><time>2025-11-14T11:51:44.472Z</time></trkpt><trkpt lat="41.39187333" lon="2.20633333"><ele>-14.0</ele><time>2025-11-14T11:51:45.472Z</time></trkpt><trkpt lat="41.39187333" lon="2.20634667"><ele>-15.0</ele><time>2025-11-14T11:51:46.471Z</time></trkpt><trkpt lat="41.391875" lon="2.20636333"><ele>-13.0</ele><time>2025-11-14T11:51:47.471Z</time></trkpt><trkpt lat="41.39188667" lon="2.206375"><ele>-13.0</ele><time>2025-11-14T11:51:48.471Z</time></trkpt><trkpt lat="41.39187833" lon="2.20639333"><ele>-13.0</ele><time>2025-11-14T11:51:49.472Z</time></trkpt><trkpt lat="41.39187333" lon="2.20641667"><ele>-13.0</ele><time>2025-11-14T11:51:50.471Z</time></trkpt><trkpt lat="41.39185833" lon="2.20644667"><ele>-13.0</ele><time>2025-11-14T11:51:51.472Z</time></trkpt><trkpt lat="41.39185167" lon="2.20646667"><ele>-14.0</ele><time>2025-11-14T11:51:52.472Z</time></trkpt><trkpt lat="41.39184333" lon="2.20649833"><ele>-12.0</ele><time>2025-11-14T11:51:53.471Z</time></trkpt><trkpt lat="41.39186667" lon="2.206475"><ele>-12.0</ele><time>2025-11-14T11:51:54.472Z</time></trkpt><trkpt lat="41.39186333" lon="2.20649"><ele>-12.0</ele><time>2025-11-14T11:51:55.471Z</time></trkpt><trkpt lat="41.39188333" lon="2.206485"><ele>-12.0</ele><time>2025-11-14T11:51:56.472Z</time></trkpt><trkpt lat="41.39189667" lon="2.20649833"><ele>-12.0</ele><time>2025-11-14T11:51:57.471Z</time></trkpt><trkpt lat="41.39190167" lon="2.20648"><ele>-13.0</ele><time>2025-11-14T11:51:58.472Z</time></trkpt><trkpt lat="41.39190667" lon="2.20649"><ele>-11.0</ele><time>2025-11-14T11:51:59.471Z</time></trkpt><trkpt lat="41.39191" lon="2.2065"><ele>-11.0</ele><time>2025-11-14T11:52:00.472Z</time></trkpt><trkpt lat="41.39191" lon="2.20651167"><ele>-11.0</ele><time>2025-11-14T11:52:01.471Z</time></trkpt><trkpt lat="41.391905" lon="2.20652667"><ele>-11.0</ele><time>2025-11-14T11:52:02.472Z</time></trkpt><trkpt lat="41.39190167" lon="2.20654333"><ele>-11.0</ele><time>2025-11-14T11:52:03.472Z</time></trkpt><trkpt lat="41.39191" lon="2.20655667"><ele>-11.0</ele><time>2025-11-14T11:52:04.471Z</time></trkpt><trkpt lat="41.39190833" lon="2.20657"><ele>-12.0</ele><time>2025-11-14T11:52:05.471Z</time></trkpt><trkpt lat="41.39189" lon="2.20658833"><ele>-10.0</ele><time>2025-11-14T11:52:06.471Z</time></trkpt><trkpt lat="41.39188167" lon="2.20660833"><ele>-10.0</ele><time>2025-11-14T11:52:07.472Z</time></trkpt><trkpt lat="41.39188" lon="2.20661167"><ele>-10.0</ele><time>2025-11-14T11:52:08.471Z</time></trkpt><trkpt lat="41.391875" lon="2.20662833"><ele>-9.0</ele><time>2025-11-14T11:52:09.472Z</time></trkpt><trkpt lat="41.39186667" lon="2.20664833"><ele>-9.0</ele><time>2025-11-14T11:52:10.471Z</time></trkpt><trkpt lat="41.39185833" lon="2.20667"><ele>-9.0</ele><time>2025-11-14T11:52:11.472Z</time></trkpt><trkpt lat="41.391885" lon="2.20669667"><ele>-9.0</ele><time>2025-11-14T11:52:18.472Z</time></trkpt><trkpt lat="41.39186833" lon="2.206695"><ele>-8.0</ele><time>2025-11-14T11:52:19.471Z</time></trkpt><trkpt lat="41.391865" lon="2.20666333"><ele>-8.0</ele><time>2025-11-14T11:52:20.472Z</time></trkpt><trkpt lat="41.39185833" lon="2.206665"><ele>-8.0</ele><time>2025-11-14T11:52:21.471Z</time></trkpt><trkpt lat="41.39186667" lon="2.206655"><ele>-7.0</ele><time>2025-11-14T11:52:22.472Z</time></trkpt><trkpt lat="41.39185833" lon="2.20665167"><ele>-7.0</ele><time>2025-11-14T11:52:23.471Z</time></trkpt><trkpt lat="41.391865" lon="2.20666"><ele>-7.0</ele><time>2025-11-14T11:52:24.471Z</time></trkpt><trkpt lat="41.39186667" lon="2.206675"><ele>-8.0</ele><time>2025-11-14T11:52:25.472Z</time></trkpt><trkpt lat="41.39187167" lon="2.20668"><ele>-6.0</ele><time>2025-11-14T11:52:26.472Z</time></trkpt><trkpt lat="41.39189333" lon="2.20676667"><ele>-6.0</ele><time>2025-11-14T11:52:34.472Z</time></trkpt><trkpt lat="41.391905" lon="2.20674667"><ele>-6.0</ele><time>2025-11-14T11:52:35.472Z</time></trkpt><trkpt lat="41.39196833" lon="2.20672"><ele>-6.0</ele><time>2025-11-14T11:52:43.472Z</time></trkpt><trkpt lat="41.39196833" lon="2.20676333"><ele>-6.0</ele><time>2025-11-14T11:52:44.471Z</time></trkpt><trkpt lat="41.391965" lon="2.20676333"><ele>-7.0</ele><time>2025-11-14T11:52:45.472Z</time></trkpt><trkpt lat="41.39257333" lon="2.20693667"><ele>-5.0</ele><time>2025-11-14T11:53:20.471Z</time></trkpt><trkpt lat="41.39249667" lon="2.20686667"><ele>-5.0</ele><time>2025-11-14T11:53:21.471Z</time></trkpt><trkpt lat="41.392555" lon="2.20687333"><ele>-5.0</ele><time>2025-11-14T11:53:22.471Z</time></trkpt><trkpt lat="41.39227667" lon="2.20669667"><ele>-7.0</ele><time>2025-11-14T11:53:23.472Z</time></trkpt><trkpt lat="41.392305" lon="2.20671667"><ele>-6.0</ele><time>2025-11-14T11:53:24.472Z</time></trkpt><trkpt lat="41.39229167" lon="2.20672"><ele>-6.0</ele><time>2025-11-14T11:53:25.471Z</time></trkpt><trkpt lat="41.392295" lon="2.20672167"><ele>-6.0</ele><time>2025-11-14T11:53:26.471Z</time></trkpt><trkpt lat="41.39232667" lon="2.20673167"><ele>-6.0</ele><time>2025-11-14T11:53:27.472Z</time></trkpt><trkpt lat="41.392335" lon="2.20674833"><ele>-6.0</ele><time>2025-11-14T11:53:28.471Z</time></trkpt><trkpt lat="41.392355" lon="2.20676"><ele>-6.0</ele><time>2025-11-14T11:53:29.472Z</time></trkpt><trkpt lat="41.392365" lon="2.20681167"><ele>-6.0</ele><time>2025-11-14T11:53:33.471Z</time></trkpt><trkpt lat="41.39235833" lon="2.206835"><ele>-6.0</ele><time>2025-11-14T11:53:35.471Z</time></trkpt><trkpt lat="41.39235833" lon="2.20684333"><ele>-8.0</ele><time>2025-11-14T11:53:36.472Z</time></trkpt><trkpt lat="41.392355" lon="2.20682"><ele>-7.0</ele><time>2025-11-14T11:53:37.471Z</time></trkpt><trkpt lat="41.39232667" lon="2.20679833"><ele>-7.0</ele><time>2025-11-14T11:53:38.472Z</time></trkpt><trkpt lat="41.39230333" lon="2.20668"><ele>-6.0</ele><time>2025-11-14T11:53:39.471Z</time></trkpt><trkpt lat="41.39222167" lon="2.20648333"><ele>-7.0</ele><time>2025-11-14T11:53:40.472Z</time></trkpt><trkpt lat="41.39214833" lon="2.20635167"><ele>-7.0</ele><time>2025-11-14T11:53:41.471Z</time></trkpt><trkpt lat="41.39212833" lon="2.20629333"><ele>-8.0</ele><time>2025-11-14T11:53:42.472Z</time></trkpt><trkpt lat="41.392115" lon="2.20623833"><ele>-8.0</ele><time>2025-11-14T11:53:43.472Z</time></trkpt><trkpt lat="41.392125" lon="2.20605333"><ele>-9.0</ele><time>2025-11-14T11:53:48.472Z</time></trkpt><trkpt lat="41.39213667" lon="2.20605"><ele>-11.0</ele><time>2025-11-14T11:53:49.471Z</time></trkpt><trkpt lat="41.39213833" lon="2.20603667"><ele>-10.0</ele><time>2025-11-14T11:53:50.472Z</time></trkpt><trkpt lat="41.392145" lon="2.20606167"><ele>-10.0</ele><time>2025-11-14T11:53:51.472Z</time></trkpt><trkpt lat="41.39214667" lon="2.20606667"><ele>-11.0</ele><time>2025-11-14T11:53:52.472Z</time></trkpt><trkpt lat="41.39213167" lon="2.20609167"><ele>-11.0</ele><time>2025-11-14T11:53:53.472Z</time></trkpt><trkpt lat="41.39210167" lon="2.20610333"><ele>-12.0</ele><time>2025-11-14T11:53:54.471Z</time></trkpt><trkpt lat="41.39208333" lon="2.20612"><ele>-12.0</ele><time>2025-11-14T11:53:55.472Z</time></trkpt><trkpt lat="41.39206333" lon="2.20612833"><ele>-13.0</ele><time>2025-11-14T11:53:56.471Z</time></trkpt><trkpt lat="41.39206333" lon="2.20615833"><ele>-13.0</ele><time>2025-11-14T11:53:57.472Z</time></trkpt><trkpt lat="41.39206833" lon="2.20618333"><ele>-13.0</ele><time>2025-11-14T11:53:58.471Z</time></trkpt><trkpt lat="41.39207167" lon="2.20620333"><ele>-15.0</ele><time>2025-11-14T11:53:59.472Z</time></trkpt><trkpt lat="41.39206333" lon="2.20621833"><ele>-14.0</ele><time>2025-11-14T11:54:00.471Z</time></trkpt><trkpt lat="41.39205333" lon="2.20623833"><ele>-14.0</ele><time>2025-11-14T11:54:01.472Z</time></trkpt><trkpt lat="41.39206" lon="2.20626"><ele>-14.0</ele><time>2025-11-14T11:54:02.471Z</time></trkpt><trkpt lat="41.39205833" lon="2.20628833"><ele>-14.0</ele><time>2025-11-14T11:54:03.472Z</time></trkpt><trkpt lat="41.39204833" lon="2.20633167"><ele>-14.0</ele><time>2025-11-14T11:54:04.472Z</time></trkpt><trkpt lat="41.39206" lon="2.20633833"><ele>-16.0</ele><time>2025-11-14T11:54:05.471Z</time></trkpt><trkpt lat="41.39206" lon="2.20635667"><ele>-15.0</ele><time>2025-11-14T11:54:06.471Z</time></trkpt><trkpt lat="41.39207333" lon="2.20638333"><ele>-15.0</ele><time>2025-11-14T11:54:07.471Z</time></trkpt><trkpt lat="41.39205167" lon="2.20638667"><ele>-15.0</ele><time>2025-11-14T11:54:08.472Z</time></trkpt><trkpt lat="41.392045" lon="2.20639"><ele>-15.0</ele><time>2025-11-14T11:54:09.471Z</time></trkpt><trkpt lat="41.39204833" lon="2.20639667"><ele>-15.0</ele><time>2025-11-14T11:54:10.472Z</time></trkpt><trkpt lat="41.39205167" lon="2.206405"><ele>-15.0</ele><time>2025-11-14T11:54:11.471Z</time></trkpt><trkpt lat="41.39206333" lon="2.20640333"><ele>-15.0</ele><time>2025-11-14T11:54:12.472Z</time></trkpt><trkpt lat="41.39206333" lon="2.20641167"><ele>-15.0</ele><time>2025-11-14T11:54:13.471Z</time></trkpt><trkpt lat="41.39206167" lon="2.20641"><ele>-15.0</ele><time>2025-11-14T11:54:14.472Z</time></trkpt><trkpt lat="41.39206667" lon="2.20641833"><ele>-15.0</ele><time>2025-11-14T11:54:15.471Z</time></trkpt><trkpt lat="41.39206833" lon="2.20643167"><ele>-15.0</ele><time>2025-11-14T11:54:16.472Z</time></trkpt><trkpt lat="41.39207167" lon="2.20644167"><ele>-15.0</ele><time>2025-11-14T11:54:17.471Z</time></trkpt><trkpt lat="41.392065" lon="2.20645333"><ele>-15.0</ele><time>2025-11-14T11:54:18.472Z</time></trkpt><trkpt lat="41.39206" lon="2.20646167"><ele>-15.0</ele><time>2025-11-14T11:54:19.472Z</time></trkpt><trkpt lat="41.39205833" lon="2.20647167"><ele>-15.0</ele><time>2025-11-14T11:54:20.471Z</time></trkpt><trkpt lat="41.39206333" lon="2.20648"><ele>-15.0</ele><time>2025-11-14T11:54:21.472Z</time></trkpt><trkpt lat="41.392065" lon="2.20648833"><ele>-14.0</ele><time>2025-11-14T11:54:22.472Z</time></trkpt><trkpt lat="41.39206167" lon="2.20649667"><ele>-14.0</ele><time>2025-11-14T11:54:23.472Z</time></trkpt><trkpt lat="41.392065" lon="2.20650833"><ele>-14.0</ele><time>2025-11-14T11:54:24.471Z</time></trkpt><trkpt lat="41.39206667" lon="2.206515"><ele>-14.0</ele><time>2025-11-14T11:54:25.471Z</time></trkpt><trkpt lat="41.39206167" lon="2.20651833"><ele>-14.0</ele><time>2025-11-14T11:54:26.471Z</time></trkpt><trkpt lat="41.39207" lon="2.20651667"><ele>-14.0</ele><time>2025-11-14T11:54:27.472Z</time></trkpt><trkpt lat="41.39207167" lon="2.20652"><ele>-15.0</ele><time>2025-11-14T11:54:28.472Z</time></trkpt><trkpt lat="41.39207167" lon="2.206535"><ele>-13.0</ele><time>2025-11-14T11:54:29.471Z</time></trkpt><trkpt lat="41.39206667" lon="2.20654667"><ele>-13.0</ele><time>2025-11-14T11:54:30.472Z</time></trkpt><trkpt lat="41.39206" lon="2.20655667"><ele>-13.0</ele><time>2025-11-14T11:54:31.471Z</time></trkpt><trkpt lat="41.39205667" lon="2.20656667"><ele>-13.0</ele><time>2025-11-14T11:54:32.472Z</time></trkpt><trkpt lat="41.39205" lon="2.20658167"><ele>-13.0</ele><time>2025-11-14T11:54:33.472Z</time></trkpt><trkpt lat="41.39204833" lon="2.20659333"><ele>-13.0</ele><time>2025-11-14T11:54:34.471Z</time></trkpt><trkpt lat="41.39225667" lon="2.20672833"><ele>-12.0</ele><time>2025-11-14T11:57:04.472Z</time></trkpt><trkpt lat="41.39225667" lon="2.206355"><ele>-12.0</ele><time>2025-11-14T11:57:05.471Z</time></trkpt><trkpt lat="41.39224667" lon="2.20644667"><ele>-9.0</ele><time>2025-11-14T11:57:06.472Z</time></trkpt><trkpt lat="41.392305" lon="2.206485"><ele>-10.0</ele><time>2025-11-14T11:57:07.471Z</time></trkpt><trkpt lat="41.39232667" lon="2.20651167"><ele>-8.0</ele><time>2025-11-14T11:57:08.471Z</time></trkpt><trkpt lat="41.39231" lon="2.20648833"><ele>-7.0</ele><time>2025-11-14T11:57:09.471Z</time></trkpt><trkpt lat="41.392295" lon="2.206495"><ele>-6.0</ele><time>2025-11-14T11:57:10.471Z</time></trkpt><trkpt lat="41.39228167" lon="2.20648833"><ele>-6.0</ele><time>2025-11-14T11:57:11.472Z</time></trkpt><trkpt lat="41.392255" lon="2.20647333"><ele>-5.0</ele><time>2025-11-14T11:57:12.471Z</time></trkpt><trkpt lat="41.39224" lon="2.20646833"><ele>-5.0</ele><time>2025-11-14T11:57:13.471Z</time></trkpt><trkpt lat="41.392225" lon="2.20647167"><ele>-4.0</ele><time>2025-11-14T11:57:14.472Z</time></trkpt><trkpt lat="41.39221667" lon="2.20647167"><ele>-4.0</ele><time>2025-11-14T11:57:15.472Z</time></trkpt><trkpt lat="41.39220667" lon="2.20646667"><ele>-4.0</ele><time>2025-11-14T11:57:16.471Z</time></trkpt><trkpt lat="41.39219667" lon="2.20646833"><ele>-4.0</ele><time>2025-11-14T11:57:17.472Z</time></trkpt><trkpt lat="41.392185" lon="2.20646667"><ele>-3.0</ele><time>2025-11-14T11:57:18.471Z</time></trkpt><trkpt lat="41.39217167" lon="2.20644333"><ele>-3.0</ele><time>2025-11-14T11:57:19.472Z</time></trkpt><trkpt lat="41.392185" lon="2.206445"><ele>-3.0</ele><time>2025-11-14T11:57:20.471Z</time></trkpt><trkpt lat="41.39219667" lon="2.20645333"><ele>-3.0</ele><time>2025-11-14T11:57:21.472Z</time></trkpt><trkpt lat="41.39218167" lon="2.20645833"><ele>-3.0</ele><time>2025-11-14T11:57:22.472Z</time></trkpt><trkpt lat="41.39217667" lon="2.20645"><ele>-3.0</ele><time>2025-11-14T11:57:23.471Z</time></trkpt><trkpt lat="41.39252" lon="2.20661667"><ele>-3.0</ele><time>2025-11-14T11:58:29.472Z</time></trkpt><trkpt lat="41.39232" lon="2.20657833"><ele>-3.0</ele><time>2025-11-14T11:59:17.471Z</time></trkpt><trkpt lat="41.392365" lon="2.20658167"><ele>-4.0</ele><time>2025-11-14T11:59:18.472Z</time></trkpt><trkpt lat="41.39224167" lon="2.20659833"><ele>-2.0</ele><time>2025-11-14T11:59:19.472Z</time></trkpt><trkpt lat="41.39232333" lon="2.20663833"><ele>-2.0</ele><time>2025-11-14T11:59:20.472Z</time></trkpt><trkpt lat="41.39236167" lon="2.206625"><ele>-2.0</ele><time>2025-11-14T11:59:21.471Z</time></trkpt><trkpt lat="41.39238167" lon="2.20662833"><ele>-2.0</ele><time>2025-11-14T11:59:22.471Z</time></trkpt><trkpt lat="41.39238333" lon="2.206625"><ele>-2.0</ele><time>2025-11-14T11:59:23.472Z</time></trkpt><trkpt lat="41.39245167" lon="2.20664833"><ele>-2.0</ele><time>2025-11-14T11:59:24.472Z</time></trkpt><trkpt lat="41.39241333" lon="2.20666333"><ele>-2.0</ele><time>2025-11-14T11:59:25.472Z</time></trkpt><trkpt lat="41.39240333" lon="2.20667833"><ele>-2.0</ele><time>2025-11-14T11:59:26.472Z</time></trkpt><trkpt lat="41.39240833" lon="2.20664167"><ele>-2.0</ele><time>2025-11-14T11:59:27.472Z</time></trkpt><trkpt lat="41.39239833" lon="2.206635"><ele>-3.0</ele><time>2025-11-14T11:59:28.471Z</time></trkpt><trkpt lat="41.39239" lon="2.20663"><ele>-3.0</ele><time>2025-11-14T11:59:29.472Z</time></trkpt><trkpt lat="41.39239333" lon="2.20661833"><ele>-3.0</ele><time>2025-11-14T11:59:30.471Z</time></trkpt><trkpt lat="41.39239167" lon="2.20661167"><ele>-3.0</ele><time>2025-11-14T11:59:31.472Z</time></trkpt><trkpt lat="41.39238167" lon="2.20661"><ele>-5.0</ele><time>2025-11-14T11:59:32.472Z</time></trkpt><trkpt lat="41.39238667" lon="2.20659833"><ele>-4.0</ele><time>2025-11-14T11:59:33.471Z</time></trkpt><trkpt lat="41.39239333" lon="2.20658667"><ele>-4.0</ele><time>2025-11-14T11:59:34.472Z</time></trkpt><trkpt lat="41.3924" lon="2.20657167"><ele>-4.0</ele><time>2025-11-14T11:59:35.471Z</time></trkpt><trkpt lat="41.39239833" lon="2.206565"><ele>-4.0</ele><time>2025-11-14T11:59:36.472Z</time></trkpt><trkpt lat="41.392395" lon="2.20655833"><ele>-4.0</ele><time>2025-11-14T11:59:37.471Z</time></trkpt><trkpt lat="41.392395" lon="2.20655333"><ele>-5.0</ele><time>2025-11-14T11:59:38.472Z</time></trkpt><trkpt lat="41.39238333" lon="2.20653833"><ele>-5.0</ele><time>2025-11-14T11:59:39.471Z</time></trkpt><trkpt lat="41.39236833" lon="2.20652167"><ele>-5.0</ele><time>2025-11-14T11:59:40.472Z</time></trkpt><trkpt lat="41.39236667" lon="2.20651333"><ele>-5.0</ele><time>2025-11-14T11:59:41.472Z</time></trkpt><trkpt lat="41.39236667" lon="2.206505"><ele>-6.0</ele><time>2025-11-14T11:59:42.472Z</time></trkpt><trkpt lat="41.392375" lon="2.206385"><ele>-6.0</ele><time>2025-11-14T11:59:53.472Z</time></trkpt><trkpt lat="41.39237667" lon="2.20639167"><ele>-7.0</ele><time>2025-11-14T11:59:54.471Z</time></trkpt><trkpt lat="41.39238333" lon="2.20637667"><ele>-7.0</ele><time>2025-11-14T11:59:55.471Z</time></trkpt><trkpt lat="41.392375" lon="2.20637667"><ele>-9.0</ele><time>2025-11-14T11:59:56.472Z</time></trkpt><trkpt lat="41.39239333" lon="2.20635333"><ele>-8.0</ele><time>2025-11-14T11:59:58.471Z</time></trkpt><trkpt lat="41.39236333" lon="2.20636667"><ele>-8.0</ele><time>2025-11-14T11:59:59.472Z</time></trkpt><trkpt lat="41.39233167" lon="2.20637167"><ele>-8.0</ele><time>2025-11-14T12:00:00.472Z</time></trkpt><trkpt lat="41.39231833" lon="2.20636833"><ele>-9.0</ele><time>2025-11-14T12:00:01.471Z</time></trkpt><trkpt lat="41.39232167" lon="2.20637"><ele>-9.0</ele><time>2025-11-14T12:00:02.471Z</time></trkpt><trkpt lat="41.39234833" lon="2.20633167"><ele>-9.0</ele><time>2025-11-14T12:00:03.471Z</time></trkpt><trkpt lat="41.392295" lon="2.20627167"><ele>-10.0</ele><time>2025-11-14T12:00:04.472Z</time></trkpt><trkpt lat="41.392285" lon="2.206225"><ele>-11.0</ele><time>2025-11-14T12:00:05.472Z</time></trkpt><trkpt lat="41.39221333" lon="2.2065"><ele>-11.0</ele><time>2025-11-14T12:00:29.471Z</time></trkpt><trkpt lat="41.39201167" lon="2.20635167"><ele>-11.0</ele><time>2025-11-14T12:00:30.471Z</time></trkpt><trkpt lat="41.392025" lon="2.206395"><ele>-11.0</ele><time>2025-11-14T12:00:31.471Z</time></trkpt><trkpt lat="41.39206" lon="2.20639333"><ele>-11.0</ele><time>2025-11-14T12:00:32.472Z</time></trkpt><trkpt lat="41.39208833" lon="2.20639833"><ele>-11.0</ele><time>2025-11-14T12:00:33.472Z</time></trkpt><trkpt lat="41.39208667" lon="2.20638667"><ele>-11.0</ele><time>2025-11-14T12:00:34.472Z</time></trkpt><trkpt lat="41.392135" lon="2.20641"><ele>-13.0</ele><time>2025-11-14T12:00:35.472Z</time></trkpt><trkpt lat="41.39214167" lon="2.20641"><ele>-12.0</ele><time>2025-11-14T12:00:36.472Z</time></trkpt><trkpt lat="41.39213333" lon="2.20641333"><ele>-12.0</ele><time>2025-11-14T12:00:37.471Z</time></trkpt><trkpt lat="41.39213167" lon="2.20640833"><ele>-12.0</ele><time>2025-11-14T12:00:38.472Z</time></trkpt><trkpt lat="41.392125" lon="2.20642"><ele>-12.0</ele><time>2025-11-14T12:00:39.471Z</time></trkpt><trkpt lat="41.39211833" lon="2.206425"><ele>-12.0</ele><time>2025-11-14T12:00:40.471Z</time></trkpt><trkpt lat="41.39209833" lon="2.20645"><ele>-12.0</ele><time>2025-11-14T12:00:41.471Z</time></trkpt><trkpt lat="41.39208333" lon="2.20647667"><ele>-12.0</ele><time>2025-11-14T12:00:42.471Z</time></trkpt><trkpt lat="41.39206833" lon="2.20650167"><ele>-12.0</ele><time>2025-11-14T12:00:43.472Z</time></trkpt><trkpt lat="41.392045" lon="2.20653667"><ele>-11.0</ele><time>2025-11-14T12:00:45.472Z</time></trkpt><trkpt lat="41.39203833" lon="2.20656167"><ele>-11.0</ele><time>2025-11-14T12:00:46.472Z</time></trkpt><trkpt lat="41.39203833" lon="2.20656333"><ele>-11.0</ele><time>2025-11-14T12:00:47.471Z</time></trkpt><trkpt lat="41.392035" lon="2.206565"><ele>-11.0</ele><time>2025-11-14T12:00:48.472Z</time></trkpt><trkpt lat="41.39202167" lon="2.206585"><ele>-11.0</ele><time>2025-11-14T12:00:49.471Z</time></trkpt><trkpt lat="41.392015" lon="2.20658333"><ele>-10.0</ele><time>2025-11-14T12:00:50.471Z</time></trkpt><trkpt lat="41.392005" lon="2.20658667"><ele>-10.0</ele><time>2025-11-14T12:00:51.471Z</time></trkpt><trkpt lat="41.39199667" lon="2.20657833"><ele>-10.0</ele><time>2025-11-14T12:00:52.471Z</time></trkpt><trkpt lat="41.39198667" lon="2.20657"><ele>-10.0</ele><time>2025-11-14T12:00:53.472Z</time></trkpt><trkpt lat="41.39197333" lon="2.20657167"><ele>-9.0</ele><time>2025-11-14T12:00:54.472Z</time></trkpt><trkpt lat="41.391975" lon="2.20656333"><ele>-9.0</ele><time>2025-11-14T12:00:55.471Z</time></trkpt><trkpt lat="41.39195667" lon="2.20658333"><ele>-9.0</ele><time>2025-11-14T12:00:56.471Z</time></trkpt><trkpt lat="41.39197" lon="2.20659167"><ele>-9.0</ele><time>2025-11-14T12:00:57.471Z</time></trkpt><trkpt lat="41.39196333" lon="2.20660667"><ele>-10.0</ele><time>2025-11-14T12:00:58.471Z</time></trkpt><trkpt lat="41.39195333" lon="2.20661167"><ele>-8.0</ele><time>2025-11-14T12:00:59.471Z</time></trkpt><trkpt lat="41.39196167" lon="2.20661"><ele>-8.0</ele><time>2025-11-14T12:01:00.472Z</time></trkpt><trkpt lat="41.39195333" lon="2.20662333"><ele>-8.0</ele><time>2025-11-14T12:01:01.471Z</time></trkpt><trkpt lat="41.39198" lon="2.20661333"><ele>-8.0</ele><time>2025-11-14T12:01:02.472Z</time></trkpt><trkpt lat="41.391985" lon="2.20662"><ele>-8.0</ele><time>2025-11-14T12:01:03.471Z</time></trkpt><trkpt lat="41.39199167" lon="2.20662833"><ele>-8.0</ele><time>2025-11-14T12:01:04.472Z</time></trkpt><trkpt lat="41.39199" lon="2.206645"><ele>-8.0</ele><time>2025-11-14T12:01:05.472Z</time></trkpt><trkpt lat="41.39199333" lon="2.20665"><ele>-10.0</ele><time>2025-11-14T12:01:06.472Z</time></trkpt><trkpt lat="41.39199333" lon="2.206665"><ele>-9.0</ele><time>2025-11-14T12:01:07.472Z</time></trkpt><trkpt lat="41.39199" lon="2.20668"><ele>-9.0</ele><time>2025-11-14T12:01:08.471Z</time></trkpt><trkpt lat="41.39199" lon="2.206695"><ele>-9.0</ele><time>2025-11-14T12:01:09.472Z</time></trkpt><trkpt lat="41.39198667" lon="2.20671167"><ele>-9.0</ele><time>2025-11-14T12:01:10.472Z</time></trkpt><trkpt lat="41.39203667" lon="2.20666667"><ele>-10.0</ele><time>2025-11-14T12:01:13.472Z</time></trkpt><trkpt lat="41.39205667" lon="2.20662167"><ele>-10.0</ele><time>2025-11-14T12:01:14.471Z</time></trkpt><trkpt lat="41.39205333" lon="2.20661667"><ele>-10.0</ele><time>2025-11-14T12:01:15.471Z</time></trkpt><trkpt lat="41.39205" lon="2.20662167"><ele>-10.0</ele><time>2025-11-14T12:01:16.471Z</time></trkpt><trkpt lat="41.392065" lon="2.20661667"><ele>-10.0</ele><time>2025-11-14T12:01:17.471Z</time></trkpt><trkpt lat="41.39205333" lon="2.20668167"><ele>-10.0</ele><time>2025-11-14T12:01:22.471Z</time></trkpt><trkpt lat="41.39287167" lon="2.20562167"><ele>-12.0</ele><time>2025-11-14T12:02:34.472Z</time></trkpt><trkpt lat="41.39314167" lon="2.20456167"><ele>-11.0</ele><time>2025-11-14T12:02:35.471Z</time></trkpt><trkpt lat="41.39203" lon="2.207095"><ele>-11.0</ele><time>2025-11-14T12:02:39.471Z</time></trkpt><trkpt lat="41.39189" lon="2.20757667"><ele>-11.0</ele><time>2025-11-14T12:02:51.471Z</time></trkpt><trkpt lat="41.39195167" lon="2.20754833"><ele>-13.0</ele><time>2025-11-14T12:02:52.471Z</time></trkpt><trkpt lat="41.39193333" lon="2.20762"><ele>-12.0</ele><time>2025-11-14T12:02:53.472Z</time></trkpt><trkpt lat="41.39172667" lon="2.20930167"><ele>-12.0</ele><time>2025-11-14T12:02:54.472Z</time></trkpt><trkpt lat="41.39184" lon="2.20799167"><ele>-12.0</ele><time>2025-11-14T12:02:55.472Z</time></trkpt><trkpt lat="41.39184167" lon="2.20768333"><ele>-12.0</ele><time>2025-11-14T12:02:57.471Z</time></trkpt><trkpt lat="41.39199167" lon="2.20703"><ele>-12.0</ele><time>2025-11-14T12:02:58.471Z</time></trkpt><trkpt lat="41.39198833" lon="2.20699167"><ele>-12.0</ele><time>2025-11-14T12:02:59.472Z</time></trkpt><trkpt lat="41.39197167" lon="2.20700167"><ele>-12.0</ele><time>2025-11-14T12:03:00.471Z</time></trkpt><trkpt lat="41.39198667" lon="2.20693833"><ele>-13.0</ele><time>2025-11-14T12:03:03.471Z</time></trkpt><trkpt lat="41.39199" lon="2.206925"><ele>-13.0</ele><time>2025-11-14T12:03:04.471Z</time></trkpt><trkpt lat="41.391995" lon="2.20688333"><ele>-14.0</ele><time>2025-11-14T12:03:05.472Z</time></trkpt><trkpt lat="41.39203833" lon="2.20683"><ele>-14.0</ele><time>2025-11-14T12:03:06.471Z</time></trkpt><trkpt lat="41.392065" lon="2.20680833"><ele>-14.0</ele><time>2025-11-14T12:03:07.472Z</time></trkpt><trkpt lat="41.39209167" lon="2.206715"><ele>-14.0</ele><time>2025-11-14T12:03:11.471Z</time></trkpt><trkpt lat="41.39208667" lon="2.20672167"><ele>-13.0</ele><time>2025-11-14T12:03:12.472Z</time></trkpt><trkpt lat="41.39207667" lon="2.20673"><ele>-13.0</ele><time>2025-11-14T12:03:13.472Z</time></trkpt><trkpt lat="41.39204333" lon="2.20676833"><ele>-13.0</ele><time>2025-11-14T12:03:18.471Z</time></trkpt><trkpt lat="41.39203667" lon="2.20677333"><ele>-12.0</ele><time>2025-11-14T12:03:19.472Z</time></trkpt><trkpt lat="41.39200667" lon="2.2068"><ele>-12.0</ele><time>2025-11-14T12:03:25.472Z</time></trkpt><trkpt lat="41.39200833" lon="2.20673833"><ele>-12.0</ele><time>2025-11-14T12:03:26.471Z</time></trkpt><trkpt lat="41.391995" lon="2.206745"><ele>-12.0</ele><time>2025-11-14T12:03:27.472Z</time></trkpt><trkpt lat="41.39199" lon="2.20672833"><ele>-12.0</ele><time>2025-11-14T12:03:28.472Z</time></trkpt><trkpt lat="41.39202333" lon="2.206765"><ele>-12.0</ele><time>2025-11-14T12:03:29.472Z</time></trkpt><trkpt lat="41.39208167" lon="2.20673167"><ele>-12.0</ele><time>2025-11-14T12:03:30.472Z</time></trkpt><trkpt lat="41.39210167" lon="2.206735"><ele>-13.0</ele><time>2025-11-14T12:03:31.471Z</time></trkpt><trkpt lat="41.39211667" lon="2.20674167"><ele>-11.0</ele><time>2025-11-14T12:03:32.471Z</time></trkpt><trkpt lat="41.39211833" lon="2.20674333"><ele>-11.0</ele><time>2025-11-14T12:03:33.471Z</time></trkpt><trkpt lat="41.39212" lon="2.20675333"><ele>-11.0</ele><time>2025-11-14T12:03:34.471Z</time></trkpt><trkpt lat="41.39211333" lon="2.20676667"><ele>-11.0</ele><time>2025-11-14T12:03:35.471Z</time></trkpt><trkpt lat="41.39207667" lon="2.20675"><ele>-11.0</ele><time>2025-11-14T12:04:15.472Z</time></trkpt><trkpt lat="41.39208" lon="2.20669167"><ele>-10.0</ele><time>2025-11-14T12:04:16.472Z</time></trkpt><trkpt lat="41.39208" lon="2.20668833"><ele>-10.0</ele><time>2025-11-14T12:04:17.472Z</time></trkpt><trkpt lat="41.392065" lon="2.206685"><ele>-10.0</ele><time>2025-11-14T12:04:18.472Z</time></trkpt><trkpt lat="41.39207333" lon="2.20667667"><ele>-10.0</ele><time>2025-11-14T12:04:19.472Z</time></trkpt><trkpt lat="41.39207333" lon="2.20667333"><ele>-9.0</ele><time>2025-11-14T12:04:20.471Z</time></trkpt><trkpt lat="41.392305" lon="2.20614833"><ele>-8.0</ele><time>2025-11-14T12:07:01.472Z</time></trkpt><trkpt lat="41.39226833" lon="2.20603833"><ele>-7.0</ele><time>2025-11-14T12:07:02.471Z</time></trkpt><trkpt lat="41.39230167" lon="2.20593833"><ele>-7.0</ele><time>2025-11-14T12:07:03.471Z</time></trkpt><trkpt lat="41.39226" lon="2.206295"><ele>-6.0</ele><time>2025-11-14T12:07:27.472Z</time></trkpt><trkpt lat="41.39227167" lon="2.20625667"><ele>-6.0</ele><time>2025-11-14T12:07:28.472Z</time></trkpt><trkpt lat="41.39227167" lon="2.20626167"><ele>-7.0</ele><time>2025-11-14T12:07:29.472Z</time></trkpt><trkpt lat="41.392235" lon="2.20625"><ele>-5.0</ele><time>2025-11-14T12:07:30.471Z</time></trkpt><trkpt lat="41.392225" lon="2.20626167"><ele>-5.0</ele><time>2025-11-14T12:07:31.472Z</time></trkpt><trkpt lat="41.392225" lon="2.20630333"><ele>-5.0</ele><time>2025-11-14T12:07:32.472Z</time></trkpt><trkpt lat="41.39222167" lon="2.206325"><ele>-4.0</ele><time>2025-11-14T12:07:33.472Z</time></trkpt><trkpt lat="41.39221" lon="2.20634167"><ele>-4.0</ele><time>2025-11-14T12:07:34.472Z</time></trkpt><trkpt lat="41.392205" lon="2.206345"><ele>-4.0</ele><time>2025-11-14T12:07:35.471Z</time></trkpt><trkpt lat="41.392195" lon="2.20635833"><ele>-4.0</ele><time>2025-11-14T12:07:36.471Z</time></trkpt><trkpt lat="41.39219333" lon="2.206375"><ele>-3.0</ele><time>2025-11-14T12:07:37.471Z</time></trkpt><trkpt lat="41.39219" lon="2.20642667"><ele>-3.0</ele><time>2025-11-14T12:07:40.471Z</time></trkpt><trkpt lat="41.39220667" lon="2.20641167"><ele>-3.0</ele><time>2025-11-14T12:07:41.472Z</time></trkpt><trkpt lat="41.39221" lon="2.20640667"><ele>-3.0</ele><time>2025-11-14T12:07:42.471Z</time></trkpt><trkpt lat="41.39223333" lon="2.20640333"><ele>-3.0</ele><time>2025-11-14T12:07:43.472Z</time></trkpt><trkpt lat="41.39222333" lon="2.20641333"><ele>-3.0</ele><time>2025-11-14T12:07:44.472Z</time></trkpt><trkpt lat="41.39223667" lon="2.20642333"><ele>-3.0</ele><time>2025-11-14T12:07:45.471Z</time></trkpt><trkpt lat="41.39223" lon="2.20643"><ele>-3.0</ele><time>2025-11-14T12:07:46.472Z</time></trkpt><trkpt lat="41.39222167" lon="2.206405"><ele>-3.0</ele><time>2025-11-14T12:07:47.471Z</time></trkpt><trkpt lat="41.39220833" lon="2.20639333"><ele>-3.0</ele><time>2025-11-14T12:07:48.472Z</time></trkpt><trkpt lat="41.39220667" lon="2.20638833"><ele>-3.0</ele><time>2025-11-14T12:07:49.471Z</time></trkpt><trkpt lat="41.3922" lon="2.206375"><ele>-3.0</ele><time>2025-11-14T12:07:50.472Z</time></trkpt><trkpt lat="41.39218667" lon="2.20636833"><ele>-3.0</ele><time>2025-11-14T12:07:51.471Z</time></trkpt><trkpt lat="41.39218333" lon="2.20636667"><ele>-3.0</ele><time>2025-11-14T12:07:52.472Z</time></trkpt><trkpt lat="41.392175" lon="2.20637333"><ele>-3.0</ele><time>2025-11-14T12:07:53.472Z</time></trkpt><trkpt lat="41.39217" lon="2.20637167"><ele>-3.0</ele><time>2025-11-14T12:07:54.471Z</time></trkpt><trkpt lat="41.39216667" lon="2.20637"><ele>-5.0</ele><time>2025-11-14T12:07:55.472Z</time></trkpt><trkpt lat="41.39217667" lon="2.20637"><ele>-4.0</ele><time>2025-11-14T12:07:56.471Z</time></trkpt><trkpt lat="41.39217333" lon="2.20636833"><ele>-4.0</ele><time>2025-11-14T12:07:57.472Z</time></trkpt><trkpt lat="41.39217" lon="2.20637"><ele>-4.0</ele><time>2025-11-14T12:07:58.471Z</time></trkpt><trkpt lat="41.39215667" lon="2.20637833"><ele>-4.0</ele><time>2025-11-14T12:07:59.471Z</time></trkpt><trkpt lat="41.39216333" lon="2.20638333"><ele>-6.0</ele><time>2025-11-14T12:08:00.471Z</time></trkpt><trkpt lat="41.39217" lon="2.206395"><ele>-5.0</ele><time>2025-11-14T12:08:01.472Z</time></trkpt><trkpt lat="41.39217167" lon="2.20640833"><ele>-5.0</ele><time>2025-11-14T12:08:02.471Z</time></trkpt><trkpt lat="41.39218" lon="2.20642833"><ele>-5.0</ele><time>2025-11-14T12:08:03.471Z</time></trkpt><trkpt lat="41.39219167" lon="2.20644667"><ele>-5.0</ele><time>2025-11-14T12:08:04.472Z</time></trkpt><trkpt lat="41.39220667" lon="2.20645667"><ele>-7.0</ele><time>2025-11-14T12:08:05.471Z</time></trkpt><trkpt lat="41.392215" lon="2.20647"><ele>-6.0</ele><time>2025-11-14T12:08:06.472Z</time></trkpt><trkpt lat="41.39222667" lon="2.206485"><ele>-6.0</ele><time>2025-11-14T12:08:07.471Z</time></trkpt><trkpt lat="41.39223667" lon="2.20649"><ele>-6.0</ele><time>2025-11-14T12:08:08.472Z</time></trkpt><trkpt lat="41.392245" lon="2.20649833"><ele>-7.0</ele><time>2025-11-14T12:08:09.471Z</time></trkpt><trkpt lat="41.39225333" lon="2.20652333"><ele>-7.0</ele><time>2025-11-14T12:08:10.471Z</time></trkpt><trkpt lat="41.39226" lon="2.20654167"><ele>-7.0</ele><time>2025-11-14T12:08:11.471Z</time></trkpt><trkpt lat="41.392265" lon="2.206555"><ele>-7.0</ele><time>2025-11-14T12:08:12.472Z</time></trkpt><trkpt lat="41.39227" lon="2.206555"><ele>-7.0</ele><time>2025-11-14T12:08:13.472Z</time></trkpt><trkpt lat="41.39225667" lon="2.20656167"><ele>-8.0</ele><time>2025-11-14T12:08:14.472Z</time></trkpt><trkpt lat="41.39224833" lon="2.20657167"><ele>-8.0</ele><time>2025-11-14T12:08:15.472Z</time></trkpt><trkpt lat="41.39223333" lon="2.20658"><ele>-8.0</ele><time>2025-11-14T12:08:16.471Z</time></trkpt><trkpt lat="41.392225" lon="2.206595"><ele>-8.0</ele><time>2025-11-14T12:08:17.472Z</time></trkpt><trkpt lat="41.392215" lon="2.20660833"><ele>-10.0</ele><time>2025-11-14T12:08:18.472Z</time></trkpt><trkpt lat="41.39220667" lon="2.20662167"><ele>-9.0</ele><time>2025-11-14T12:08:19.472Z</time></trkpt><trkpt lat="41.39221667" lon="2.20662833"><ele>-9.0</ele><time>2025-11-14T12:08:20.471Z</time></trkpt><trkpt lat="41.39221333" lon="2.20664"><ele>-9.0</ele><time>2025-11-14T12:08:21.472Z</time></trkpt><trkpt lat="41.39220833" lon="2.20665167"><ele>-9.0</ele><time>2025-11-14T12:08:22.471Z</time></trkpt><trkpt lat="41.39220333" lon="2.206665"><ele>-9.0</ele><time>2025-11-14T12:08:23.471Z</time></trkpt><trkpt lat="41.39219" lon="2.20666667"><ele>-11.0</ele><time>2025-11-14T12:08:24.471Z</time></trkpt><trkpt lat="41.39218" lon="2.206675"><ele>-10.0</ele><time>2025-11-14T12:08:25.471Z</time></trkpt><trkpt lat="41.39217167" lon="2.206685"><ele>-10.0</ele><time>2025-11-14T12:08:26.472Z</time></trkpt><trkpt lat="41.39216167" lon="2.206695"><ele>-10.0</ele><time>2025-11-14T12:08:27.471Z</time></trkpt><trkpt lat="41.392155" lon="2.20662833"><ele>-9.0</ele><time>2025-11-14T12:08:34.471Z</time></trkpt><trkpt lat="41.39218333" lon="2.20661667"><ele>-9.0</ele><time>2025-11-14T12:08:35.472Z</time></trkpt><trkpt lat="41.392175" lon="2.20662667"><ele>-9.0</ele><time>2025-11-14T12:08:36.471Z</time></trkpt><trkpt lat="41.39218667" lon="2.206615"><ele>-8.0</ele><time>2025-11-14T12:08:37.472Z</time></trkpt><trkpt lat="41.39219167" lon="2.20660333"><ele>-8.0</ele><time>2025-11-14T12:08:38.471Z</time></trkpt><trkpt lat="41.39252167" lon="2.206155"><ele>-8.0</ele><time>2025-11-14T12:12:42.471Z</time></trkpt><trkpt lat="41.392625" lon="2.20614"><ele>-8.0</ele><time>2025-11-14T12:12:43.472Z</time></trkpt><trkpt lat="41.392535" lon="2.206235"><ele>-9.0</ele><time>2025-11-14T12:12:44.471Z</time></trkpt><trkpt lat="41.392535" lon="2.20631833"><ele>-7.0</ele><time>2025-11-14T12:12:45.472Z</time></trkpt><trkpt lat="41.39252833" lon="2.20631667"><ele>-7.0</ele><time>2025-11-14T12:12:46.472Z</time></trkpt><trkpt lat="41.39253833" lon="2.20631833"><ele>-7.0</ele><time>2025-11-14T12:12:47.471Z</time></trkpt><trkpt lat="41.39253" lon="2.20632333"><ele>-7.0</ele><time>2025-11-14T12:12:48.472Z</time></trkpt><trkpt lat="41.39251" lon="2.206335"><ele>-8.0</ele><time>2025-11-14T12:12:49.471Z</time></trkpt><trkpt lat="41.39247667" lon="2.206345"><ele>-8.0</ele><time>2025-11-14T12:12:50.472Z</time></trkpt><trkpt lat="41.39247" lon="2.206355"><ele>-6.0</ele><time>2025-11-14T12:12:51.472Z</time></trkpt><trkpt lat="41.39244667" lon="2.206375"><ele>-6.0</ele><time>2025-11-14T12:12:52.471Z</time></trkpt><trkpt lat="41.39243667" lon="2.20638667"><ele>-6.0</ele><time>2025-11-14T12:12:53.472Z</time></trkpt><trkpt lat="41.392415" lon="2.20641"><ele>-6.0</ele><time>2025-11-14T12:12:55.472Z</time></trkpt><trkpt lat="41.392415" lon="2.206425"><ele>-6.0</ele><time>2025-11-14T12:12:56.472Z</time></trkpt><trkpt lat="41.39241" lon="2.20642833"><ele>-6.0</ele><time>2025-11-14T12:12:57.471Z</time></trkpt><trkpt lat="41.39239333" lon="2.20645"><ele>-6.0</ele><time>2025-11-14T12:12:58.472Z</time></trkpt><trkpt lat="41.39238667" lon="2.20646333"><ele>-6.0</ele><time>2025-11-14T12:12:59.471Z</time></trkpt><trkpt lat="41.39237333" lon="2.20648833"><ele>-6.0</ele><time>2025-11-14T12:13:01.471Z</time></trkpt><trkpt lat="41.392375" lon="2.206485"><ele>-6.0</ele><time>2025-11-14T12:13:02.471Z</time></trkpt><trkpt lat="41.39237" lon="2.20647333"><ele>-6.0</ele><time>2025-11-14T12:13:03.472Z</time></trkpt><trkpt lat="41.392365" lon="2.20647667"><ele>-6.0</ele><time>2025-11-14T12:13:04.471Z</time></trkpt><trkpt lat="41.392355" lon="2.20648333"><ele>-6.0</ele><time>2025-11-14T12:13:05.471Z</time></trkpt><trkpt lat="41.39235" lon="2.20649"><ele>-6.0</ele><time>2025-11-14T12:13:06.472Z</time></trkpt><trkpt lat="41.39234667" lon="2.20654"><ele>-6.0</ele><time>2025-11-14T12:13:11.471Z</time></trkpt><trkpt lat="41.39233667" lon="2.20654167"><ele>-6.0</ele><time>2025-11-14T12:13:12.472Z</time></trkpt><trkpt lat="41.39233" lon="2.20654333"><ele>-7.0</ele><time>2025-11-14T12:13:13.472Z</time></trkpt><trkpt lat="41.392345" lon="2.20656667"><ele>-7.0</ele><time>2025-11-14T12:13:14.471Z</time></trkpt><trkpt lat="41.39234833" lon="2.20657667"><ele>-7.0</ele><time>2025-11-14T12:13:15.472Z</time></trkpt><trkpt lat="41.39235" lon="2.20658333"><ele>-7.0</ele><time>2025-11-14T12:13:16.471Z</time></trkpt><trkpt lat="41.39234667" lon="2.206595"><ele>-7.0</ele><time>2025-11-14T12:13:17.472Z</time></trkpt><trkpt lat="41.39235167" lon="2.206595"><ele>-9.0</ele><time>2025-11-14T12:13:18.472Z</time></trkpt><trkpt lat="41.39235" lon="2.20660333"><ele>-8.0</ele><time>2025-11-14T12:13:19.472Z</time></trkpt><trkpt lat="41.39234667" lon="2.20660667"><ele>-8.0</ele><time>2025-11-14T12:13:20.471Z</time></trkpt><trkpt lat="41.39234" lon="2.20661667"><ele>-8.0</ele><time>2025-11-14T12:13:21.472Z</time></trkpt><trkpt lat="41.39234167" lon="2.20661167"><ele>-8.0</ele><time>2025-11-14T12:13:22.471Z</time></trkpt><trkpt lat="41.39233833" lon="2.20660833"><ele>-10.0</ele><time>2025-11-14T12:13:23.472Z</time></trkpt><trkpt lat="41.39233833" lon="2.20660833"><ele>-9.0</ele><time>2025-11-14T12:13:24.472Z</time></trkpt><trkpt lat="41.39231167" lon="2.20666833"><ele>-9.0</ele><time>2025-11-14T12:13:29.472Z</time></trkpt><trkpt lat="41.39231333" lon="2.20666667"><ele>-9.0</ele><time>2025-11-14T12:13:30.471Z</time></trkpt><trkpt lat="41.39231333" lon="2.206665"><ele>-9.0</ele><time>2025-11-14T12:13:31.472Z</time></trkpt><trkpt lat="41.39232833" lon="2.206655"><ele>-9.0</ele><time>2025-11-14T12:13:38.471Z</time></trkpt><trkpt lat="41.392335" lon="2.20665333"><ele>-9.0</ele><time>2025-11-14T12:13:39.472Z</time></trkpt><trkpt lat="41.39230833" lon="2.20667833"><ele>-9.0</ele><time>2025-11-14T12:13:40.471Z</time></trkpt><trkpt lat="41.392315" lon="2.20665667"><ele>-9.0</ele><time>2025-11-14T12:13:41.472Z</time></trkpt><trkpt lat="41.39232667" lon="2.206655"><ele>-9.0</ele><time>2025-11-14T12:13:42.471Z</time></trkpt><trkpt lat="41.39233333" lon="2.20663833"><ele>-9.0</ele><time>2025-11-14T12:13:43.472Z</time></trkpt><trkpt lat="41.39233667" lon="2.20662833"><ele>-9.0</ele><time>2025-11-14T12:13:44.472Z</time></trkpt><trkpt lat="41.392345" lon="2.20660333"><ele>-9.0</ele><time>2025-11-14T12:13:45.472Z</time></trkpt><trkpt lat="41.39234833" lon="2.20659167"><ele>-9.0</ele><time>2025-11-14T12:13:46.472Z</time></trkpt><trkpt lat="41.39237167" lon="2.20657167"><ele>-9.0</ele><time>2025-11-14T12:13:47.471Z</time></trkpt><trkpt lat="41.3924" lon="2.20657"><ele>-9.0</ele><time>2025-11-14T12:13:48.472Z</time></trkpt><trkpt lat="41.39239667" lon="2.20658333"><ele>-11.0</ele><time>2025-11-14T12:13:49.471Z</time></trkpt><trkpt lat="41.39239833" lon="2.20658333"><ele>-10.0</ele><time>2025-11-14T12:13:50.472Z</time></trkpt><trkpt lat="41.392395" lon="2.20658"><ele>-10.0</ele><time>2025-11-14T12:13:51.472Z</time></trkpt><trkpt lat="41.39238667" lon="2.20658833"><ele>-10.0</ele><time>2025-11-14T12:13:52.471Z</time></trkpt><trkpt lat="41.39237833" lon="2.20657833"><ele>-10.0</ele><time>2025-11-14T12:13:57.471Z</time></trkpt><trkpt lat="41.39237" lon="2.206585"><ele>-10.0</ele><time>2025-11-14T12:13:58.472Z</time></trkpt><trkpt lat="41.392375" lon="2.20658333"><ele>-11.0</ele><time>2025-11-14T12:13:59.471Z</time></trkpt><trkpt lat="41.39236833" lon="2.20659"><ele>-9.0</ele><time>2025-11-14T12:14:00.471Z</time></trkpt><trkpt lat="41.39236333" lon="2.20659333"><ele>-9.0</ele><time>2025-11-14T12:14:01.471Z</time></trkpt><trkpt lat="41.39234833" lon="2.20660167"><ele>-9.0</ele><time>2025-11-14T12:14:02.472Z</time></trkpt><trkpt lat="41.39233667" lon="2.20661"><ele>-9.0</ele><time>2025-11-14T12:14:03.471Z</time></trkpt><trkpt lat="41.39233833" lon="2.20661333"><ele>-9.0</ele><time>2025-11-14T12:14:04.471Z</time></trkpt><trkpt lat="41.39233333" lon="2.20662"><ele>-9.0</ele><time>2025-11-14T12:14:05.472Z</time></trkpt><trkpt lat="41.392325" lon="2.20663167"><ele>-10.0</ele><time>2025-11-14T12:14:06.471Z</time></trkpt><trkpt lat="41.392315" lon="2.20663833"><ele>-10.0</ele><time>2025-11-14T12:14:07.472Z</time></trkpt><trkpt lat="41.39231167" lon="2.20664667"><ele>-8.0</ele><time>2025-11-14T12:14:08.471Z</time></trkpt><trkpt lat="41.39230667" lon="2.20665667"><ele>-8.0</ele><time>2025-11-14T12:14:09.471Z</time></trkpt><trkpt lat="41.392305" lon="2.20665167"><ele>-8.0</ele><time>2025-11-14T12:14:10.471Z</time></trkpt><trkpt lat="41.39229667" lon="2.206655"><ele>-8.0</ele><time>2025-11-14T12:14:11.471Z</time></trkpt><trkpt lat="41.39229167" lon="2.20665167"><ele>-8.0</ele><time>2025-11-14T12:14:12.472Z</time></trkpt><trkpt lat="41.39229167" lon="2.20664333"><ele>-8.0</ele><time>2025-11-14T12:14:13.472Z</time></trkpt><trkpt lat="41.39226667" lon="2.20662833"><ele>-8.0</ele><time>2025-11-14T12:14:14.472Z</time></trkpt><trkpt lat="41.39225833" lon="2.20662167"><ele>-8.0</ele><time>2025-11-14T12:14:15.471Z</time></trkpt><trkpt lat="41.39225167" lon="2.20660833"><ele>-8.0</ele><time>2025-11-14T12:14:16.472Z</time></trkpt><trkpt lat="41.39224833" lon="2.20660167"><ele>-8.0</ele><time>2025-11-14T12:14:17.472Z</time></trkpt><trkpt lat="41.39224333" lon="2.20658833"><ele>-9.0</ele><time>2025-11-14T12:14:18.471Z</time></trkpt><trkpt lat="41.39223667" lon="2.20657833"><ele>-9.0</ele><time>2025-11-14T12:14:19.471Z</time></trkpt><trkpt lat="41.39222833" lon="2.20656667"><ele>-7.0</ele><time>2025-11-14T12:14:20.471Z</time></trkpt><trkpt lat="41.3922" lon="2.206525"><ele>-7.0</ele><time>2025-11-14T12:14:24.472Z</time></trkpt><trkpt lat="41.39220667" lon="2.206525"><ele>-7.0</ele><time>2025-11-14T12:14:25.472Z</time></trkpt><trkpt lat="41.39220667" lon="2.20656167"><ele>-7.0</ele><time>2025-11-14T12:14:26.472Z</time></trkpt><trkpt lat="41.39220667" lon="2.206545"><ele>-9.0</ele><time>2025-11-14T12:14:27.472Z</time></trkpt><trkpt lat="41.392205" lon="2.20653667"><ele>-9.0</ele><time>2025-11-14T12:14:28.472Z</time></trkpt><trkpt lat="41.39225167" lon="2.20648167"><ele>-9.0</ele><time>2025-11-14T12:14:29.472Z</time></trkpt><trkpt lat="41.39226" lon="2.20645333"><ele>-9.0</ele><time>2025-11-14T12:14:30.472Z</time></trkpt><trkpt lat="41.392305" lon="2.20641667"><ele>-9.0</ele><time>2025-11-14T12:14:31.472Z</time></trkpt><trkpt lat="41.39228667" lon="2.20641"><ele>-9.0</ele><time>2025-11-14T12:14:32.471Z</time></trkpt><trkpt lat="41.39226833" lon="2.206405"><ele>-9.0</ele><time>2025-11-14T12:14:33.471Z</time></trkpt><trkpt lat="41.39228167" lon="2.20642"><ele>-7.0</ele><time>2025-11-14T12:14:34.471Z</time></trkpt><trkpt lat="41.39227333" lon="2.20642167"><ele>-7.0</ele><time>2025-11-14T12:14:35.471Z</time></trkpt><trkpt lat="41.39226667" lon="2.20642"><ele>-7.0</ele><time>2025-11-14T12:14:36.471Z</time></trkpt><trkpt lat="41.39226333" lon="2.20641833"><ele>-7.0</ele><time>2025-11-14T12:14:37.471Z</time></trkpt><trkpt lat="41.392285" lon="2.206435"><ele>-7.0</ele><time>2025-11-14T12:14:39.471Z</time></trkpt><trkpt lat="41.39229667" lon="2.206465"><ele>-7.0</ele><time>2025-11-14T12:14:40.472Z</time></trkpt><trkpt lat="41.3923" lon="2.206475"><ele>-7.0</ele><time>2025-11-14T12:14:41.472Z</time></trkpt><trkpt lat="41.39229833" lon="2.20650833"><ele>-7.0</ele><time>2025-11-14T12:14:42.472Z</time></trkpt><trkpt lat="41.392295" lon="2.20652333"><ele>-7.0</ele><time>2025-11-14T12:14:43.472Z</time></trkpt><trkpt lat="41.39244333" lon="2.20666667"><ele>-7.0</ele><time>2025-11-14T12:17:16.472Z</time></trkpt><trkpt lat="41.39249833" lon="2.20673"><ele>-6.0</ele><time>2025-11-14T12:17:17.471Z</time></trkpt><trkpt lat="41.392485" lon="2.2067"><ele>-6.0</ele><time>2025-11-14T12:17:18.472Z</time></trkpt><trkpt lat="41.39250667" lon="2.206795"><ele>-5.0</ele><time>2025-11-14T12:17:21.472Z</time></trkpt><trkpt lat="41.39235167" lon="2.20683333"><ele>-5.0</ele><time>2025-11-14T12:17:23.472Z</time></trkpt><trkpt lat="41.39223" lon="2.20684167"><ele>-5.0</ele><time>2025-11-14T12:17:24.472Z</time></trkpt><trkpt lat="41.39228667" lon="2.20687167"><ele>-4.0</ele><time>2025-11-14T12:17:25.471Z</time></trkpt><trkpt lat="41.39238333" lon="2.20684833"><ele>-4.0</ele><time>2025-11-14T12:17:26.472Z</time></trkpt><trkpt lat="41.39242167" lon="2.20685833"><ele>-4.0</ele><time>2025-11-14T12:17:28.472Z</time></trkpt><trkpt lat="41.39251833" lon="2.20685"><ele>-4.0</ele><time>2025-11-14T12:17:30.472Z</time></trkpt><trkpt lat="41.39255167" lon="2.20684"><ele>-5.0</ele><time>2025-11-14T12:17:31.471Z</time></trkpt><trkpt lat="41.39253333" lon="2.20684"><ele>-3.0</ele><time>2025-11-14T12:17:32.472Z</time></trkpt><trkpt lat="41.39253333" lon="2.20683333"><ele>-3.0</ele><time>2025-11-14T12:17:33.472Z</time></trkpt><trkpt lat="41.392535" lon="2.20683167"><ele>-3.0</ele><time>2025-11-14T12:17:34.472Z</time></trkpt><trkpt lat="41.39254333" lon="2.20682333"><ele>-3.0</ele><time>2025-11-14T12:17:35.472Z</time></trkpt><trkpt lat="41.39258" lon="2.20681333"><ele>-3.0</ele><time>2025-11-14T12:17:42.472Z</time></trkpt><trkpt lat="41.39257667" lon="2.206835"><ele>-2.0</ele><time>2025-11-14T12:17:43.471Z</time></trkpt><trkpt lat="41.39258667" lon="2.20681833"><ele>-2.0</ele><time>2025-11-14T12:17:48.471Z</time></trkpt><trkpt lat="41.39259667" lon="2.20678"><ele>-2.0</ele><time>2025-11-14T12:17:54.472Z</time></trkpt><trkpt lat="41.392585" lon="2.20673167"><ele>-2.0</ele><time>2025-11-14T12:17:55.471Z</time></trkpt><trkpt lat="41.39259" lon="2.206715"><ele>-2.0</ele><time>2025-11-14T12:17:56.472Z</time></trkpt><trkpt lat="41.39262333" lon="2.20661333"><ele>-2.0</ele><time>2025-11-14T12:17:59.472Z</time></trkpt><trkpt lat="41.39262833" lon="2.20655833"><ele>-2.0</ele><time>2025-11-14T12:18:00.472Z</time></trkpt><trkpt lat="41.39270333" lon="2.20650333"><ele>-2.0</ele><time>2025-11-14T12:18:03.471Z</time></trkpt><trkpt lat="41.39272167" lon="2.20645167"><ele>-2.0</ele><time>2025-11-14T12:18:05.471Z</time></trkpt><trkpt lat="41.39272167" lon="2.206425"><ele>-2.0</ele><time>2025-11-14T12:18:06.472Z</time></trkpt><trkpt lat="41.39263" lon="2.20655"><ele>-2.0</ele><time>2025-11-14T12:18:07.472Z</time></trkpt><trkpt lat="41.39261333" lon="2.20663"><ele>-2.0</ele><time>2025-11-14T12:18:08.472Z</time></trkpt><trkpt lat="41.39261833" lon="2.20662"><ele>-2.0</ele><time>2025-11-14T12:18:09.472Z</time></trkpt><trkpt lat="41.39260333" lon="2.20665"><ele>-2.0</ele><time>2025-11-14T12:18:20.471Z</time></trkpt><trkpt lat="41.39258333" lon="2.20676167"><ele>-2.0</ele><time>2025-11-14T12:18:21.472Z</time></trkpt><trkpt lat="41.392485" lon="2.20682833"><ele>-2.0</ele><time>2025-11-14T12:18:22.471Z</time></trkpt><trkpt lat="41.392425" lon="2.20686167"><ele>-2.0</ele><time>2025-11-14T12:18:23.472Z</time></trkpt><trkpt lat="41.39248667" lon="2.206845"><ele>-2.0</ele><time>2025-11-14T12:18:24.472Z</time></trkpt><trkpt lat="41.39253333" lon="2.20686167"><ele>-2.0</ele><time>2025-11-14T12:18:26.471Z</time></trkpt><trkpt lat="41.39247333" lon="2.20688333"><ele>-2.0</ele><time>2025-11-14T12:18:27.471Z</time></trkpt><trkpt lat="41.39254" lon="2.20689167"><ele>-2.0</ele><time>2025-11-14T12:18:28.472Z</time></trkpt><trkpt lat="41.39252833" lon="2.20689167"><ele>-2.0</ele><time>2025-11-14T12:18:29.471Z</time></trkpt><trkpt lat="41.39254" lon="2.20686667"><ele>-2.0</ele><time>2025-11-14T12:18:30.472Z</time></trkpt><trkpt lat="41.392495" lon="2.20687"><ele>-2.0</ele><time>2025-11-14T12:18:31.471Z</time></trkpt><trkpt lat="41.39250333" lon="2.20688333"><ele>-2.0</ele><time>2025-11-14T12:18:32.472Z</time></trkpt><trkpt lat="41.39246167" lon="2.20689167"><ele>-2.0</ele><time>2025-11-14T12:18:33.472Z</time></trkpt><trkpt lat="41.39243333" lon="2.20688167"><ele>-2.0</ele><time>2025-11-14T12:18:34.471Z</time></trkpt><trkpt lat="41.39244667" lon="2.20686167"><ele>-2.0</ele><time>2025-11-14T12:18:35.472Z</time></trkpt><trkpt lat="41.39245" lon="2.206855"><ele>-2.0</ele><time>2025-11-14T12:18:36.472Z</time></trkpt><trkpt lat="41.39244167" lon="2.206845"><ele>-2.0</ele><time>2025-11-14T12:18:37.471Z</time></trkpt><trkpt lat="41.39242" lon="2.20685667"><ele>-3.0</ele><time>2025-11-14T12:18:38.472Z</time></trkpt><trkpt lat="41.39240333" lon="2.20686"><ele>-1.0</ele><time>2025-11-14T12:18:39.471Z</time></trkpt><trkpt lat="41.39238833" lon="2.20686833"><ele>-1.0</ele><time>2025-11-14T12:18:40.472Z</time></trkpt><trkpt lat="41.39237" lon="2.20687667"><ele>-1.0</ele><time>2025-11-14T12:18:41.471Z</time></trkpt><trkpt lat="41.392345" lon="2.20688667"><ele>-1.0</ele><time>2025-11-14T12:18:42.472Z</time></trkpt><trkpt lat="41.39234167" lon="2.206895"><ele>-1.0</ele><time>2025-11-14T12:18:43.472Z</time></trkpt><trkpt lat="41.392325" lon="2.20690333"><ele>-1.0</ele><time>2025-11-14T12:18:44.471Z</time></trkpt><trkpt lat="41.39230667" lon="2.20691167"><ele>-1.0</ele><time>2025-11-14T12:18:45.472Z</time></trkpt><trkpt lat="41.392335" lon="2.20698"><ele>-1.0</ele><time>2025-11-14T12:18:46.471Z</time></trkpt><trkpt lat="41.39241167" lon="2.20709667"><ele>-1.0</ele><time>2025-11-14T12:18:49.471Z</time></trkpt><trkpt lat="41.39240667" lon="2.20710833"><ele>-1.0</ele><time>2025-11-14T12:18:50.472Z</time></trkpt><trkpt lat="41.39241167" lon="2.20712167"><ele>-1.0</ele><time>2025-11-14T12:18:51.471Z</time></trkpt><trkpt lat="41.39240833" lon="2.20713167"><ele>-1.0</ele><time>2025-11-14T12:18:52.472Z</time></trkpt><trkpt lat="41.39238833" lon="2.20716167"><ele>-1.0</ele><time>2025-11-14T12:18:54.471Z</time></trkpt><trkpt lat="41.39237667" lon="2.207175"><ele>-1.0</ele><time>2025-11-14T12:18:55.472Z</time></trkpt><trkpt lat="41.39238333" lon="2.20718667"><ele>-1.0</ele><time>2025-11-14T12:18:56.471Z</time></trkpt><trkpt lat="41.39237167" lon="2.20722"><ele>-1.0</ele><time>2025-11-14T12:18:58.471Z</time></trkpt><trkpt lat="41.39234167" lon="2.20726833"><ele>-1.0</ele><time>2025-11-14T12:19:02.472Z</time></trkpt><trkpt lat="41.392385" lon="2.20721333"><ele>-1.0</ele><time>2025-11-14T12:19:03.471Z</time></trkpt><trkpt lat="41.39245" lon="2.20713"><ele>-1.0</ele><time>2025-11-14T12:19:04.472Z</time></trkpt><trkpt lat="41.392455" lon="2.20710667"><ele>-1.0</ele><time>2025-11-14T12:19:05.471Z</time></trkpt><trkpt lat="41.39245667" lon="2.20709"><ele>-1.0</ele><time>2025-11-14T12:19:06.472Z</time></trkpt><trkpt lat="41.39245833" lon="2.207075"><ele>-1.0</ele><time>2025-11-14T12:19:07.471Z</time></trkpt><trkpt lat="41.39248167" lon="2.20704"><ele>-1.0</ele><time>2025-11-14T12:19:08.472Z</time></trkpt><trkpt lat="41.39247167" lon="2.20700167"><ele>-1.0</ele><time>2025-11-14T12:19:09.471Z</time></trkpt><trkpt lat="41.39248" lon="2.20696833"><ele>-1.0</ele><time>2025-11-14T12:19:10.472Z</time></trkpt><trkpt lat="41.39249" lon="2.20695"><ele>-1.0</ele><time>2025-11-14T12:19:11.472Z</time></trkpt><trkpt lat="41.39249667" lon="2.20693667"><ele>-1.0</ele><time>2025-11-14T12:19:12.471Z</time></trkpt><trkpt lat="41.39250333" lon="2.20693167"><ele>-2.0</ele><time>2025-11-14T12:19:13.471Z</time></trkpt><trkpt lat="41.39249333" lon="2.206935"><ele>-2.0</ele><time>2025-11-14T12:19:14.472Z</time></trkpt><trkpt lat="41.39248333" lon="2.20694333"><ele>-3.0</ele><time>2025-11-14T12:19:15.471Z</time></trkpt><trkpt lat="41.39250333" lon="2.20694333"><ele>-3.0</ele><time>2025-11-14T12:19:16.472Z</time></trkpt><trkpt lat="41.392505" lon="2.20694833"><ele>-3.0</ele><time>2025-11-14T12:19:17.471Z</time></trkpt><trkpt lat="41.39249167" lon="2.206945"><ele>-3.0</ele><time>2025-11-14T12:19:18.472Z</time></trkpt><trkpt lat="41.39249" lon="2.20694833"><ele>-4.0</ele><time>2025-11-14T12:19:19.472Z</time></trkpt><trkpt lat="41.392485" lon="2.206925"><ele>-4.0</ele><time>2025-11-14T12:19:20.471Z</time></trkpt><trkpt lat="41.39248167" lon="2.20691167"><ele>-4.0</ele><time>2025-11-14T12:19:21.472Z</time></trkpt><trkpt lat="41.39247167" lon="2.20691"><ele>-4.0</ele><time>2025-11-14T12:19:22.472Z</time></trkpt><trkpt lat="41.392455" lon="2.20690667"><ele>-4.0</ele><time>2025-11-14T12:19:23.471Z</time></trkpt><trkpt lat="41.39244833" lon="2.2069"><ele>-4.0</ele><time>2025-11-14T12:19:24.471Z</time></trkpt><trkpt lat="41.392435" lon="2.20689833"><ele>-4.0</ele><time>2025-11-14T12:19:25.472Z</time></trkpt><trkpt lat="41.392435" lon="2.20684833"><ele>-5.0</ele><time>2025-11-14T12:19:26.471Z</time></trkpt><trkpt lat="41.39243333" lon="2.206815"><ele>-12.0</ele><time>2025-11-14T12:19:27.472Z</time></trkpt><trkpt lat="41.39242333" lon="2.20678667"><ele>-18.0</ele><time>2025-11-14T12:19:28.472Z</time></trkpt><trkpt lat="41.39244167" lon="2.20682167"><ele>-22.0</ele><time>2025-11-14T12:19:29.471Z</time></trkpt><trkpt lat="41.39241833" lon="2.206835"><ele>-26.0</ele><time>2025-11-14T12:19:30.471Z</time></trkpt><trkpt lat="41.39240167" lon="2.20684667"><ele>-29.0</ele><time>2025-11-14T12:19:31.471Z</time></trkpt><trkpt lat="41.39238" lon="2.20686333"><ele>-31.0</ele><time>2025-11-14T12:19:32.472Z</time></trkpt><trkpt lat="41.39214333" lon="2.20699167"><ele>-34.0</ele><time>2025-11-14T12:19:44.471Z</time></trkpt><trkpt lat="41.392155" lon="2.20697833"><ele>-36.0</ele><time>2025-11-14T12:19:45.472Z</time></trkpt><trkpt lat="41.39228167" lon="2.20690333"><ele>-37.0</ele><time>2025-11-14T12:19:46.472Z</time></trkpt><trkpt lat="41.39228833" lon="2.20688333"><ele>-38.0</ele><time>2025-11-14T12:19:47.471Z</time></trkpt><trkpt lat="41.39232167" lon="2.20687833"><ele>-40.0</ele><time>2025-11-14T12:19:48.471Z</time></trkpt><trkpt lat="41.39234333" lon="2.20685167"><ele>-39.0</ele><time>2025-11-14T12:19:49.471Z</time></trkpt><trkpt lat="41.392345" lon="2.20683167"><ele>-39.0</ele><time>2025-11-14T12:19:50.472Z</time></trkpt><trkpt lat="41.39226667" lon="2.20683833"><ele>-39.0</ele><time>2025-11-14T12:20:15.471Z</time></trkpt><trkpt lat="41.39233667" lon="2.206965"><ele>-38.0</ele><time>2025-11-14T12:20:16.472Z</time></trkpt><trkpt lat="41.39223833" lon="2.206715"><ele>-36.0</ele><time>2025-11-14T12:21:35.472Z</time></trkpt><trkpt lat="41.39197833" lon="2.20671667"><ele>-33.0</ele><time>2025-11-14T12:21:36.472Z</time></trkpt><trkpt lat="41.39195833" lon="2.20669333"><ele>-31.0</ele><time>2025-11-14T12:21:37.471Z</time></trkpt><trkpt lat="41.39230833" lon="2.20694667"><ele>-31.0</ele><time>2025-11-14T12:21:42.471Z</time></trkpt><trkpt lat="41.39225667" lon="2.20686167"><ele>-28.0</ele><time>2025-11-14T12:21:43.471Z</time></trkpt><trkpt lat="41.39225333" lon="2.20685667"><ele>-26.0</ele><time>2025-11-14T12:21:44.471Z</time></trkpt><trkpt lat="41.39224333" lon="2.20687333"><ele>-25.0</ele><time>2025-11-14T12:21:45.472Z</time></trkpt><trkpt lat="41.39225" lon="2.206795"><ele>-24.0</ele><time>2025-11-14T12:21:47.471Z</time></trkpt><trkpt lat="41.39224833" lon="2.20679"><ele>-24.0</ele><time>2025-11-14T12:21:48.471Z</time></trkpt><trkpt lat="41.39224833" lon="2.20678667"><ele>-23.0</ele><time>2025-11-14T12:21:49.471Z</time></trkpt><trkpt lat="41.39225" lon="2.206785"><ele>-21.0</ele><time>2025-11-14T12:21:50.472Z</time></trkpt><trkpt lat="41.392255" lon="2.20678"><ele>-20.0</ele><time>2025-11-14T12:21:59.471Z</time></trkpt><trkpt lat="41.39225667" lon="2.20674833"><ele>-19.0</ele><time>2025-11-14T12:22:00.472Z</time></trkpt><trkpt lat="41.39224667" lon="2.20675333"><ele>-18.0</ele><time>2025-11-14T12:22:01.471Z</time></trkpt><trkpt lat="41.392265" lon="2.20675167"><ele>-18.0</ele><time>2025-11-14T12:22:02.471Z</time></trkpt><trkpt lat="41.39225833" lon="2.20672833"><ele>-17.0</ele><time>2025-11-14T12:22:03.472Z</time></trkpt><trkpt lat="41.39226167" lon="2.20672833"><ele>-17.0</ele><time>2025-11-14T12:22:04.472Z</time></trkpt><trkpt lat="41.39226167" lon="2.20672333"><ele>-16.0</ele><time>2025-11-14T12:22:05.471Z</time></trkpt><trkpt lat="41.39226667" lon="2.20671833"><ele>-16.0</ele><time>2025-11-14T12:22:06.472Z</time></trkpt><trkpt lat="41.39226833" lon="2.20669167"><ele>-15.0</ele><time>2025-11-14T12:22:07.471Z</time></trkpt><trkpt lat="41.39226833" lon="2.20669"><ele>-15.0</ele><time>2025-11-14T12:22:08.471Z</time></trkpt><trkpt lat="41.39226667" lon="2.2067"><ele>-16.0</ele><time>2025-11-14T12:22:09.471Z</time></trkpt><trkpt lat="41.39226833" lon="2.20670333"><ele>-14.0</ele><time>2025-11-14T12:22:10.471Z</time></trkpt><trkpt lat="41.39227" lon="2.20668833"><ele>-14.0</ele><time>2025-11-14T12:22:11.472Z</time></trkpt><trkpt lat="41.39227333" lon="2.20667833"><ele>-14.0</ele><time>2025-11-14T12:22:12.471Z</time></trkpt><trkpt lat="41.39227167" lon="2.20668"><ele>-14.0</ele><time>2025-11-14T12:22:13.471Z</time></trkpt><trkpt lat="41.39226667" lon="2.20667333"><ele>-13.0</ele><time>2025-11-14T12:22:14.472Z</time></trkpt><trkpt lat="41.39225667" lon="2.20665833"><ele>-13.0</ele><time>2025-11-14T12:22:15.471Z</time></trkpt><trkpt lat="41.39223833" lon="2.20664"><ele>-13.0</ele><time>2025-11-14T12:22:19.472Z</time></trkpt><trkpt lat="41.39226167" lon="2.20664667"><ele>-13.0</ele><time>2025-11-14T12:22:20.471Z</time></trkpt><trkpt lat="41.39228667" lon="2.20665833"><ele>-13.0</ele><time>2025-11-14T12:22:21.471Z</time></trkpt><trkpt lat="41.39233667" lon="2.20663"><ele>-13.0</ele><time>2025-11-14T12:22:26.472Z</time></trkpt><trkpt lat="41.39231667" lon="2.20667333"><ele>-13.0</ele><time>2025-11-14T12:22:27.471Z</time></trkpt><trkpt lat="41.39231167" lon="2.20667667"><ele>-13.0</ele><time>2025-11-14T12:22:28.472Z</time></trkpt><trkpt lat="41.39215167" lon="2.20661167"><ele>-13.0</ele><time>2025-11-14T12:25:50.471Z</time></trkpt><trkpt lat="41.39213667" lon="2.20673"><ele>-13.0</ele><time>2025-11-14T12:25:51.471Z</time></trkpt><trkpt lat="41.39194833" lon="2.20702333"><ele>-13.0</ele><time>2025-11-14T12:25:52.471Z</time></trkpt><trkpt lat="41.39228333" lon="2.20671167"><ele>-13.0</ele><time>2025-11-14T12:25:53.471Z</time></trkpt><trkpt lat="41.39215" lon="2.20661667"><ele>-15.0</ele><time>2025-11-14T12:26:01.472Z</time></trkpt><trkpt lat="41.39201667" lon="2.20667333"><ele>-14.0</ele><time>2025-11-14T12:26:02.471Z</time></trkpt><trkpt lat="41.39190667" lon="2.20671"><ele>-14.0</ele><time>2025-11-14T12:26:03.472Z</time></trkpt><trkpt lat="41.39202" lon="2.206635"><ele>-14.0</ele><time>2025-11-14T12:26:04.472Z</time></trkpt><trkpt lat="41.39207833" lon="2.206705"><ele>-14.0</ele><time>2025-11-14T12:26:05.471Z</time></trkpt><trkpt lat="41.392055" lon="2.206765"><ele>-14.0</ele><time>2025-11-14T12:26:07.472Z</time></trkpt><trkpt lat="41.392045" lon="2.20677"><ele>-14.0</ele><time>2025-11-14T12:26:08.472Z</time></trkpt><trkpt lat="41.39201333" lon="2.206755"><ele>-14.0</ele><time>2025-11-14T12:26:09.471Z</time></trkpt><trkpt lat="41.392005" lon="2.206765"><ele>-14.0</ele><time>2025-11-14T12:26:20.472Z</time></trkpt><trkpt lat="41.39199833" lon="2.20671833"><ele>-14.0</ele><time>2025-11-14T12:26:21.471Z</time></trkpt><trkpt lat="41.39199833" lon="2.20671833"><ele>-14.0</ele><time>2025-11-14T12:26:22.471Z</time></trkpt><trkpt lat="41.39202833" lon="2.20666667"><ele>-15.0</ele><time>2025-11-14T12:26:23.471Z</time></trkpt><trkpt lat="41.39202667" lon="2.20665667"><ele>-15.0</ele><time>2025-11-14T12:26:24.471Z</time></trkpt><trkpt lat="41.39202833" lon="2.20663333"><ele>-13.0</ele><time>2025-11-14T12:26:25.472Z</time></trkpt><trkpt lat="41.392" lon="2.20660167"><ele>-13.0</ele><time>2025-11-14T12:26:26.472Z</time></trkpt><trkpt lat="41.39199167" lon="2.20659333"><ele>-13.0</ele><time>2025-11-14T12:26:27.471Z</time></trkpt><trkpt lat="41.39198667" lon="2.20659"><ele>-12.0</ele><time>2025-11-14T12:26:28.471Z</time></trkpt><trkpt lat="41.39198333" lon="2.20657333"><ele>-12.0</ele><time>2025-11-14T12:26:29.471Z</time></trkpt><trkpt lat="41.39197167" lon="2.20655833"><ele>-12.0</ele><time>2025-11-14T12:26:30.472Z</time></trkpt><trkpt lat="41.39196167" lon="2.20655167"><ele>-12.0</ele><time>2025-11-14T12:26:31.472Z</time></trkpt><trkpt lat="41.39194833" lon="2.20654333"><ele>-11.0</ele><time>2025-11-14T12:26:32.472Z</time></trkpt><trkpt lat="41.39194" lon="2.20653167"><ele>-11.0</ele><time>2025-11-14T12:26:33.472Z</time></trkpt><trkpt lat="41.39193" lon="2.206525"><ele>-11.0</ele><time>2025-11-14T12:26:34.471Z</time></trkpt><trkpt lat="41.39215667" lon="2.205775"><ele>-11.0</ele><time>2025-11-14T12:27:10.471Z</time></trkpt><trkpt lat="41.39208167" lon="2.20571167"><ele>-12.0</ele><time>2025-11-14T12:27:11.471Z</time></trkpt><trkpt lat="41.39207833" lon="2.20571"><ele>-12.0</ele><time>2025-11-14T12:27:12.472Z</time></trkpt><trkpt lat="41.39207333" lon="2.20571333"><ele>-12.0</ele><time>2025-11-14T12:27:13.471Z</time></trkpt><trkpt lat="41.39206333" lon="2.20569833"><ele>-13.0</ele><time>2025-11-14T12:27:14.472Z</time></trkpt><trkpt lat="41.39205333" lon="2.2057"><ele>-13.0</ele><time>2025-11-14T12:27:15.472Z</time></trkpt><trkpt lat="41.39203833" lon="2.205705"><ele>-13.0</ele><time>2025-11-14T12:27:16.472Z</time></trkpt><trkpt lat="41.39203667" lon="2.20571333"><ele>-13.0</ele><time>2025-11-14T12:27:17.472Z</time></trkpt><trkpt lat="41.39202667" lon="2.20571833"><ele>-13.0</ele><time>2025-11-14T12:27:18.472Z</time></trkpt><trkpt lat="41.392005" lon="2.20573167"><ele>-15.0</ele><time>2025-11-14T12:27:19.472Z</time></trkpt><trkpt lat="41.392" lon="2.20573167"><ele>-15.0</ele><time>2025-11-14T12:27:20.471Z</time></trkpt><trkpt lat="41.392005" lon="2.20571833"><ele>-13.0</ele><time>2025-11-14T12:27:21.472Z</time></trkpt><trkpt lat="41.39200833" lon="2.20570833"><ele>-13.0</ele><time>2025-11-14T12:27:22.472Z</time></trkpt><trkpt lat="41.39201" lon="2.20570667"><ele>-13.0</ele><time>2025-11-14T12:27:23.472Z</time></trkpt><trkpt lat="41.39200833" lon="2.20570333"><ele>-12.0</ele><time>2025-11-14T12:27:24.471Z</time></trkpt><trkpt lat="41.39200333" lon="2.20570333"><ele>-12.0</ele><time>2025-11-14T12:27:25.472Z</time></trkpt><trkpt lat="41.39199667" lon="2.2057"><ele>-12.0</ele><time>2025-11-14T12:27:26.471Z</time></trkpt><trkpt lat="41.39198667" lon="2.20568667"><ele>-13.0</ele><time>2025-11-14T12:27:27.472Z</time></trkpt><trkpt lat="41.39198667" lon="2.20566833"><ele>-11.0</ele><time>2025-11-14T12:27:28.471Z</time></trkpt><trkpt lat="41.39198333" lon="2.20565667"><ele>-11.0</ele><time>2025-11-14T12:27:29.471Z</time></trkpt><trkpt lat="41.39198" lon="2.20563667"><ele>-11.0</ele><time>2025-11-14T12:27:33.472Z</time></trkpt><trkpt lat="41.39197" lon="2.20563667"><ele>-11.0</ele><time>2025-11-14T12:27:34.472Z</time></trkpt><trkpt lat="41.391965" lon="2.20563167"><ele>-11.0</ele><time>2025-11-14T12:27:35.472Z</time></trkpt><trkpt lat="41.391955" lon="2.20562"><ele>-12.0</ele><time>2025-11-14T12:27:36.472Z</time></trkpt><trkpt lat="41.39195" lon="2.20561"><ele>-12.0</ele><time>2025-11-14T12:27:37.472Z</time></trkpt><trkpt lat="41.39194167" lon="2.205605"><ele>-12.0</ele><time>2025-11-14T12:27:38.472Z</time></trkpt><trkpt lat="41.391925" lon="2.20560333"><ele>-12.0</ele><time>2025-11-14T12:27:39.471Z</time></trkpt><trkpt lat="41.39191667" lon="2.20560667"><ele>-10.0</ele><time>2025-11-14T12:27:40.472Z</time></trkpt><trkpt lat="41.39191" lon="2.205605"><ele>-10.0</ele><time>2025-11-14T12:27:41.472Z</time></trkpt><trkpt lat="41.391905" lon="2.20560667"><ele>-10.0</ele><time>2025-11-14T12:27:42.471Z</time></trkpt><trkpt lat="41.39189833" lon="2.20561"><ele>-10.0</ele><time>2025-11-14T12:27:43.472Z</time></trkpt><trkpt lat="41.391895" lon="2.20561167"><ele>-11.0</ele><time>2025-11-14T12:27:44.472Z</time></trkpt><trkpt lat="41.39189" lon="2.20561333"><ele>-9.0</ele><time>2025-11-14T12:27:45.471Z</time></trkpt><trkpt lat="41.39188833" lon="2.20560833"><ele>-9.0</ele><time>2025-11-14T12:27:46.471Z</time></trkpt><trkpt lat="41.39188333" lon="2.20560333"><ele>-9.0</ele><time>2025-11-14T12:27:47.471Z</time></trkpt><trkpt lat="41.39187833" lon="2.20560167"><ele>-9.0</ele><time>2025-11-14T12:27:48.472Z</time></trkpt><trkpt lat="41.39187333" lon="2.20560167"><ele>-9.0</ele><time>2025-11-14T12:27:49.472Z</time></trkpt><trkpt lat="41.39186667" lon="2.2056"><ele>-8.0</ele><time>2025-11-14T12:27:50.472Z</time></trkpt><trkpt lat="41.39186" lon="2.20559167"><ele>-8.0</ele><time>2025-11-14T12:27:51.471Z</time></trkpt><trkpt lat="41.39185333" lon="2.205585"><ele>-8.0</ele><time>2025-11-14T12:27:52.472Z</time></trkpt><trkpt lat="41.39185" lon="2.20558167"><ele>-8.0</ele><time>2025-11-14T12:27:53.471Z</time></trkpt><trkpt lat="41.39184333" lon="2.205585"><ele>-8.0</ele><time>2025-11-14T12:27:54.471Z</time></trkpt><trkpt lat="41.391845" lon="2.20558333"><ele>-8.0</ele><time>2025-11-14T12:27:55.471Z</time></trkpt><trkpt lat="41.391845" lon="2.20558333"><ele>-8.0</ele><time>2025-11-14T12:27:56.471Z</time></trkpt><trkpt lat="41.39184667" lon="2.20557167"><ele>-8.0</ele><time>2025-11-14T12:27:57.471Z</time></trkpt><trkpt lat="41.39184667" lon="2.20556833"><ele>-8.0</ele><time>2025-11-14T12:27:58.471Z</time></trkpt><trkpt lat="41.391845" lon="2.205565"><ele>-8.0</ele><time>2025-11-14T12:27:59.471Z</time></trkpt><trkpt lat="41.39184167" lon="2.20556667"><ele>-8.0</ele><time>2025-11-14T12:28:00.471Z</time></trkpt><trkpt lat="41.39183667" lon="2.20557"><ele>-8.0</ele><time>2025-11-14T12:28:01.472Z</time></trkpt><trkpt lat="41.39183667" lon="2.20556667"><ele>-8.0</ele><time>2025-11-14T12:28:02.472Z</time></trkpt><trkpt lat="41.39184333" lon="2.205555"><ele>-9.0</ele><time>2025-11-14T12:28:03.472Z</time></trkpt><trkpt lat="41.39184667" lon="2.20553833"><ele>-7.0</ele><time>2025-11-14T12:28:04.471Z</time></trkpt><trkpt lat="41.391845" lon="2.205525"><ele>-7.0</ele><time>2025-11-14T12:28:05.471Z</time></trkpt><trkpt lat="41.39184333" lon="2.20552167"><ele>-7.0</ele><time>2025-11-14T12:28:06.471Z</time></trkpt><trkpt lat="41.39184333" lon="2.205525"><ele>-7.0</ele><time>2025-11-14T12:28:07.471Z</time></trkpt><trkpt lat="41.39184167" lon="2.20553333"><ele>-7.0</ele><time>2025-11-14T12:28:08.471Z</time></trkpt><trkpt lat="41.39183833" lon="2.20554167"><ele>-7.0</ele><time>2025-11-14T12:28:09.471Z</time></trkpt><trkpt lat="41.391835" lon="2.20554833"><ele>-7.0</ele><time>2025-11-14T12:28:10.472Z</time></trkpt><trkpt lat="41.39191667" lon="2.20549167"><ele>-7.0</ele><time>2025-11-14T12:28:26.472Z</time></trkpt><trkpt lat="41.39193167" lon="2.20546167"><ele>-7.0</ele><time>2025-11-14T12:28:27.471Z</time></trkpt><trkpt lat="41.39192833" lon="2.20546667"><ele>-7.0</ele><time>2025-11-14T12:28:28.472Z</time></trkpt><trkpt lat="41.391925" lon="2.20547167"><ele>-7.0</ele><time>2025-11-14T12:28:29.471Z</time></trkpt><trkpt lat="41.39193167" lon="2.20546667"><ele>-7.0</ele><time>2025-11-14T12:28:30.472Z</time></trkpt><trkpt lat="41.391935" lon="2.20546167"><ele>-7.0</ele><time>2025-11-14T12:28:31.471Z</time></trkpt><trkpt lat="41.39193833" lon="2.20545333"><ele>-7.0</ele><time>2025-11-14T12:28:32.471Z</time></trkpt><trkpt lat="41.39194333" lon="2.20545167"><ele>-7.0</ele><time>2025-11-14T12:28:33.471Z</time></trkpt><trkpt lat="41.39194667" lon="2.20545333"><ele>-7.0</ele><time>2025-11-14T12:28:34.471Z</time></trkpt><trkpt lat="41.39195" lon="2.20545667"><ele>-7.0</ele><time>2025-11-14T12:28:35.471Z</time></trkpt><trkpt lat="41.39195667" lon="2.20545833"><ele>-7.0</ele><time>2025-11-14T12:28:36.472Z</time></trkpt><trkpt lat="41.391965" lon="2.20546167"><ele>-7.0</ele><time>2025-11-14T12:28:37.472Z</time></trkpt><trkpt lat="41.39197333" lon="2.20546667"><ele>-7.0</ele><time>2025-11-14T12:28:38.472Z</time></trkpt><trkpt lat="41.39197833" lon="2.20547"><ele>-7.0</ele><time>2025-11-14T12:28:39.472Z</time></trkpt><trkpt lat="41.39199167" lon="2.20547333"><ele>-7.0</ele><time>2025-11-14T12:28:40.471Z</time></trkpt><trkpt lat="41.392" lon="2.20547333"><ele>-7.0</ele><time>2025-11-14T12:28:41.472Z</time></trkpt><trkpt lat="41.39200667" lon="2.20547167"><ele>-7.0</ele><time>2025-11-14T12:28:42.472Z</time></trkpt><trkpt lat="41.39201" lon="2.205465"><ele>-8.0</ele><time>2025-11-14T12:28:43.472Z</time></trkpt><trkpt lat="41.392015" lon="2.20546"><ele>-6.0</ele><time>2025-11-14T12:28:44.472Z</time></trkpt><trkpt lat="41.39201833" lon="2.20545833"><ele>-6.0</ele><time>2025-11-14T12:28:45.471Z</time></trkpt><trkpt lat="41.39202167" lon="2.20545667"><ele>-6.0</ele><time>2025-11-14T12:28:46.472Z</time></trkpt><trkpt lat="41.39202667" lon="2.20546167"><ele>-6.0</ele><time>2025-11-14T12:28:47.472Z</time></trkpt><trkpt lat="41.39203333" lon="2.20546667"><ele>-8.0</ele><time>2025-11-14T12:28:48.472Z</time></trkpt><trkpt lat="41.39203833" lon="2.20546333"><ele>-7.0</ele><time>2025-11-14T12:28:49.472Z</time></trkpt><trkpt lat="41.39204167" lon="2.20546167"><ele>-7.0</ele><time>2025-11-14T12:28:50.471Z</time></trkpt><trkpt lat="41.39204667" lon="2.20546"><ele>-7.0</ele><time>2025-11-14T12:28:51.472Z</time></trkpt><trkpt lat="41.39205167" lon="2.205455"><ele>-7.0</ele><time>2025-11-14T12:28:52.472Z</time></trkpt><trkpt lat="41.39206" lon="2.20545167"><ele>-7.0</ele><time>2025-11-14T12:28:53.472Z</time></trkpt><trkpt lat="41.392065" lon="2.20544667"><ele>-7.0</ele><time>2025-11-14T12:28:54.471Z</time></trkpt><trkpt lat="41.39207" lon="2.20543833"><ele>-6.0</ele><time>2025-11-14T12:28:55.471Z</time></trkpt><trkpt lat="41.39207333" lon="2.20543"><ele>-6.0</ele><time>2025-11-14T12:28:56.471Z</time></trkpt><trkpt lat="41.392075" lon="2.20542167"><ele>-6.0</ele><time>2025-11-14T12:28:57.471Z</time></trkpt><trkpt lat="41.39207667" lon="2.205415"><ele>-6.0</ele><time>2025-11-14T12:28:58.471Z</time></trkpt><trkpt lat="41.39208167" lon="2.20540667"><ele>-6.0</ele><time>2025-11-14T12:28:59.471Z</time></trkpt><trkpt lat="41.39208833" lon="2.2054"><ele>-6.0</ele><time>2025-11-14T12:29:00.472Z</time></trkpt><trkpt lat="41.3921" lon="2.20539833"><ele>-6.0</ele><time>2025-11-14T12:29:01.472Z</time></trkpt><trkpt lat="41.39210833" lon="2.20540333"><ele>-6.0</ele><time>2025-11-14T12:29:02.471Z</time></trkpt><trkpt lat="41.39211667" lon="2.20540667"><ele>-6.0</ele><time>2025-11-14T12:29:03.471Z</time></trkpt><trkpt lat="41.39212333" lon="2.20541167"><ele>-6.0</ele><time>2025-11-14T12:29:04.471Z</time></trkpt><trkpt lat="41.39213167" lon="2.20541333"><ele>-6.0</ele><time>2025-11-14T12:29:05.471Z</time></trkpt><trkpt lat="41.39214" lon="2.20541167"><ele>-6.0</ele><time>2025-11-14T12:29:06.471Z</time></trkpt><trkpt lat="41.39214833" lon="2.20541167"><ele>-6.0</ele><time>2025-11-14T12:29:07.471Z</time></trkpt><trkpt lat="41.39215167" lon="2.20541"><ele>-6.0</ele><time>2025-11-14T12:29:08.471Z</time></trkpt><trkpt lat="41.39215333" lon="2.20540833"><ele>-8.0</ele><time>2025-11-14T12:29:09.471Z</time></trkpt><trkpt lat="41.392155" lon="2.20540833"><ele>-7.0</ele><time>2025-11-14T12:29:10.471Z</time></trkpt><trkpt lat="41.39215333" lon="2.20540667"><ele>-7.0</ele><time>2025-11-14T12:29:11.472Z</time></trkpt><trkpt lat="41.39215333" lon="2.20540833"><ele>-7.0</ele><time>2025-11-14T12:29:12.472Z</time></trkpt><trkpt lat="41.39215" lon="2.20541167"><ele>-8.0</ele><time>2025-11-14T12:29:13.472Z</time></trkpt><trkpt lat="41.39214667" lon="2.20541333"><ele>-6.0</ele><time>2025-11-14T12:29:14.472Z</time></trkpt><trkpt lat="41.39214667" lon="2.20541333"><ele>-6.0</ele><time>2025-11-14T12:29:15.472Z</time></trkpt><trkpt lat="41.39214833" lon="2.20541167"><ele>-6.0</ele><time>2025-11-14T12:29:16.472Z</time></trkpt><trkpt lat="41.39214833" lon="2.20541167"><ele>-6.0</ele><time>2025-11-14T12:29:17.472Z</time></trkpt><trkpt lat="41.39214833" lon="2.20541167"><ele>-7.0</ele><time>2025-11-14T12:29:18.472Z</time></trkpt><trkpt lat="41.39214833" lon="2.20541167"><ele>-7.0</ele><time>2025-11-14T12:29:19.472Z</time></trkpt><trkpt lat="41.39214833" lon="2.20541167"><ele>-7.0</ele><time>2025-11-14T12:29:20.472Z</time></trkpt><trkpt lat="41.39214833" lon="2.20541167"><ele>-7.0</ele><time>2025-11-14T12:29:21.471Z</time></trkpt><trkpt lat="41.39215" lon="2.205415"><ele>-7.0</ele><time>2025-11-14T12:29:22.472Z</time></trkpt><trkpt lat="41.39216167" lon="2.20543"><ele>-9.0</ele><time>2025-11-14T12:29:23.472Z</time></trkpt><trkpt lat="41.39217167" lon="2.20544333"><ele>-8.0</ele><time>2025-11-14T12:29:24.472Z</time></trkpt><trkpt lat="41.39218167" lon="2.20545833"><ele>-8.0</ele><time>2025-11-14T12:29:25.472Z</time></trkpt><trkpt lat="41.39219" lon="2.20547167"><ele>-8.0</ele><time>2025-11-14T12:29:26.472Z</time></trkpt><trkpt lat="41.39219667" lon="2.205485"><ele>-10.0</ele><time>2025-11-14T12:29:27.472Z</time></trkpt><trkpt lat="41.39220333" lon="2.2055"><ele>-9.0</ele><time>2025-11-14T12:29:28.471Z</time></trkpt><trkpt lat="41.39221" lon="2.20551667"><ele>-9.0</ele><time>2025-11-14T12:29:29.471Z</time></trkpt><trkpt lat="41.39221833" lon="2.205535"><ele>-10.0</ele><time>2025-11-14T12:29:30.471Z</time></trkpt><trkpt lat="41.39222333" lon="2.20555"><ele>-10.0</ele><time>2025-11-14T12:29:31.472Z</time></trkpt><trkpt lat="41.39222667" lon="2.20556333"><ele>-10.0</ele><time>2025-11-14T12:29:32.471Z</time></trkpt><trkpt lat="41.39223" lon="2.20558333"><ele>-10.0</ele><time>2025-11-14T12:29:33.471Z</time></trkpt><trkpt lat="41.39222833" lon="2.205605"><ele>-10.0</ele><time>2025-11-14T12:29:34.471Z</time></trkpt><trkpt lat="41.39222667" lon="2.20562333"><ele>-10.0</ele><time>2025-11-14T12:29:35.472Z</time></trkpt><trkpt lat="41.39222833" lon="2.20564167"><ele>-10.0</ele><time>2025-11-14T12:29:36.471Z</time></trkpt><trkpt lat="41.39223167" lon="2.20565833"><ele>-10.0</ele><time>2025-11-14T12:29:37.471Z</time></trkpt><trkpt lat="41.39223167" lon="2.20567833"><ele>-10.0</ele><time>2025-11-14T12:29:38.471Z</time></trkpt><trkpt lat="41.39222833" lon="2.20569667"><ele>-10.0</ele><time>2025-11-14T12:29:39.471Z</time></trkpt><trkpt lat="41.39223167" lon="2.20571"><ele>-10.0</ele><time>2025-11-14T12:29:40.471Z</time></trkpt><trkpt lat="41.39223333" lon="2.20572333"><ele>-11.0</ele><time>2025-11-14T12:29:41.471Z</time></trkpt><trkpt lat="41.392235" lon="2.20573333"><ele>-9.0</ele><time>2025-11-14T12:29:42.471Z</time></trkpt><trkpt lat="41.392235" lon="2.205745"><ele>-9.0</ele><time>2025-11-14T12:29:43.472Z</time></trkpt><trkpt lat="41.39223667" lon="2.205755"><ele>-8.0</ele><time>2025-11-14T12:29:44.472Z</time></trkpt><trkpt lat="41.39223667" lon="2.20576667"><ele>-8.0</ele><time>2025-11-14T12:29:45.472Z</time></trkpt><trkpt lat="41.39223667" lon="2.205775"><ele>-9.0</ele><time>2025-11-14T12:29:46.472Z</time></trkpt><trkpt lat="41.39223833" lon="2.20577833"><ele>-9.0</ele><time>2025-11-14T12:29:47.471Z</time></trkpt><trkpt lat="41.39223333" lon="2.20579"><ele>-9.0</ele><time>2025-11-14T12:29:48.471Z</time></trkpt><trkpt lat="41.39222833" lon="2.20580833"><ele>-10.0</ele><time>2025-11-14T12:29:49.472Z</time></trkpt><trkpt lat="41.39221667" lon="2.20582167"><ele>-10.0</ele><time>2025-11-14T12:29:50.472Z</time></trkpt><trkpt lat="41.39221333" lon="2.205835"><ele>-10.0</ele><time>2025-11-14T12:29:51.472Z</time></trkpt><trkpt lat="41.39221333" lon="2.205845"><ele>-10.0</ele><time>2025-11-14T12:29:52.471Z</time></trkpt><trkpt lat="41.39221333" lon="2.20585667"><ele>-12.0</ele><time>2025-11-14T12:29:53.472Z</time></trkpt><trkpt lat="41.39221333" lon="2.20586833"><ele>-11.0</ele><time>2025-11-14T12:29:54.471Z</time></trkpt><trkpt lat="41.39221333" lon="2.20588"><ele>-11.0</ele><time>2025-11-14T12:29:55.471Z</time></trkpt><trkpt lat="41.39221667" lon="2.20589333"><ele>-11.0</ele><time>2025-11-14T12:29:56.471Z</time></trkpt><trkpt lat="41.39222" lon="2.205905"><ele>-11.0</ele><time>2025-11-14T12:29:57.471Z</time></trkpt><trkpt lat="41.39222333" lon="2.20591167"><ele>-11.0</ele><time>2025-11-14T12:29:58.471Z</time></trkpt><trkpt lat="41.392225" lon="2.205915"><ele>-11.0</ele><time>2025-11-14T12:29:59.471Z</time></trkpt><trkpt lat="41.392225" lon="2.205915"><ele>-11.0</ele><time>2025-11-14T12:30:00.471Z</time></trkpt><trkpt lat="41.392225" lon="2.20591833"><ele>-11.0</ele><time>2025-11-14T12:30:01.472Z</time></trkpt><trkpt lat="41.392225" lon="2.20592667"><ele>-11.0</ele><time>2025-11-14T12:30:02.471Z</time></trkpt><trkpt lat="41.39227167" lon="2.205985"><ele>-11.0</ele><time>2025-11-14T12:30:07.471Z</time></trkpt><trkpt lat="41.39228833" lon="2.20599"><ele>-13.0</ele><time>2025-11-14T12:30:08.472Z</time></trkpt><trkpt lat="41.39230333" lon="2.205995"><ele>-12.0</ele><time>2025-11-14T12:30:09.471Z</time></trkpt><trkpt lat="41.39227" lon="2.20601667"><ele>-12.0</ele><time>2025-11-14T12:30:10.471Z</time></trkpt><trkpt lat="41.392265" lon="2.20604"><ele>-12.0</ele><time>2025-11-14T12:30:11.471Z</time></trkpt><trkpt lat="41.39226" lon="2.20604833"><ele>-12.0</ele><time>2025-11-14T12:30:12.471Z</time></trkpt><trkpt lat="41.392255" lon="2.20604667"><ele>-12.0</ele><time>2025-11-14T12:30:13.471Z</time></trkpt><trkpt lat="41.39225" lon="2.20606333"><ele>-12.0</ele><time>2025-11-14T12:30:14.472Z</time></trkpt><trkpt lat="41.39224167" lon="2.20608167"><ele>-12.0</ele><time>2025-11-14T12:30:15.471Z</time></trkpt><trkpt lat="41.39223167" lon="2.20610167"><ele>-12.0</ele><time>2025-11-14T12:30:16.472Z</time></trkpt><trkpt lat="41.39222833" lon="2.20611667"><ele>-14.0</ele><time>2025-11-14T12:30:17.471Z</time></trkpt><trkpt lat="41.39222167" lon="2.20615833"><ele>-14.0</ele><time>2025-11-14T12:30:19.472Z</time></trkpt><trkpt lat="41.39221333" lon="2.206175"><ele>-13.0</ele><time>2025-11-14T12:30:20.472Z</time></trkpt><trkpt lat="41.39220833" lon="2.206185"><ele>-13.0</ele><time>2025-11-14T12:30:21.472Z</time></trkpt><trkpt lat="41.3922" lon="2.206195"><ele>-13.0</ele><time>2025-11-14T12:30:22.471Z</time></trkpt><trkpt lat="41.39218167" lon="2.20624"><ele>-13.0</ele><time>2025-11-14T12:30:24.471Z</time></trkpt><trkpt lat="41.39217833" lon="2.20624833"><ele>-13.0</ele><time>2025-11-14T12:30:25.471Z</time></trkpt><trkpt lat="41.39215833" lon="2.20619833"><ele>-13.0</ele><time>2025-11-14T12:30:26.471Z</time></trkpt><trkpt lat="41.39215333" lon="2.20620667"><ele>-15.0</ele><time>2025-11-14T12:30:27.471Z</time></trkpt><trkpt lat="41.39216167" lon="2.20621333"><ele>-14.0</ele><time>2025-11-14T12:30:28.471Z</time></trkpt><trkpt lat="41.39216833" lon="2.20621833"><ele>-14.0</ele><time>2025-11-14T12:30:29.472Z</time></trkpt><trkpt lat="41.39216833" lon="2.20623"><ele>-16.0</ele><time>2025-11-14T12:30:30.471Z</time></trkpt><trkpt lat="41.39217" lon="2.20622167"><ele>-14.0</ele><time>2025-11-14T12:30:31.472Z</time></trkpt><trkpt lat="41.39217667" lon="2.20623167"><ele>-14.0</ele><time>2025-11-14T12:30:32.472Z</time></trkpt><trkpt lat="41.39215333" lon="2.20623167"><ele>-14.0</ele><time>2025-11-14T12:30:33.471Z</time></trkpt><trkpt lat="41.39212667" lon="2.206245"><ele>-14.0</ele><time>2025-11-14T12:30:34.471Z</time></trkpt><trkpt lat="41.39210167" lon="2.20625"><ele>-14.0</ele><time>2025-11-14T12:30:35.471Z</time></trkpt><trkpt lat="41.39207667" lon="2.20626833"><ele>-14.0</ele><time>2025-11-14T12:30:36.471Z</time></trkpt><trkpt lat="41.39209667" lon="2.20625167"><ele>-14.0</ele><time>2025-11-14T12:30:37.471Z</time></trkpt><trkpt lat="41.3921" lon="2.20625"><ele>-13.0</ele><time>2025-11-14T12:30:38.471Z</time></trkpt><trkpt lat="41.392105" lon="2.20624833"><ele>-13.0</ele><time>2025-11-14T12:30:39.472Z</time></trkpt><trkpt lat="41.39210333" lon="2.20625"><ele>-13.0</ele><time>2025-11-14T12:30:40.472Z</time></trkpt><trkpt lat="41.39210833" lon="2.20626"><ele>-13.0</ele><time>2025-11-14T12:30:41.471Z</time></trkpt><trkpt lat="41.39210833" lon="2.20625"><ele>-12.0</ele><time>2025-11-14T12:30:42.471Z</time></trkpt><trkpt lat="41.39210833" lon="2.20624667"><ele>-12.0</ele><time>2025-11-14T12:30:43.471Z</time></trkpt><trkpt lat="41.39210833" lon="2.20624833"><ele>-12.0</ele><time>2025-11-14T12:30:44.471Z</time></trkpt><trkpt lat="41.39210667" lon="2.20625667"><ele>-12.0</ele><time>2025-11-14T12:30:45.471Z</time></trkpt><trkpt lat="41.39223667" lon="2.20591167"><ele>-11.0</ele><time>2025-11-14T12:34:03.471Z</time></trkpt><trkpt lat="41.39226" lon="2.20609167"><ele>-9.0</ele><time>2025-11-14T12:34:04.471Z</time></trkpt><trkpt lat="41.39220667" lon="2.205795"><ele>-9.0</ele><time>2025-11-14T12:34:05.471Z</time></trkpt><trkpt lat="41.39225333" lon="2.205685"><ele>-11.0</ele><time>2025-11-14T12:34:10.472Z</time></trkpt><trkpt lat="41.392215" lon="2.20571"><ele>-14.0</ele><time>2025-11-14T12:34:11.471Z</time></trkpt><trkpt lat="41.39219833" lon="2.205715"><ele>-14.0</ele><time>2025-11-14T12:34:12.472Z</time></trkpt><trkpt lat="41.39219833" lon="2.205725"><ele>-13.0</ele><time>2025-11-14T12:34:13.472Z</time></trkpt><trkpt lat="41.39218833" lon="2.20574667"><ele>-14.0</ele><time>2025-11-14T12:34:14.471Z</time></trkpt><trkpt lat="41.392185" lon="2.20575667"><ele>-12.0</ele><time>2025-11-14T12:34:15.471Z</time></trkpt><trkpt lat="41.39218167" lon="2.20578167"><ele>-12.0</ele><time>2025-11-14T12:34:16.471Z</time></trkpt><trkpt lat="41.39215833" lon="2.20582667"><ele>-12.0</ele><time>2025-11-14T12:34:17.472Z</time></trkpt><trkpt lat="41.39214" lon="2.20585833"><ele>-12.0</ele><time>2025-11-14T12:34:18.471Z</time></trkpt><trkpt lat="41.39214" lon="2.20587167"><ele>-12.0</ele><time>2025-11-14T12:34:19.472Z</time></trkpt><trkpt lat="41.39213167" lon="2.20590333"><ele>-12.0</ele><time>2025-11-14T12:34:20.471Z</time></trkpt><trkpt lat="41.39212167" lon="2.20593"><ele>-13.0</ele><time>2025-11-14T12:34:21.472Z</time></trkpt><trkpt lat="41.392115" lon="2.20595167"><ele>-11.0</ele><time>2025-11-14T12:34:22.472Z</time></trkpt><trkpt lat="41.39210833" lon="2.20597833"><ele>-11.0</ele><time>2025-11-14T12:34:23.471Z</time></trkpt><trkpt lat="41.39210167" lon="2.20600333"><ele>-11.0</ele><time>2025-11-14T12:34:24.472Z</time></trkpt><trkpt lat="41.39209833" lon="2.20602"><ele>-11.0</ele><time>2025-11-14T12:34:25.471Z</time></trkpt><trkpt lat="41.39209333" lon="2.20605167"><ele>-11.0</ele><time>2025-11-14T12:34:26.472Z</time></trkpt><trkpt lat="41.39208833" lon="2.20607333"><ele>-11.0</ele><time>2025-11-14T12:34:27.471Z</time></trkpt><trkpt lat="41.39208833" lon="2.20610167"><ele>-11.0</ele><time>2025-11-14T12:34:29.471Z</time></trkpt><trkpt lat="41.392085" lon="2.20611833"><ele>-11.0</ele><time>2025-11-14T12:34:30.472Z</time></trkpt><trkpt lat="41.39204833" lon="2.20613"><ele>-11.0</ele><time>2025-11-14T12:34:31.471Z</time></trkpt><trkpt lat="41.39204" lon="2.20614333"><ele>-11.0</ele><time>2025-11-14T12:34:32.472Z</time></trkpt><trkpt lat="41.392045" lon="2.20615833"><ele>-11.0</ele><time>2025-11-14T12:34:33.472Z</time></trkpt><trkpt lat="41.39205333" lon="2.20617833"><ele>-11.0</ele><time>2025-11-14T12:34:34.471Z</time></trkpt><trkpt lat="41.39206" lon="2.20618667"><ele>-12.0</ele><time>2025-11-14T12:34:35.472Z</time></trkpt><trkpt lat="41.39207833" lon="2.20620333"><ele>-12.0</ele><time>2025-11-14T12:34:36.471Z</time></trkpt><trkpt lat="41.39208167" lon="2.206215"><ele>-10.0</ele><time>2025-11-14T12:34:37.472Z</time></trkpt><trkpt lat="41.39205167" lon="2.20622833"><ele>-10.0</ele><time>2025-11-14T12:34:38.471Z</time></trkpt><trkpt lat="41.39203667" lon="2.20625167"><ele>-10.0</ele><time>2025-11-14T12:34:39.471Z</time></trkpt><trkpt lat="41.39202833" lon="2.20626833"><ele>-10.0</ele><time>2025-11-14T12:34:40.471Z</time></trkpt><trkpt lat="41.39201333" lon="2.20629"><ele>-10.0</ele><time>2025-11-14T12:34:41.472Z</time></trkpt><trkpt lat="41.39200667" lon="2.2063"><ele>-11.0</ele><time>2025-11-14T12:34:42.472Z</time></trkpt><trkpt lat="41.39199833" lon="2.20631833"><ele>-9.0</ele><time>2025-11-14T12:34:43.471Z</time></trkpt><trkpt lat="41.39200333" lon="2.20630167"><ele>-7.0</ele><time>2025-11-14T12:34:44.472Z</time></trkpt><trkpt lat="41.39200167" lon="2.20631667"><ele>-6.0</ele><time>2025-11-14T12:34:45.471Z</time></trkpt><trkpt lat="41.39201833" lon="2.206285"><ele>-5.0</ele><time>2025-11-14T12:34:46.472Z</time></trkpt><trkpt lat="41.39204333" lon="2.20630333"><ele>-4.0</ele><time>2025-11-14T12:34:47.471Z</time></trkpt><trkpt lat="41.39204833" lon="2.20631333"><ele>-3.0</ele><time>2025-11-14T12:34:48.471Z</time></trkpt><trkpt lat="41.39205333" lon="2.20632"><ele>-2.0</ele><time>2025-11-14T12:34:49.472Z</time></trkpt><trkpt lat="41.39206833" lon="2.20633667"><ele>-1.0</ele><time>2025-11-14T12:34:50.472Z</time></trkpt><trkpt lat="41.39207167" lon="2.206345"><ele>-1.0</ele><time>2025-11-14T12:34:51.472Z</time></trkpt><trkpt lat="41.39207" lon="2.20637667"><ele>-2.0</ele><time>2025-11-14T12:34:52.471Z</time></trkpt><trkpt lat="41.39207" lon="2.20639"><ele>-2.0</ele><time>2025-11-14T12:34:53.471Z</time></trkpt><trkpt lat="41.39207333" lon="2.20640333"><ele>-3.0</ele><time>2025-11-14T12:34:54.471Z</time></trkpt><trkpt lat="41.392075" lon="2.20641833"><ele>-4.0</ele><time>2025-11-14T12:34:55.471Z</time></trkpt><trkpt lat="41.39206833" lon="2.20642667"><ele>-5.0</ele><time>2025-11-14T12:34:56.471Z</time></trkpt><trkpt lat="41.39207667" lon="2.20645"><ele>-6.0</ele><time>2025-11-14T12:34:57.472Z</time></trkpt><trkpt lat="41.39209" lon="2.20644667"><ele>-7.0</ele><time>2025-11-14T12:34:58.471Z</time></trkpt><trkpt lat="41.39209333" lon="2.20646167"><ele>-8.0</ele><time>2025-11-14T12:34:59.472Z</time></trkpt><trkpt lat="41.39209167" lon="2.20647667"><ele>-9.0</ele><time>2025-11-14T12:35:00.472Z</time></trkpt><trkpt lat="41.39209333" lon="2.206495"><ele>-11.0</ele><time>2025-11-14T12:35:01.472Z</time></trkpt><trkpt lat="41.39210667" lon="2.20655667"><ele>-10.0</ele><time>2025-11-14T12:35:06.472Z</time></trkpt><trkpt lat="41.39214333" lon="2.20653667"><ele>-12.0</ele><time>2025-11-14T12:35:07.471Z</time></trkpt><trkpt lat="41.392155" lon="2.20651167"><ele>-11.0</ele><time>2025-11-14T12:35:08.472Z</time></trkpt><trkpt lat="41.39219333" lon="2.20654167"><ele>-11.0</ele><time>2025-11-14T12:35:21.472Z</time></trkpt><trkpt lat="41.39223167" lon="2.20651"><ele>-11.0</ele><time>2025-11-14T12:35:22.472Z</time></trkpt><trkpt lat="41.392205" lon="2.20649333"><ele>-11.0</ele><time>2025-11-14T12:35:23.471Z</time></trkpt><trkpt lat="41.39227333" lon="2.20625167"><ele>-11.0</ele><time>2025-11-14T12:36:09.471Z</time></trkpt><trkpt lat="41.39227667" lon="2.20620333"><ele>-11.0</ele><time>2025-11-14T12:36:10.472Z</time></trkpt><trkpt lat="41.39229667" lon="2.20615667"><ele>-11.0</ele><time>2025-11-14T12:36:11.472Z</time></trkpt><trkpt lat="41.39231" lon="2.20612667"><ele>-10.0</ele><time>2025-11-14T12:36:12.471Z</time></trkpt><trkpt lat="41.39235667" lon="2.20603"><ele>-13.0</ele><time>2025-11-14T12:36:13.472Z</time></trkpt><trkpt lat="41.39236" lon="2.20601"><ele>-17.0</ele><time>2025-11-14T12:36:14.471Z</time></trkpt><trkpt lat="41.39238333" lon="2.20595333"><ele>-19.0</ele><time>2025-11-14T12:36:15.471Z</time></trkpt><trkpt lat="41.39221833" lon="2.20606"><ele>-17.0</ele><time>2025-11-14T12:38:16.471Z</time></trkpt><trkpt lat="41.39223667" lon="2.20602667"><ele>-17.0</ele><time>2025-11-14T12:38:17.472Z</time></trkpt><trkpt lat="41.39218333" lon="2.206075"><ele>-16.0</ele><time>2025-11-14T12:38:18.471Z</time></trkpt><trkpt lat="41.39233167" lon="2.206035"><ele>-16.0</ele><time>2025-11-14T12:38:19.471Z</time></trkpt><trkpt lat="41.39234167" lon="2.20600333"><ele>-16.0</ele><time>2025-11-14T12:38:20.472Z</time></trkpt><trkpt lat="41.39233667" lon="2.20599667"><ele>-15.0</ele><time>2025-11-14T12:38:21.471Z</time></trkpt><trkpt lat="41.39231333" lon="2.20600667"><ele>-15.0</ele><time>2025-11-14T12:38:22.472Z</time></trkpt><trkpt lat="41.39233" lon="2.20599"><ele>-15.0</ele><time>2025-11-14T12:38:23.471Z</time></trkpt><trkpt lat="41.39222167" lon="2.20575167"><ele>-14.0</ele><time>2025-11-14T12:39:06.471Z</time></trkpt><trkpt lat="41.39222833" lon="2.20577667"><ele>-14.0</ele><time>2025-11-14T12:39:07.472Z</time></trkpt><trkpt lat="41.39218167" lon="2.20579833"><ele>-13.0</ele><time>2025-11-14T12:39:12.472Z</time></trkpt><trkpt lat="41.39216333" lon="2.205825"><ele>-13.0</ele><time>2025-11-14T12:39:13.471Z</time></trkpt><trkpt lat="41.392135" lon="2.20584833"><ele>-13.0</ele><time>2025-11-14T12:39:14.471Z</time></trkpt><trkpt lat="41.39212" lon="2.20586833"><ele>-13.0</ele><time>2025-11-14T12:39:15.472Z</time></trkpt><trkpt lat="41.392105" lon="2.20587833"><ele>-12.0</ele><time>2025-11-14T12:39:16.472Z</time></trkpt><trkpt lat="41.39208833" lon="2.205895"><ele>-12.0</ele><time>2025-11-14T12:39:17.471Z</time></trkpt><trkpt lat="41.39207333" lon="2.20592"><ele>-12.0</ele><time>2025-11-14T12:39:18.471Z</time></trkpt><trkpt lat="41.39206" lon="2.205945"><ele>-12.0</ele><time>2025-11-14T12:39:19.472Z</time></trkpt><trkpt lat="41.39204833" lon="2.20597"><ele>-12.0</ele><time>2025-11-14T12:39:20.471Z</time></trkpt><trkpt lat="41.392065" lon="2.20595"><ele>-12.0</ele><time>2025-11-14T12:39:21.471Z</time></trkpt><trkpt lat="41.39205833" lon="2.20596"><ele>-11.0</ele><time>2025-11-14T12:39:22.471Z</time></trkpt><trkpt lat="41.39205" lon="2.20597333"><ele>-11.0</ele><time>2025-11-14T12:39:23.472Z</time></trkpt><trkpt lat="41.392035" lon="2.20598833"><ele>-13.0</ele><time>2025-11-14T12:39:24.472Z</time></trkpt><trkpt lat="41.39203" lon="2.205985"><ele>-14.0</ele><time>2025-11-14T12:39:25.472Z</time></trkpt><trkpt lat="41.39202" lon="2.20597667"><ele>-16.0</ele><time>2025-11-14T12:39:26.472Z</time></trkpt><trkpt lat="41.39200667" lon="2.205985"><ele>-15.0</ele><time>2025-11-14T12:39:27.472Z</time></trkpt><trkpt lat="41.39193333" lon="2.206415"><ele>-15.0</ele><time>2025-11-14T12:40:18.472Z</time></trkpt><trkpt lat="41.39192667" lon="2.20643167"><ele>-15.0</ele><time>2025-11-14T12:40:19.471Z</time></trkpt><trkpt lat="41.39193833" lon="2.20640667"><ele>-16.0</ele><time>2025-11-14T12:40:20.472Z</time></trkpt><trkpt lat="41.39192833" lon="2.20643167"><ele>-19.0</ele><time>2025-11-14T12:40:21.471Z</time></trkpt><trkpt lat="41.391925" lon="2.20645667"><ele>-19.0</ele><time>2025-11-14T12:40:22.471Z</time></trkpt><trkpt lat="41.39191833" lon="2.20647"><ele>-19.0</ele><time>2025-11-14T12:40:23.471Z</time></trkpt><trkpt lat="41.39191833" lon="2.20648833"><ele>-20.0</ele><time>2025-11-14T12:40:24.471Z</time></trkpt><trkpt lat="41.39191333" lon="2.20649667"><ele>-20.0</ele><time>2025-11-14T12:40:25.471Z</time></trkpt><trkpt lat="41.39190833" lon="2.20651167"><ele>-20.0</ele><time>2025-11-14T12:40:26.471Z</time></trkpt><trkpt lat="41.391905" lon="2.20651333"><ele>-18.0</ele><time>2025-11-14T12:40:27.471Z</time></trkpt><trkpt lat="41.39188833" lon="2.20652333"><ele>-17.0</ele><time>2025-11-14T12:40:28.471Z</time></trkpt><trkpt lat="41.39188667" lon="2.20651"><ele>-17.0</ele><time>2025-11-14T12:40:29.472Z</time></trkpt><trkpt lat="41.39187333" lon="2.20651667"><ele>-16.0</ele><time>2025-11-14T12:40:30.472Z</time></trkpt><trkpt lat="41.39186667" lon="2.206515"><ele>-15.0</ele><time>2025-11-14T12:40:31.471Z</time></trkpt><trkpt lat="41.39193333" lon="2.20648833"><ele>-15.0</ele><time>2025-11-14T12:40:32.472Z</time></trkpt><trkpt lat="41.39197" lon="2.20648833"><ele>-16.0</ele><time>2025-11-14T12:40:33.471Z</time></trkpt><trkpt lat="41.39197833" lon="2.20651"><ele>-15.0</ele><time>2025-11-14T12:40:34.471Z</time></trkpt><trkpt lat="41.392" lon="2.20652167"><ele>-13.0</ele><time>2025-11-14T12:40:35.471Z</time></trkpt><trkpt lat="41.391985" lon="2.20653167"><ele>-12.0</ele><time>2025-11-14T12:40:36.471Z</time></trkpt><trkpt lat="41.39199" lon="2.206545"><ele>-10.0</ele><time>2025-11-14T12:40:37.472Z</time></trkpt><trkpt lat="41.39197333" lon="2.20655333"><ele>-10.0</ele><time>2025-11-14T12:40:38.471Z</time></trkpt><trkpt lat="41.39197667" lon="2.20655167"><ele>-9.0</ele><time>2025-11-14T12:40:39.472Z</time></trkpt><trkpt lat="41.39199" lon="2.20654833"><ele>-10.0</ele><time>2025-11-14T12:40:40.472Z</time></trkpt><trkpt lat="41.39199667" lon="2.20654833"><ele>-8.0</ele><time>2025-11-14T12:40:41.471Z</time></trkpt><trkpt lat="41.392" lon="2.20655333"><ele>-7.0</ele><time>2025-11-14T12:40:42.471Z</time></trkpt><trkpt lat="41.39199833" lon="2.20657"><ele>-8.0</ele><time>2025-11-14T12:40:43.471Z</time></trkpt><trkpt lat="41.392" lon="2.206575"><ele>-6.0</ele><time>2025-11-14T12:40:44.472Z</time></trkpt><trkpt lat="41.392" lon="2.20659333"><ele>-7.0</ele><time>2025-11-14T12:40:45.472Z</time></trkpt><trkpt lat="41.39197667" lon="2.20660667"><ele>-5.0</ele><time>2025-11-14T12:40:46.472Z</time></trkpt><trkpt lat="41.39196" lon="2.20661333"><ele>-4.0</ele><time>2025-11-14T12:40:47.472Z</time></trkpt><trkpt lat="41.391955" lon="2.20662167"><ele>-4.0</ele><time>2025-11-14T12:40:48.471Z</time></trkpt><trkpt lat="41.39194833" lon="2.20662833"><ele>-3.0</ele><time>2025-11-14T12:40:49.472Z</time></trkpt><trkpt lat="41.391935" lon="2.20666"><ele>-3.0</ele><time>2025-11-14T12:40:50.472Z</time></trkpt><trkpt lat="41.39192833" lon="2.20666833"><ele>-2.0</ele><time>2025-11-14T12:40:51.471Z</time></trkpt><trkpt lat="41.39191667" lon="2.206695"><ele>-2.0</ele><time>2025-11-14T12:40:52.471Z</time></trkpt><trkpt lat="41.39190167" lon="2.20672833"><ele>-2.0</ele><time>2025-11-14T12:40:54.471Z</time></trkpt><trkpt lat="41.39188" lon="2.20676"><ele>-3.0</ele><time>2025-11-14T12:40:55.472Z</time></trkpt><trkpt lat="41.39191833" lon="2.20669667"><ele>-1.0</ele><time>2025-11-14T12:40:56.472Z</time></trkpt><trkpt lat="41.39190833" lon="2.20672167"><ele>-1.0</ele><time>2025-11-14T12:40:57.471Z</time></trkpt><trkpt lat="41.39141333" lon="2.20744167"><ele>-1.0</ele><time>2025-11-14T12:40:58.472Z</time></trkpt><trkpt lat="41.39141833" lon="2.20744"><ele>-1.0</ele><time>2025-11-14T12:40:59.471Z</time></trkpt><trkpt lat="41.3915" lon="2.20733667"><ele>-2.0</ele><time>2025-11-14T12:41:00.471Z</time></trkpt><trkpt lat="41.39151167" lon="2.20733"><ele>0.0</ele><time>2025-11-14T12:41:01.472Z</time></trkpt><trkpt lat="41.39152167" lon="2.20732167"><ele>0.0</ele><time>2025-11-14T12:41:02.472Z</time></trkpt><trkpt lat="41.391545" lon="2.20730333"><ele>0.0</ele><time>2025-11-14T12:41:03.472Z</time></trkpt><trkpt lat="41.39163167" lon="2.20729667"><ele>0.0</ele><time>2025-11-14T12:41:11.471Z</time></trkpt><trkpt lat="41.39171" lon="2.207235"><ele>0.0</ele><time>2025-11-14T12:41:12.471Z</time></trkpt><trkpt lat="41.39171833" lon="2.20723333"><ele>0.0</ele><time>2025-11-14T12:41:13.472Z</time></trkpt><trkpt lat="41.39177667" lon="2.20712667"><ele>0.0</ele><time>2025-11-14T12:41:14.472Z</time></trkpt><trkpt lat="41.39182167" lon="2.20707167"><ele>0.0</ele><time>2025-11-14T12:41:15.472Z</time></trkpt><trkpt lat="41.39182667" lon="2.20708167"><ele>-1.0</ele><time>2025-11-14T12:41:16.472Z</time></trkpt><trkpt lat="41.39250333" lon="2.20688167"><ele>0.0</ele><time>2025-11-14T12:47:42.472Z</time></trkpt><trkpt lat="41.392525" lon="2.20693167"><ele>0.0</ele><time>2025-11-14T12:47:43.471Z</time></trkpt><trkpt lat="41.39244" lon="2.20687667"><ele>0.0</ele><time>2025-11-14T12:47:44.472Z</time></trkpt><trkpt lat="41.39242" lon="2.20686"><ele>-1.0</ele><time>2025-11-14T12:47:45.472Z</time></trkpt><trkpt lat="41.39242167" lon="2.20683"><ele>-2.0</ele><time>2025-11-14T12:47:46.471Z</time></trkpt><trkpt lat="41.39243167" lon="2.206815"><ele>-3.0</ele><time>2025-11-14T12:47:47.472Z</time></trkpt><trkpt lat="41.392435" lon="2.20679833"><ele>-5.0</ele><time>2025-11-14T12:47:48.471Z</time></trkpt><trkpt lat="41.39243667" lon="2.20676833"><ele>-6.0</ele><time>2025-11-14T12:47:50.472Z</time></trkpt><trkpt lat="41.39244333" lon="2.20675833"><ele>-8.0</ele><time>2025-11-14T12:47:51.471Z</time></trkpt><trkpt lat="41.39241833" lon="2.20677833"><ele>-7.0</ele><time>2025-11-14T12:47:52.472Z</time></trkpt><trkpt lat="41.39264" lon="2.20635667"><ele>-11.0</ele><time>2025-11-14T12:51:05.472Z</time></trkpt><trkpt lat="41.39265667" lon="2.20634667"><ele>-12.0</ele><time>2025-11-14T12:51:06.472Z</time></trkpt><trkpt lat="41.39265" lon="2.20647333"><ele>-13.0</ele><time>2025-11-14T12:51:08.472Z</time></trkpt><trkpt lat="41.39264167" lon="2.20651333"><ele>-13.0</ele><time>2025-11-14T12:51:10.472Z</time></trkpt><trkpt lat="41.39264667" lon="2.20657"><ele>-15.0</ele><time>2025-11-14T12:51:11.471Z</time></trkpt><trkpt lat="41.392645" lon="2.20661167"><ele>-17.0</ele><time>2025-11-14T12:51:12.471Z</time></trkpt><trkpt lat="41.392635" lon="2.206635"><ele>-16.0</ele><time>2025-11-14T12:51:13.472Z</time></trkpt><trkpt lat="41.392625" lon="2.20665333"><ele>-17.0</ele><time>2025-11-14T12:51:14.472Z</time></trkpt><trkpt lat="41.392605" lon="2.20667167"><ele>-17.0</ele><time>2025-11-14T12:51:15.471Z</time></trkpt><trkpt lat="41.39259167" lon="2.206685"><ele>-17.0</ele><time>2025-11-14T12:51:16.472Z</time></trkpt><trkpt lat="41.39257667" lon="2.2067"><ele>-17.0</ele><time>2025-11-14T12:51:17.472Z</time></trkpt><trkpt lat="41.39256167" lon="2.20671"><ele>-18.0</ele><time>2025-11-14T12:51:18.471Z</time></trkpt><trkpt lat="41.39254" lon="2.20673"><ele>-18.0</ele><time>2025-11-14T12:51:19.471Z</time></trkpt><trkpt lat="41.39252167" lon="2.206745"><ele>-18.0</ele><time>2025-11-14T12:51:20.471Z</time></trkpt><trkpt lat="41.39252333" lon="2.206745"><ele>-18.0</ele><time>2025-11-14T12:51:21.471Z</time></trkpt><trkpt lat="41.39251167" lon="2.20675333"><ele>-18.0</ele><time>2025-11-14T12:51:22.472Z</time></trkpt><trkpt lat="41.39250833" lon="2.20676167"><ele>-18.0</ele><time>2025-11-14T12:51:23.471Z</time></trkpt><trkpt lat="41.39249333" lon="2.20677333"><ele>-20.0</ele><time>2025-11-14T12:51:24.471Z</time></trkpt><trkpt lat="41.39249833" lon="2.20677333"><ele>-20.0</ele><time>2025-11-14T12:51:25.471Z</time></trkpt><trkpt lat="41.39249333" lon="2.20677333"><ele>-20.0</ele><time>2025-11-14T12:51:26.471Z</time></trkpt><trkpt lat="41.39251667" lon="2.20676167"><ele>-20.0</ele><time>2025-11-14T12:51:27.471Z</time></trkpt><trkpt lat="41.39251667" lon="2.20676167"><ele>-18.0</ele><time>2025-11-14T12:51:28.471Z</time></trkpt><trkpt lat="41.392535" lon="2.20676667"><ele>-18.0</ele><time>2025-11-14T12:51:29.471Z</time></trkpt><trkpt lat="41.392535" lon="2.206775"><ele>-18.0</ele><time>2025-11-14T12:51:30.472Z</time></trkpt><trkpt lat="41.39264" lon="2.20683667"><ele>-18.0</ele><time>2025-11-14T12:51:45.471Z</time></trkpt><trkpt lat="41.39262667" lon="2.20684333"><ele>-18.0</ele><time>2025-11-14T12:51:46.472Z</time></trkpt><trkpt lat="41.392635" lon="2.20681167"><ele>-17.0</ele><time>2025-11-14T12:51:47.472Z</time></trkpt><trkpt lat="41.392625" lon="2.2068"><ele>-17.0</ele><time>2025-11-14T12:51:48.472Z</time></trkpt><trkpt lat="41.39262667" lon="2.20677667"><ele>-16.0</ele><time>2025-11-14T12:51:49.471Z</time></trkpt><trkpt lat="41.39263167" lon="2.206755"><ele>-16.0</ele><time>2025-11-14T12:51:50.471Z</time></trkpt><trkpt lat="41.39263667" lon="2.206735"><ele>-16.0</ele><time>2025-11-14T12:51:51.471Z</time></trkpt><trkpt lat="41.39264167" lon="2.206715"><ele>-17.0</ele><time>2025-11-14T12:51:52.471Z</time></trkpt><trkpt lat="41.39264667" lon="2.20668833"><ele>-15.0</ele><time>2025-11-14T12:51:53.471Z</time></trkpt><trkpt lat="41.39265167" lon="2.20666167"><ele>-15.0</ele><time>2025-11-14T12:51:54.472Z</time></trkpt><trkpt lat="41.39265333" lon="2.20664667"><ele>-15.0</ele><time>2025-11-14T12:51:55.471Z</time></trkpt><trkpt lat="41.39264833" lon="2.20645"><ele>-15.0</ele><time>2025-11-14T12:52:07.472Z</time></trkpt><trkpt lat="41.39258667" lon="2.20674167"><ele>-16.0</ele><time>2025-11-14T12:52:28.472Z</time></trkpt><trkpt lat="41.39257833" lon="2.20675833"><ele>-19.0</ele><time>2025-11-14T12:52:29.471Z</time></trkpt><trkpt lat="41.39286667" lon="2.20683833"><ele>-18.0</ele><time>2025-11-14T12:53:00.471Z</time></trkpt><trkpt lat="41.392795" lon="2.20690667"><ele>-18.0</ele><time>2025-11-14T12:53:01.471Z</time></trkpt><trkpt lat="41.39272667" lon="2.20700833"><ele>-18.0</ele><time>2025-11-14T12:53:02.471Z</time></trkpt><trkpt lat="41.39272333" lon="2.20701"><ele>-18.0</ele><time>2025-11-14T12:53:03.471Z</time></trkpt><trkpt lat="41.39276333" lon="2.206905"><ele>-18.0</ele><time>2025-11-14T12:53:04.471Z</time></trkpt><trkpt lat="41.39276833" lon="2.20689"><ele>-18.0</ele><time>2025-11-14T12:53:05.472Z</time></trkpt><trkpt lat="41.39277833" lon="2.20687833"><ele>-19.0</ele><time>2025-11-14T12:53:06.471Z</time></trkpt><trkpt lat="41.39253167" lon="2.20684"><ele>-19.0</ele><time>2025-11-14T12:54:05.471Z</time></trkpt><trkpt lat="41.39253167" lon="2.20680333"><ele>-19.0</ele><time>2025-11-14T12:54:06.471Z</time></trkpt><trkpt lat="41.39256" lon="2.20681833"><ele>-20.0</ele><time>2025-11-14T12:54:07.472Z</time></trkpt><trkpt lat="41.39257" lon="2.20679167"><ele>-21.0</ele><time>2025-11-14T12:54:08.472Z</time></trkpt><trkpt lat="41.39257333" lon="2.20675167"><ele>-21.0</ele><time>2025-11-14T12:54:09.472Z</time></trkpt><trkpt lat="41.39256667" lon="2.20673333"><ele>-22.0</ele><time>2025-11-14T12:54:10.472Z</time></trkpt><trkpt lat="41.39256833" lon="2.206715"><ele>-22.0</ele><time>2025-11-14T12:54:11.472Z</time></trkpt><trkpt lat="41.39256833" lon="2.20669667"><ele>-24.0</ele><time>2025-11-14T12:54:12.472Z</time></trkpt><trkpt lat="41.39257167" lon="2.20665667"><ele>-23.0</ele><time>2025-11-14T12:54:14.471Z</time></trkpt><trkpt lat="41.39257833" lon="2.20666833"><ele>-23.0</ele><time>2025-11-14T12:54:15.472Z</time></trkpt><trkpt lat="41.39257333" lon="2.20666167"><ele>-23.0</ele><time>2025-11-14T12:54:16.471Z</time></trkpt><trkpt lat="41.392585" lon="2.20674833"><ele>-25.0</ele><time>2025-11-14T12:54:18.471Z</time></trkpt><trkpt lat="41.39262" lon="2.20676667"><ele>-24.0</ele><time>2025-11-14T12:54:20.472Z</time></trkpt><trkpt lat="41.39263333" lon="2.206775"><ele>-24.0</ele><time>2025-11-14T12:54:21.472Z</time></trkpt><trkpt lat="41.39263167" lon="2.206705"><ele>-24.0</ele><time>2025-11-14T12:54:22.472Z</time></trkpt><trkpt lat="41.39263" lon="2.20669833"><ele>-24.0</ele><time>2025-11-14T12:54:23.472Z</time></trkpt><trkpt lat="41.39262667" lon="2.20666167"><ele>-24.0</ele><time>2025-11-14T12:54:24.472Z</time></trkpt><trkpt lat="41.39262333" lon="2.20664333"><ele>-24.0</ele><time>2025-11-14T12:54:25.471Z</time></trkpt><trkpt lat="41.392615" lon="2.20664"><ele>-24.0</ele><time>2025-11-14T12:54:26.471Z</time></trkpt><trkpt lat="41.39261" lon="2.20663333"><ele>-24.0</ele><time>2025-11-14T12:54:27.472Z</time></trkpt><trkpt lat="41.39259833" lon="2.20662"><ele>-23.0</ele><time>2025-11-14T12:54:28.471Z</time></trkpt><trkpt lat="41.39258833" lon="2.20661"><ele>-23.0</ele><time>2025-11-14T12:54:29.471Z</time></trkpt><trkpt lat="41.39258333" lon="2.20658333"><ele>-23.0</ele><time>2025-11-14T12:54:30.472Z</time></trkpt><trkpt lat="41.39258" lon="2.206565"><ele>-23.0</ele><time>2025-11-14T12:54:31.471Z</time></trkpt><trkpt lat="41.39257833" lon="2.20655833"><ele>-23.0</ele><time>2025-11-14T12:54:32.472Z</time></trkpt><trkpt lat="41.39257667" lon="2.20654833"><ele>-23.0</ele><time>2025-11-14T12:54:33.471Z</time></trkpt><trkpt lat="41.39257833" lon="2.20654"><ele>-23.0</ele><time>2025-11-14T12:54:34.471Z</time></trkpt><trkpt lat="41.39258" lon="2.20653667"><ele>-24.0</ele><time>2025-11-14T12:54:35.471Z</time></trkpt><trkpt lat="41.39257167" lon="2.20653333"><ele>-22.0</ele><time>2025-11-14T12:54:36.471Z</time></trkpt><trkpt lat="41.392565" lon="2.20652833"><ele>-22.0</ele><time>2025-11-14T12:54:37.471Z</time></trkpt><trkpt lat="41.39256" lon="2.20651833"><ele>-22.0</ele><time>2025-11-14T12:54:38.471Z</time></trkpt><trkpt lat="41.39255833" lon="2.20650167"><ele>-22.0</ele><time>2025-11-14T12:54:39.471Z</time></trkpt><trkpt lat="41.39255" lon="2.20647333"><ele>-22.0</ele><time>2025-11-14T12:54:40.471Z</time></trkpt><trkpt lat="41.392545" lon="2.20645333"><ele>-22.0</ele><time>2025-11-14T12:54:41.472Z</time></trkpt><trkpt lat="41.39253333" lon="2.20644"><ele>-21.0</ele><time>2025-11-14T12:54:42.472Z</time></trkpt><trkpt lat="41.39252333" lon="2.206435"><ele>-21.0</ele><time>2025-11-14T12:54:43.471Z</time></trkpt><trkpt lat="41.39251333" lon="2.20642333"><ele>-22.0</ele><time>2025-11-14T12:54:44.471Z</time></trkpt><trkpt lat="41.39250333" lon="2.20641833"><ele>-20.0</ele><time>2025-11-14T12:54:45.471Z</time></trkpt><trkpt lat="41.39248" lon="2.20643167"><ele>-20.0</ele><time>2025-11-14T12:54:46.472Z</time></trkpt><trkpt lat="41.39247" lon="2.20643"><ele>-20.0</ele><time>2025-11-14T12:54:47.471Z</time></trkpt><trkpt lat="41.39246167" lon="2.20643833"><ele>-19.0</ele><time>2025-11-14T12:54:48.471Z</time></trkpt><trkpt lat="41.39245167" lon="2.20643667"><ele>-19.0</ele><time>2025-11-14T12:54:49.471Z</time></trkpt><trkpt lat="41.39247" lon="2.20644333"><ele>-19.0</ele><time>2025-11-14T12:54:50.471Z</time></trkpt><trkpt lat="41.39246833" lon="2.20644333"><ele>-19.0</ele><time>2025-11-14T12:54:51.472Z</time></trkpt><trkpt lat="41.39246167" lon="2.20646667"><ele>-19.0</ele><time>2025-11-14T12:54:52.471Z</time></trkpt><trkpt lat="41.39244667" lon="2.20647"><ele>-20.0</ele><time>2025-11-14T12:54:53.471Z</time></trkpt><trkpt lat="41.39243833" lon="2.20647333"><ele>-18.0</ele><time>2025-11-14T12:54:54.471Z</time></trkpt><trkpt lat="41.39243" lon="2.206485"><ele>-18.0</ele><time>2025-11-14T12:54:55.471Z</time></trkpt><trkpt lat="41.39242" lon="2.20649"><ele>-18.0</ele><time>2025-11-14T12:54:56.471Z</time></trkpt><trkpt lat="41.39241167" lon="2.20648833"><ele>-18.0</ele><time>2025-11-14T12:54:57.471Z</time></trkpt><trkpt lat="41.39240167" lon="2.20648667"><ele>-18.0</ele><time>2025-11-14T12:54:58.471Z</time></trkpt><trkpt lat="41.39239667" lon="2.20648667"><ele>-18.0</ele><time>2025-11-14T12:54:59.471Z</time></trkpt><trkpt lat="41.39239167" lon="2.206485"><ele>-19.0</ele><time>2025-11-14T12:55:00.472Z</time></trkpt><trkpt lat="41.39237333" lon="2.2065"><ele>-19.0</ele><time>2025-11-14T12:55:01.471Z</time></trkpt><trkpt lat="41.39236333" lon="2.206505"><ele>-19.0</ele><time>2025-11-14T12:55:02.471Z</time></trkpt><trkpt lat="41.39234667" lon="2.20653"><ele>-19.0</ele><time>2025-11-14T12:55:03.471Z</time></trkpt><trkpt lat="41.39233667" lon="2.20653833"><ele>-20.0</ele><time>2025-11-14T12:55:04.471Z</time></trkpt><trkpt lat="41.39233" lon="2.20654333"><ele>-20.0</ele><time>2025-11-14T12:55:05.471Z</time></trkpt><trkpt lat="41.392335" lon="2.20655667"><ele>-20.0</ele><time>2025-11-14T12:55:06.471Z</time></trkpt><trkpt lat="41.39232833" lon="2.20656167"><ele>-20.0</ele><time>2025-11-14T12:55:07.471Z</time></trkpt><trkpt lat="41.39232667" lon="2.20655167"><ele>-20.0</ele><time>2025-11-14T12:55:08.471Z</time></trkpt><trkpt lat="41.39232667" lon="2.20654667"><ele>-20.0</ele><time>2025-11-14T12:55:09.471Z</time></trkpt><trkpt lat="41.39233" lon="2.20654333"><ele>-20.0</ele><time>2025-11-14T12:55:10.471Z</time></trkpt><trkpt lat="41.39232833" lon="2.20654333"><ele>-19.0</ele><time>2025-11-14T12:55:11.472Z</time></trkpt><trkpt lat="41.39232667" lon="2.20653833"><ele>-19.0</ele><time>2025-11-14T12:55:12.472Z</time></trkpt><trkpt lat="41.39232833" lon="2.206535"><ele>-19.0</ele><time>2025-11-14T12:55:13.472Z</time></trkpt><trkpt lat="41.39232833" lon="2.20653167"><ele>-19.0</ele><time>2025-11-14T12:55:14.472Z</time></trkpt><trkpt lat="41.39233" lon="2.20652667"><ele>-19.0</ele><time>2025-11-14T12:55:15.472Z</time></trkpt><trkpt lat="41.39232833" lon="2.20652333"><ele>-19.0</ele><time>2025-11-14T12:55:16.472Z</time></trkpt><trkpt lat="41.39234333" lon="2.20651333"><ele>-19.0</ele><time>2025-11-14T12:55:17.471Z</time></trkpt><trkpt lat="41.392345" lon="2.20650667"><ele>-19.0</ele><time>2025-11-14T12:55:18.471Z</time></trkpt><trkpt lat="41.39234833" lon="2.20649833"><ele>-19.0</ele><time>2025-11-14T12:55:19.471Z</time></trkpt><trkpt lat="41.39235" lon="2.20649"><ele>-20.0</ele><time>2025-11-14T12:55:20.471Z</time></trkpt><trkpt lat="41.39235667" lon="2.20634"><ele>-18.0</ele><time>2025-11-14T12:55:30.471Z</time></trkpt><trkpt lat="41.39237" lon="2.206405"><ele>-18.0</ele><time>2025-11-14T12:55:31.471Z</time></trkpt><trkpt lat="41.39236667" lon="2.20640833"><ele>-18.0</ele><time>2025-11-14T12:55:32.471Z</time></trkpt><trkpt lat="41.39236" lon="2.20642833"><ele>-18.0</ele><time>2025-11-14T12:55:33.471Z</time></trkpt><trkpt lat="41.39236333" lon="2.20645"><ele>-17.0</ele><time>2025-11-14T12:55:34.471Z</time></trkpt><trkpt lat="41.39235" lon="2.20644"><ele>-17.0</ele><time>2025-11-14T12:55:35.472Z</time></trkpt><trkpt lat="41.39234667" lon="2.20644"><ele>-16.0</ele><time>2025-11-14T12:55:36.471Z</time></trkpt><trkpt lat="41.39232833" lon="2.20643333"><ele>-16.0</ele><time>2025-11-14T12:55:37.472Z</time></trkpt><trkpt lat="41.39230833" lon="2.206425"><ele>-14.0</ele><time>2025-11-14T12:55:38.471Z</time></trkpt><trkpt lat="41.39229167" lon="2.20642167"><ele>-13.0</ele><time>2025-11-14T12:55:39.471Z</time></trkpt><trkpt lat="41.39228333" lon="2.20643"><ele>-12.0</ele><time>2025-11-14T12:55:40.471Z</time></trkpt><trkpt lat="41.39227833" lon="2.20643667"><ele>-12.0</ele><time>2025-11-14T12:55:41.472Z</time></trkpt><trkpt lat="41.39229333" lon="2.206445"><ele>-10.0</ele><time>2025-11-14T12:55:42.471Z</time></trkpt><trkpt lat="41.39229667" lon="2.206445"><ele>-9.0</ele><time>2025-11-14T12:55:43.471Z</time></trkpt><trkpt lat="41.39229667" lon="2.20645"><ele>-8.0</ele><time>2025-11-14T12:55:44.471Z</time></trkpt><trkpt lat="41.39228667" lon="2.20645667"><ele>-8.0</ele><time>2025-11-14T12:55:45.471Z</time></trkpt><trkpt lat="41.39227667" lon="2.20645667"><ele>-7.0</ele><time>2025-11-14T12:55:46.471Z</time></trkpt><trkpt lat="41.39227333" lon="2.20645667"><ele>-7.0</ele><time>2025-11-14T12:55:47.471Z</time></trkpt><trkpt lat="41.39226167" lon="2.20645833"><ele>-6.0</ele><time>2025-11-14T12:55:48.471Z</time></trkpt><trkpt lat="41.39225333" lon="2.20646167"><ele>-6.0</ele><time>2025-11-14T12:55:49.471Z</time></trkpt><trkpt lat="41.39224833" lon="2.206465"><ele>-6.0</ele><time>2025-11-14T12:55:50.472Z</time></trkpt><trkpt lat="41.39229167" lon="2.20655833"><ele>-7.0</ele><time>2025-11-14T12:55:54.471Z</time></trkpt><trkpt lat="41.392285" lon="2.206565"><ele>-5.0</ele><time>2025-11-14T12:55:55.472Z</time></trkpt><trkpt lat="41.39229167" lon="2.20657"><ele>-5.0</ele><time>2025-11-14T12:55:56.472Z</time></trkpt><trkpt lat="41.392285" lon="2.20657667"><ele>-5.0</ele><time>2025-11-14T12:55:57.471Z</time></trkpt><trkpt lat="41.39227333" lon="2.206585"><ele>-5.0</ele><time>2025-11-14T12:55:58.471Z</time></trkpt><trkpt lat="41.39226167" lon="2.20659167"><ele>-6.0</ele><time>2025-11-14T12:55:59.471Z</time></trkpt><trkpt lat="41.392255" lon="2.20660833"><ele>-4.0</ele><time>2025-11-14T12:56:01.472Z</time></trkpt><trkpt lat="41.39225167" lon="2.20660667"><ele>-4.0</ele><time>2025-11-14T12:56:02.472Z</time></trkpt><trkpt lat="41.39222" lon="2.20665"><ele>-4.0</ele><time>2025-11-14T12:56:08.471Z</time></trkpt><trkpt lat="41.39227667" lon="2.20635333"><ele>-4.0</ele><time>2025-11-14T12:56:14.472Z</time></trkpt><trkpt lat="41.392345" lon="2.20636833"><ele>-4.0</ele><time>2025-11-14T12:56:15.472Z</time></trkpt><trkpt lat="41.39216667" lon="2.20618667"><ele>-4.0</ele><time>2025-11-14T12:56:19.471Z</time></trkpt><trkpt lat="41.392165" lon="2.20618333"><ele>-4.0</ele><time>2025-11-14T12:56:20.472Z</time></trkpt><trkpt lat="41.39216667" lon="2.20615833"><ele>-4.0</ele><time>2025-11-14T12:56:21.471Z</time></trkpt><trkpt lat="41.392205" lon="2.20612167"><ele>-6.0</ele><time>2025-11-14T12:56:22.472Z</time></trkpt><trkpt lat="41.39228667" lon="2.20612833"><ele>-5.0</ele><time>2025-11-14T12:56:23.471Z</time></trkpt><trkpt lat="41.39235" lon="2.20609667"><ele>-5.0</ele><time>2025-11-14T12:56:24.472Z</time></trkpt><trkpt lat="41.39238833" lon="2.20604667"><ele>-5.0</ele><time>2025-11-14T12:56:25.472Z</time></trkpt><trkpt lat="41.39241333" lon="2.20600333"><ele>-6.0</ele><time>2025-11-14T12:56:26.471Z</time></trkpt><trkpt lat="41.39244667" lon="2.205965"><ele>-4.0</ele><time>2025-11-14T12:56:27.471Z</time></trkpt><trkpt lat="41.392585" lon="2.20587167"><ele>-6.0</ele><time>2025-11-14T12:56:32.471Z</time></trkpt><trkpt lat="41.39259167" lon="2.20586333"><ele>-6.0</ele><time>2025-11-14T12:56:33.472Z</time></trkpt><trkpt lat="41.39260167" lon="2.20585833"><ele>-4.0</ele><time>2025-11-14T12:56:34.471Z</time></trkpt><trkpt lat="41.39261167" lon="2.20586"><ele>-4.0</ele><time>2025-11-14T12:56:35.471Z</time></trkpt><trkpt lat="41.39262167" lon="2.20586"><ele>-4.0</ele><time>2025-11-14T12:56:36.471Z</time></trkpt><trkpt lat="41.392635" lon="2.20586167"><ele>-4.0</ele><time>2025-11-14T12:56:37.471Z</time></trkpt><trkpt lat="41.39265167" lon="2.20586667"><ele>-5.0</ele><time>2025-11-14T12:56:38.472Z</time></trkpt></trkseg></trk></gpx>
